# 3ds Max Wavefront OBJ Exporter v0.97b - (c)2007 guruware
# File Created: 06.09.2017 21:30:36

mtllib Tamborine.mtl

#
# object Cylinder030
#

v  -129023.4844 495098.0000 60973.7500
v  -138339.9063 500891.4688 45770.7617
v  -138698.7344 498030.8438 45185.1875
v  -138819.3438 495098.0000 44988.3828
v  -136948.5000 506117.8438 48041.3203
v  -137751.6563 503609.4375 46730.6836
v  -134781.3438 510265.5000 51577.7891
v  -135950.2031 508354.9063 49670.3906
v  -132050.5625 512928.5000 56034.0039
v  -133470.7031 511802.6563 53716.5469
v  -129023.4766 513846.0938 60973.7539
v  -130555.8906 513615.2500 58473.0938
v  -125996.3906 512928.5000 65913.5078
v  -127491.0703 513615.2500 63474.4180
v  -123265.6172 510265.5313 70369.7188
v  -124576.2500 511802.6563 68230.9609
v  -121098.4609 506117.8438 73906.1875
v  -122096.7578 508354.9063 72277.1172
v  -119707.0625 500891.4688 76176.7422
v  -120295.3047 503609.4375 75216.8203
v  -119227.6250 495098.0000 76959.1172
v  -119348.2266 498030.8438 76762.3125
v  -119707.0703 489304.5000 76176.7344
v  -119348.2266 492165.1563 76762.3047
v  -121098.4766 484078.1250 73906.1719
v  -120295.3125 486586.5313 75216.8047
v  -123265.6328 479930.4688 70369.6953
v  -122096.7734 481841.0938 72277.0938
v  -125996.4141 477267.5000 65913.4766
v  -124576.2734 478393.3125 68230.9375
v  -129023.5000 476349.9063 60973.7227
v  -127491.0938 476580.7188 63474.3867
v  -132050.5938 477267.5313 56033.9727
v  -130555.9141 476580.7500 58473.0625
v  -134781.3594 479930.5000 51577.7617
v  -133470.7344 478393.3438 53716.5195
v  -136948.5156 484078.1875 48041.2969
v  -135950.2188 481841.1250 49670.3672
v  -138339.9063 489304.5625 45770.7500
v  -137751.6719 486586.5625 46730.6680
v  -138698.7500 492165.1875 45185.1836
v  -132726.7656 498030.8438 41525.5586
v  -132847.3750 495098.0000 41328.7500
v  -132367.9375 500891.4688 42111.1328
v  -131779.6875 503609.4375 43071.0547
v  -130976.5313 506117.8438 44381.6875
v  -129978.2344 508354.9063 46010.7578
v  -128809.3750 510265.5000 47918.1563
v  -127498.7422 511802.6563 50056.9141
v  -126078.6016 512928.5000 52374.3711
v  -124583.9219 513615.2500 54813.4609
v  -123051.5078 513846.0938 57314.1250
v  -121519.1016 513615.2500 59814.7891
v  -120024.4219 512928.5000 62253.8750
v  -118604.2813 511802.6563 64571.3320
v  -117293.6406 510265.5313 66710.0938
v  -116124.7891 508354.9063 68617.4922
v  -115126.4922 506117.8438 70246.5625
v  -114323.3359 503609.4375 71557.1875
v  -113735.0938 500891.4688 72517.1094
v  -113376.2578 498030.8438 73102.6875
v  -113255.6563 495098.0000 73299.4844
v  -113376.2578 492165.1563 73102.6719
v  -113735.1016 489304.5000 72517.1016
v  -114323.3438 486586.5313 71557.1719
v  -115126.5078 484078.1250 70246.5391
v  -116124.8047 481841.0938 68617.4688
v  -117293.6641 479930.4688 66710.0625
v  -118604.3047 478393.3125 64571.3047
v  -120024.4453 477267.5000 62253.8477
v  -121519.1250 476580.7188 59814.7578
v  -123051.5313 476349.9063 57314.0938
v  -124583.9453 476580.7500 54813.4297
v  -126078.6250 477267.5313 52374.3438
v  -127498.7578 478393.3438 50056.8867
v  -128809.3984 479930.5000 47918.1328
v  -129978.2500 481841.1250 46010.7344
v  -130976.5469 484078.1875 44381.6641
v  -131779.7031 486586.5625 43071.0391
v  -132367.9375 489304.5625 42111.1172
v  -132726.7813 492165.1875 41525.5508
v  -123051.5156 495098.0000 57314.1172
# 82 vertices

vn -0.8526 0.0000 0.5225
vn -0.5225 0.0000 -0.8526
vn -0.5161 0.1564 -0.8421
vn -0.4969 0.3090 -0.8109
vn -0.4655 0.4540 -0.7597
vn -0.4227 0.5878 -0.6898
vn -0.3695 0.7071 -0.6029
vn -0.3071 0.8090 -0.5012
vn -0.2372 0.8910 -0.3871
vn -0.1615 0.9511 -0.2635
vn -0.0817 0.9877 -0.1334
vn 0.0000 1.0000 0.0000
vn 0.0817 0.9877 0.1334
vn 0.1615 0.9511 0.2635
vn 0.2372 0.8910 0.3871
vn 0.3071 0.8090 0.5012
vn 0.3695 0.7071 0.6029
vn 0.4227 0.5878 0.6898
vn 0.4656 0.4540 0.7597
vn 0.4969 0.3090 0.8109
vn 0.5161 0.1564 0.8421
vn 0.5225 -0.0000 0.8526
vn 0.5161 -0.1564 0.8421
vn 0.4969 -0.3090 0.8109
vn 0.4655 -0.4540 0.7597
vn 0.4227 -0.5878 0.6898
vn 0.3695 -0.7071 0.6029
vn 0.3071 -0.8090 0.5012
vn 0.2372 -0.8910 0.3871
vn 0.1615 -0.9511 0.2635
vn 0.0817 -0.9877 0.1334
vn -0.0000 -1.0000 -0.0000
vn -0.0817 -0.9877 -0.1334
vn -0.1615 -0.9511 -0.2635
vn -0.2372 -0.8910 -0.3871
vn -0.3071 -0.8090 -0.5012
vn -0.3695 -0.7071 -0.6029
vn -0.4227 -0.5878 -0.6898
vn -0.4656 -0.4540 -0.7597
vn -0.4969 -0.3090 -0.8109
vn -0.5161 -0.1564 -0.8421
vn 0.8526 -0.0000 -0.5225
# 42 vertex normals

vt 0.5000 0.0000 0.0000
vt 0.8000 0.0000 1.0000
vt 0.7750 0.0000 1.0000
vt 0.7500 0.0000 1.0000
vt 0.8500 0.0000 1.0000
vt 0.8250 0.0000 1.0000
vt 0.9000 0.0000 1.0000
vt 0.8750 0.0000 1.0000
vt 0.9500 0.0000 1.0000
vt 0.9250 0.0000 1.0000
vt 0.9883 0.0000 0.9754
vt 0.9750 0.0000 1.0000
vt 0.0500 0.0000 1.0000
vt 0.0250 0.0000 1.0000
vt 0.0000 0.0000 1.0000
vt 0.1000 0.0000 1.0000
vt 0.0750 0.0000 1.0000
vt 0.1500 0.0000 1.0000
vt 0.1250 0.0000 1.0000
vt 0.2000 0.0000 1.0000
vt 0.1750 0.0000 1.0000
vt 0.2500 0.0000 1.0000
vt 0.2250 0.0000 1.0000
vt 0.3000 0.0000 1.0000
vt 0.2750 0.0000 1.0000
vt 0.3500 0.0000 1.0000
vt 0.3250 0.0000 1.0000
vt 0.4000 0.0000 1.0000
vt 0.3750 0.0000 1.0000
vt 0.4500 0.0000 1.0000
vt 0.4250 0.0000 1.0000
vt 0.5000 0.0000 1.0000
vt 0.4750 0.0000 1.0000
vt 0.5500 0.0000 1.0000
vt 0.5250 0.0000 1.0000
vt 0.6000 0.0000 1.0000
vt 0.5750 0.0000 1.0000
vt 0.6500 0.0000 1.0000
vt 0.6250 0.0000 1.0000
vt 0.7000 0.0000 1.0000
vt 0.6750 0.0000 1.0000
vt 0.7250 0.0000 1.0000
vt 0.7750 1.0000 1.0000
vt 0.7500 1.0000 1.0000
vt 0.8000 1.0000 1.0000
vt 0.8250 1.0000 1.0000
vt 0.8500 1.0000 1.0000
vt 0.8750 1.0000 1.0000
vt 0.9000 1.0000 1.0000
vt 0.9250 1.0000 1.0000
vt 0.9500 1.0000 1.0000
vt 0.9750 1.0000 1.0000
vt -0.0250 0.0000 1.0000
vt 0.0000 1.0000 1.0000
vt -0.0250 1.0000 1.0000
vt 0.0250 1.0000 1.0000
vt 0.0500 1.0000 1.0000
vt 0.0750 1.0000 1.0000
vt 0.1000 1.0000 1.0000
vt 0.1250 1.0000 1.0000
vt 0.1500 1.0000 1.0000
vt 0.1750 1.0000 1.0000
vt 0.2000 1.0000 1.0000
vt 0.2250 1.0000 1.0000
vt 0.2500 1.0000 1.0000
vt 0.2750 1.0000 1.0000
vt 0.3000 1.0000 1.0000
vt 0.3250 1.0000 1.0000
vt 0.3500 1.0000 1.0000
vt 0.3750 1.0000 1.0000
vt 0.4000 1.0000 1.0000
vt 0.4250 1.0000 1.0000
vt 0.4500 1.0000 1.0000
vt 0.4750 1.0000 1.0000
vt 0.5000 1.0000 1.0000
vt 0.5250 1.0000 1.0000
vt 0.5500 1.0000 1.0000
vt 0.5750 1.0000 1.0000
vt 0.6000 1.0000 1.0000
vt 0.6250 1.0000 1.0000
vt 0.6500 1.0000 1.0000
vt 0.6750 1.0000 1.0000
vt 0.7000 1.0000 1.0000
vt 0.7250 1.0000 1.0000
vt 0.5000 1.0000 0.0000
# 85 texture coords

g Cylinder030
usemtl 02___Default
s 1
f -82/-85/-42 -81/-84/-42 -80/-83/-42 -79/-82/-42 
f -82/-85/-42 -78/-81/-42 -77/-80/-42 -81/-84/-42 
f -82/-85/-42 -76/-79/-42 -75/-78/-42 -78/-81/-42 
f -82/-85/-42 -74/-77/-42 -73/-76/-42 -76/-79/-42 
f -82/-85/-42 -72/-75/-42 -71/-74/-42 -74/-77/-42 
f -82/-85/-42 -70/-73/-42 -69/-72/-42 -72/-71/-42 
f -82/-85/-42 -68/-70/-42 -67/-69/-42 -70/-73/-42 
f -82/-85/-42 -66/-68/-42 -65/-67/-42 -68/-70/-42 
f -82/-85/-42 -64/-66/-42 -63/-65/-42 -66/-68/-42 
f -82/-85/-42 -62/-64/-42 -61/-63/-42 -64/-66/-42 
f -82/-85/-42 -60/-62/-42 -59/-61/-42 -62/-64/-42 
f -82/-85/-42 -58/-60/-42 -57/-59/-42 -60/-62/-42 
f -82/-85/-42 -56/-58/-42 -55/-57/-42 -58/-60/-42 
f -82/-85/-42 -54/-56/-42 -53/-55/-42 -56/-58/-42 
f -82/-85/-42 -52/-54/-42 -51/-53/-42 -54/-56/-42 
f -82/-85/-42 -50/-52/-42 -49/-51/-42 -52/-54/-42 
f -82/-85/-42 -48/-50/-42 -47/-49/-42 -50/-52/-42 
f -82/-85/-42 -46/-48/-42 -45/-47/-42 -48/-50/-42 
f -82/-85/-42 -44/-46/-42 -43/-45/-42 -46/-48/-42 
f -82/-85/-42 -79/-82/-42 -42/-44/-42 -44/-46/-42 
s 8
f -79/-82/-41 -80/-83/-40 -41/-43/-40 -40/-42/-41 
f -80/-83/-40 -81/-84/-39 -39/-41/-39 -41/-43/-40 
f -81/-84/-39 -77/-80/-38 -38/-40/-38 -39/-41/-39 
f -77/-80/-38 -78/-81/-37 -37/-39/-37 -38/-40/-38 
f -78/-81/-37 -75/-78/-36 -36/-38/-36 -37/-39/-37 
f -75/-78/-36 -76/-79/-35 -35/-37/-35 -36/-38/-36 
f -76/-79/-35 -73/-76/-34 -34/-36/-34 -35/-37/-35 
f -73/-76/-34 -74/-77/-33 -33/-35/-33 -34/-36/-34 
f -74/-77/-33 -71/-74/-32 -32/-34/-32 -33/-35/-33 
f -71/-33/-32 -72/-71/-31 -31/-32/-31 -32/-31/-32 
f -72/-71/-31 -69/-72/-30 -30/-30/-30 -31/-32/-31 
f -69/-72/-30 -70/-73/-29 -29/-29/-29 -30/-30/-30 
f -70/-73/-29 -67/-69/-28 -28/-28/-28 -29/-29/-29 
f -67/-69/-28 -68/-70/-27 -27/-27/-27 -28/-28/-28 
f -68/-70/-27 -65/-67/-26 -26/-26/-26 -27/-27/-27 
f -65/-67/-26 -66/-68/-25 -25/-25/-25 -26/-26/-26 
f -66/-68/-25 -63/-65/-24 -24/-24/-24 -25/-25/-25 
f -63/-65/-24 -64/-66/-23 -23/-23/-23 -24/-24/-24 
f -64/-66/-23 -61/-63/-22 -22/-22/-22 -23/-23/-23 
f -61/-63/-22 -62/-64/-21 -21/-21/-21 -22/-22/-22 
f -62/-64/-21 -59/-61/-20 -20/-20/-20 -21/-21/-21 
f -59/-61/-20 -60/-62/-19 -19/-19/-19 -20/-20/-20 
f -60/-62/-19 -57/-59/-18 -18/-18/-18 -19/-19/-19 
f -57/-59/-18 -58/-60/-17 -17/-17/-17 -18/-18/-18 
f -58/-60/-17 -55/-57/-16 -16/-16/-16 -17/-17/-17 
f -55/-57/-16 -56/-58/-15 -15/-15/-15 -16/-16/-16 
f -56/-58/-15 -53/-55/-14 -14/-14/-14 -15/-15/-15 
f -53/-55/-14 -54/-56/-13 -13/-13/-13 -14/-14/-14 
f -54/-56/-13 -51/-53/-12 -12/-12/-12 -13/-13/-13 
f -51/-53/-12 -52/-54/-11 -11/-11/-11 -12/-12/-12 
f -52/-54/-11 -49/-51/-10 -10/-10/-10 -11/-11/-11 
f -49/-51/-10 -50/-52/-9 -9/-9/-9 -10/-10/-10 
f -50/-52/-9 -47/-49/-8 -8/-8/-8 -9/-9/-9 
f -47/-49/-8 -48/-50/-7 -7/-7/-7 -8/-8/-8 
f -48/-50/-7 -45/-47/-6 -6/-6/-6 -7/-7/-7 
f -45/-47/-6 -46/-48/-5 -5/-5/-5 -6/-6/-6 
f -46/-48/-5 -43/-45/-4 -4/-4/-4 -5/-5/-5 
f -43/-45/-4 -44/-46/-3 -3/-3/-3 -4/-4/-4 
f -44/-46/-3 -42/-44/-2 -2/-2/-2 -3/-3/-3 
f -42/-44/-2 -79/-82/-41 -40/-42/-41 -2/-2/-2 
s 1
f -1/-1/-1 -2/-2/-1 -40/-42/-1 -41/-43/-1 
f -1/-1/-1 -41/-43/-1 -39/-41/-1 -38/-40/-1 
f -1/-1/-1 -38/-40/-1 -37/-39/-1 -36/-38/-1 
f -1/-1/-1 -36/-38/-1 -35/-37/-1 -34/-36/-1 
f -1/-1/-1 -34/-36/-1 -33/-35/-1 -32/-34/-1 
f -1/-1/-1 -32/-31/-1 -31/-32/-1 -30/-30/-1 
f -1/-1/-1 -30/-30/-1 -29/-29/-1 -28/-28/-1 
f -1/-1/-1 -28/-28/-1 -27/-27/-1 -26/-26/-1 
f -1/-1/-1 -26/-26/-1 -25/-25/-1 -24/-24/-1 
f -1/-1/-1 -24/-24/-1 -23/-23/-1 -22/-22/-1 
f -1/-1/-1 -22/-22/-1 -21/-21/-1 -20/-20/-1 
f -1/-1/-1 -20/-20/-1 -19/-19/-1 -18/-18/-1 
f -1/-1/-1 -18/-18/-1 -17/-17/-1 -16/-16/-1 
f -1/-1/-1 -16/-16/-1 -15/-15/-1 -14/-14/-1 
f -1/-1/-1 -14/-14/-1 -13/-13/-1 -12/-12/-1 
f -1/-1/-1 -12/-12/-1 -11/-11/-1 -10/-10/-1 
f -1/-1/-1 -10/-10/-1 -9/-9/-1 -8/-8/-1 
f -1/-1/-1 -8/-8/-1 -7/-7/-1 -6/-6/-1 
f -1/-1/-1 -6/-6/-1 -5/-5/-1 -4/-4/-1 
f -1/-1/-1 -4/-4/-1 -3/-3/-1 -2/-2/-1 
# 80 polygons

#
# object Cylinder031
#

v  -103173.8906 491791.8125 390246.8750
v  -96350.4922 497585.2813 373773.6250
v  -96087.6719 494724.6563 373139.1250
v  -95999.3438 491791.8125 372925.8750
v  -97369.5625 502811.6563 376233.9063
v  -96781.3203 500303.2500 374813.7500
v  -98956.7969 506959.3438 380065.8438
v  -98100.7188 505048.7188 377999.0938
v  -100956.8359 509622.3125 384894.4063
v  -99916.7109 508496.4688 382383.3125
v  -103173.8906 510539.9063 390246.8750
v  -102051.5469 510309.0938 387537.2813
v  -105390.9531 509622.3125 395599.3750
v  -104296.2344 510309.0938 392956.5000
v  -107390.9844 506959.3438 400427.9063
v  -106431.0703 508496.4688 398110.4375
v  -108978.2266 502811.6563 404259.8750
v  -108247.0625 505048.7188 402494.6875
v  -109997.2969 497585.2813 406720.1250
v  -109566.4609 500303.2500 405680.0000
v  -110348.4375 491791.8125 407567.8750
v  -110260.1094 494724.6563 407354.6250
v  -109997.2891 485998.3125 406720.1250
v  -110260.1094 488858.9688 407354.6250
v  -108978.2188 480771.9375 404259.8438
v  -109566.4531 483280.3438 405680.0000
v  -107390.9766 476624.2813 400427.8750
v  -108247.0547 478534.9063 402494.6563
v  -105390.9375 473961.3125 395599.3438
v  -106431.0625 475087.1250 398110.4063
v  -103173.8828 473043.7188 390246.8438
v  -104296.2266 473274.5313 392956.4375
v  -100956.8203 473961.3125 384894.3750
v  -102051.5313 473274.5625 387537.2500
v  -98956.7891 476624.3125 380065.8125
v  -99916.7031 475087.1563 382383.2813
v  -97369.5547 480772.0000 376233.8750
v  -98100.7109 478534.9375 377999.0625
v  -96350.4844 485998.3750 373773.6250
v  -96781.3125 483280.3750 374813.7500
v  -96087.6719 488859.0000 373139.1250
v  -89616.7266 494724.6563 375819.4688
v  -89528.3984 491791.8125 375606.2188
v  -89879.5469 497585.2813 376453.9688
v  -90310.3750 500303.2500 377494.0938
v  -90898.6172 502811.6563 378914.2500
v  -91629.7734 505048.7188 380679.4375
v  -92485.8516 506959.3438 382746.1875
v  -93445.7656 508496.4688 385063.6563
v  -94485.8906 509622.3125 387574.7500
v  -95580.6016 510309.0938 390217.6250
v  -96702.9453 510539.9063 392927.2188
v  -97825.2969 510309.0938 395636.8125
v  -98920.0078 509622.3125 398279.7188
v  -99960.1250 508496.4688 400790.7813
v  -100920.0391 506959.3438 403108.2500
v  -101776.1172 505048.7188 405175.0313
v  -102507.2813 502811.6563 406940.1875
v  -103095.5156 500303.2500 408360.3438
v  -103526.3516 497585.2813 409400.4688
v  -103789.1641 494724.6563 410034.9688
v  -103877.4922 491791.8125 410248.2188
v  -103789.1641 488858.9688 410034.9688
v  -103526.3438 485998.3125 409400.4375
v  -103095.5156 483280.3438 408360.3125
v  -102507.2734 480771.9375 406940.1875
v  -101776.1094 478534.9063 405175.0000
v  -100920.0313 476624.2813 403108.2188
v  -99960.1172 475087.1250 400790.7500
v  -98920.0000 473961.3125 398279.6563
v  -97825.2813 473274.5313 395636.7813
v  -96702.9375 473043.7188 392927.1875
v  -95580.5938 473274.5625 390217.5938
v  -94485.8750 473961.3125 387574.6875
v  -93445.7578 475087.1563 385063.6250
v  -92485.8438 476624.3125 382746.1563
v  -91629.7656 478534.9375 380679.4063
v  -90898.6094 480772.0000 378914.2188
v  -90310.3750 483280.3750 377494.0625
v  -89879.5391 485998.3750 376453.9375
v  -89616.7266 488859.0000 375819.4688
v  -96702.9453 491791.8125 392927.2188
# 82 vertices

vn -0.9239 0.0000 -0.3827
vn 0.3827 0.0000 -0.9239
vn 0.3780 0.1564 -0.9125
vn 0.3640 0.3090 -0.8787
vn 0.3410 0.4540 -0.8232
vn 0.3096 0.5878 -0.7474
vn 0.2706 0.7071 -0.6533
vn 0.2249 0.8090 -0.5430
vn 0.1737 0.8910 -0.4194
vn 0.1183 0.9511 -0.2855
vn 0.0599 0.9877 -0.1445
vn 0.0000 1.0000 0.0000
vn -0.0599 0.9877 0.1445
vn -0.1183 0.9511 0.2855
vn -0.1737 0.8910 0.4194
vn -0.2249 0.8090 0.5430
vn -0.2706 0.7071 0.6533
vn -0.3096 0.5878 0.7474
vn -0.3410 0.4540 0.8232
vn -0.3640 0.3090 0.8787
vn -0.3780 0.1564 0.9125
vn -0.3827 -0.0000 0.9239
vn -0.3780 -0.1564 0.9125
vn -0.3640 -0.3090 0.8787
vn -0.3410 -0.4540 0.8232
vn -0.3096 -0.5878 0.7474
vn -0.2706 -0.7071 0.6533
vn -0.2249 -0.8090 0.5430
vn -0.1737 -0.8910 0.4194
vn -0.1183 -0.9511 0.2855
vn -0.0599 -0.9877 0.1445
vn 0.0000 -1.0000 -0.0000
vn 0.0599 -0.9877 -0.1445
vn 0.1183 -0.9511 -0.2855
vn 0.1737 -0.8910 -0.4194
vn 0.2249 -0.8090 -0.5430
vn 0.2706 -0.7071 -0.6533
vn 0.3096 -0.5878 -0.7474
vn 0.3410 -0.4540 -0.8232
vn 0.3640 -0.3090 -0.8787
vn 0.3780 -0.1564 -0.9125
vn 0.9239 -0.0000 0.3827
# 42 vertex normals

vt 0.5000 0.0000 0.0000
vt 0.8000 0.0000 1.0000
vt 0.7750 0.0000 1.0000
vt 0.7500 0.0000 1.0000
vt 0.8500 0.0000 1.0000
vt 0.8250 0.0000 1.0000
vt 0.9000 0.0000 1.0000
vt 0.8750 0.0000 1.0000
vt 0.9500 0.0000 1.0000
vt 0.9250 0.0000 1.0000
vt 0.9883 0.0000 0.9754
vt 0.9750 0.0000 1.0000
vt 0.0500 0.0000 1.0000
vt 0.0250 0.0000 1.0000
vt 0.0000 0.0000 1.0000
vt 0.1000 0.0000 1.0000
vt 0.0750 0.0000 1.0000
vt 0.1500 0.0000 1.0000
vt 0.1250 0.0000 1.0000
vt 0.2000 0.0000 1.0000
vt 0.1750 0.0000 1.0000
vt 0.2500 0.0000 1.0000
vt 0.2250 0.0000 1.0000
vt 0.3000 0.0000 1.0000
vt 0.2750 0.0000 1.0000
vt 0.3500 0.0000 1.0000
vt 0.3250 0.0000 1.0000
vt 0.4000 0.0000 1.0000
vt 0.3750 0.0000 1.0000
vt 0.4500 0.0000 1.0000
vt 0.4250 0.0000 1.0000
vt 0.5000 0.0000 1.0000
vt 0.4750 0.0000 1.0000
vt 0.5500 0.0000 1.0000
vt 0.5250 0.0000 1.0000
vt 0.6000 0.0000 1.0000
vt 0.5750 0.0000 1.0000
vt 0.6500 0.0000 1.0000
vt 0.6250 0.0000 1.0000
vt 0.7000 0.0000 1.0000
vt 0.6750 0.0000 1.0000
vt 0.7250 0.0000 1.0000
vt 0.7750 1.0000 1.0000
vt 0.7500 1.0000 1.0000
vt 0.8000 1.0000 1.0000
vt 0.8250 1.0000 1.0000
vt 0.8500 1.0000 1.0000
vt 0.8750 1.0000 1.0000
vt 0.9000 1.0000 1.0000
vt 0.9250 1.0000 1.0000
vt 0.9500 1.0000 1.0000
vt 0.9750 1.0000 1.0000
vt -0.0250 0.0000 1.0000
vt 0.0000 1.0000 1.0000
vt -0.0250 1.0000 1.0000
vt 0.0250 1.0000 1.0000
vt 0.0500 1.0000 1.0000
vt 0.0750 1.0000 1.0000
vt 0.1000 1.0000 1.0000
vt 0.1250 1.0000 1.0000
vt 0.1500 1.0000 1.0000
vt 0.1750 1.0000 1.0000
vt 0.2000 1.0000 1.0000
vt 0.2250 1.0000 1.0000
vt 0.2500 1.0000 1.0000
vt 0.2750 1.0000 1.0000
vt 0.3000 1.0000 1.0000
vt 0.3250 1.0000 1.0000
vt 0.3500 1.0000 1.0000
vt 0.3750 1.0000 1.0000
vt 0.4000 1.0000 1.0000
vt 0.4250 1.0000 1.0000
vt 0.4500 1.0000 1.0000
vt 0.4750 1.0000 1.0000
vt 0.5000 1.0000 1.0000
vt 0.5250 1.0000 1.0000
vt 0.5500 1.0000 1.0000
vt 0.5750 1.0000 1.0000
vt 0.6000 1.0000 1.0000
vt 0.6250 1.0000 1.0000
vt 0.6500 1.0000 1.0000
vt 0.6750 1.0000 1.0000
vt 0.7000 1.0000 1.0000
vt 0.7250 1.0000 1.0000
vt 0.5000 1.0000 0.0000
# 85 texture coords

g Cylinder031
usemtl 02___Default
s 1
f -82/-85/-42 -81/-84/-42 -80/-83/-42 -79/-82/-42 
f -82/-85/-42 -78/-81/-42 -77/-80/-42 -81/-84/-42 
f -82/-85/-42 -76/-79/-42 -75/-78/-42 -78/-81/-42 
f -82/-85/-42 -74/-77/-42 -73/-76/-42 -76/-79/-42 
f -82/-85/-42 -72/-75/-42 -71/-74/-42 -74/-77/-42 
f -82/-85/-42 -70/-73/-42 -69/-72/-42 -72/-71/-42 
f -82/-85/-42 -68/-70/-42 -67/-69/-42 -70/-73/-42 
f -82/-85/-42 -66/-68/-42 -65/-67/-42 -68/-70/-42 
f -82/-85/-42 -64/-66/-42 -63/-65/-42 -66/-68/-42 
f -82/-85/-42 -62/-64/-42 -61/-63/-42 -64/-66/-42 
f -82/-85/-42 -60/-62/-42 -59/-61/-42 -62/-64/-42 
f -82/-85/-42 -58/-60/-42 -57/-59/-42 -60/-62/-42 
f -82/-85/-42 -56/-58/-42 -55/-57/-42 -58/-60/-42 
f -82/-85/-42 -54/-56/-42 -53/-55/-42 -56/-58/-42 
f -82/-85/-42 -52/-54/-42 -51/-53/-42 -54/-56/-42 
f -82/-85/-42 -50/-52/-42 -49/-51/-42 -52/-54/-42 
f -82/-85/-42 -48/-50/-42 -47/-49/-42 -50/-52/-42 
f -82/-85/-42 -46/-48/-42 -45/-47/-42 -48/-50/-42 
f -82/-85/-42 -44/-46/-42 -43/-45/-42 -46/-48/-42 
f -82/-85/-42 -79/-82/-42 -42/-44/-42 -44/-46/-42 
s 8
f -79/-82/-41 -80/-83/-40 -41/-43/-40 -40/-42/-41 
f -80/-83/-40 -81/-84/-39 -39/-41/-39 -41/-43/-40 
f -81/-84/-39 -77/-80/-38 -38/-40/-38 -39/-41/-39 
f -77/-80/-38 -78/-81/-37 -37/-39/-37 -38/-40/-38 
f -78/-81/-37 -75/-78/-36 -36/-38/-36 -37/-39/-37 
f -75/-78/-36 -76/-79/-35 -35/-37/-35 -36/-38/-36 
f -76/-79/-35 -73/-76/-34 -34/-36/-34 -35/-37/-35 
f -73/-76/-34 -74/-77/-33 -33/-35/-33 -34/-36/-34 
f -74/-77/-33 -71/-74/-32 -32/-34/-32 -33/-35/-33 
f -71/-33/-32 -72/-71/-31 -31/-32/-31 -32/-31/-32 
f -72/-71/-31 -69/-72/-30 -30/-30/-30 -31/-32/-31 
f -69/-72/-30 -70/-73/-29 -29/-29/-29 -30/-30/-30 
f -70/-73/-29 -67/-69/-28 -28/-28/-28 -29/-29/-29 
f -67/-69/-28 -68/-70/-27 -27/-27/-27 -28/-28/-28 
f -68/-70/-27 -65/-67/-26 -26/-26/-26 -27/-27/-27 
f -65/-67/-26 -66/-68/-25 -25/-25/-25 -26/-26/-26 
f -66/-68/-25 -63/-65/-24 -24/-24/-24 -25/-25/-25 
f -63/-65/-24 -64/-66/-23 -23/-23/-23 -24/-24/-24 
f -64/-66/-23 -61/-63/-22 -22/-22/-22 -23/-23/-23 
f -61/-63/-22 -62/-64/-21 -21/-21/-21 -22/-22/-22 
f -62/-64/-21 -59/-61/-20 -20/-20/-20 -21/-21/-21 
f -59/-61/-20 -60/-62/-19 -19/-19/-19 -20/-20/-20 
f -60/-62/-19 -57/-59/-18 -18/-18/-18 -19/-19/-19 
f -57/-59/-18 -58/-60/-17 -17/-17/-17 -18/-18/-18 
f -58/-60/-17 -55/-57/-16 -16/-16/-16 -17/-17/-17 
f -55/-57/-16 -56/-58/-15 -15/-15/-15 -16/-16/-16 
f -56/-58/-15 -53/-55/-14 -14/-14/-14 -15/-15/-15 
f -53/-55/-14 -54/-56/-13 -13/-13/-13 -14/-14/-14 
f -54/-56/-13 -51/-53/-12 -12/-12/-12 -13/-13/-13 
f -51/-53/-12 -52/-54/-11 -11/-11/-11 -12/-12/-12 
f -52/-54/-11 -49/-51/-10 -10/-10/-10 -11/-11/-11 
f -49/-51/-10 -50/-52/-9 -9/-9/-9 -10/-10/-10 
f -50/-52/-9 -47/-49/-8 -8/-8/-8 -9/-9/-9 
f -47/-49/-8 -48/-50/-7 -7/-7/-7 -8/-8/-8 
f -48/-50/-7 -45/-47/-6 -6/-6/-6 -7/-7/-7 
f -45/-47/-6 -46/-48/-5 -5/-5/-5 -6/-6/-6 
f -46/-48/-5 -43/-45/-4 -4/-4/-4 -5/-5/-5 
f -43/-45/-4 -44/-46/-3 -3/-3/-3 -4/-4/-4 
f -44/-46/-3 -42/-44/-2 -2/-2/-2 -3/-3/-3 
f -42/-44/-2 -79/-82/-41 -40/-42/-41 -2/-2/-2 
s 1
f -1/-1/-1 -2/-2/-1 -40/-42/-1 -41/-43/-1 
f -1/-1/-1 -41/-43/-1 -39/-41/-1 -38/-40/-1 
f -1/-1/-1 -38/-40/-1 -37/-39/-1 -36/-38/-1 
f -1/-1/-1 -36/-38/-1 -35/-37/-1 -34/-36/-1 
f -1/-1/-1 -34/-36/-1 -33/-35/-1 -32/-34/-1 
f -1/-1/-1 -32/-31/-1 -31/-32/-1 -30/-30/-1 
f -1/-1/-1 -30/-30/-1 -29/-29/-1 -28/-28/-1 
f -1/-1/-1 -28/-28/-1 -27/-27/-1 -26/-26/-1 
f -1/-1/-1 -26/-26/-1 -25/-25/-1 -24/-24/-1 
f -1/-1/-1 -24/-24/-1 -23/-23/-1 -22/-22/-1 
f -1/-1/-1 -22/-22/-1 -21/-21/-1 -20/-20/-1 
f -1/-1/-1 -20/-20/-1 -19/-19/-1 -18/-18/-1 
f -1/-1/-1 -18/-18/-1 -17/-17/-1 -16/-16/-1 
f -1/-1/-1 -16/-16/-1 -15/-15/-1 -14/-14/-1 
f -1/-1/-1 -14/-14/-1 -13/-13/-1 -12/-12/-1 
f -1/-1/-1 -12/-12/-1 -11/-11/-1 -10/-10/-1 
f -1/-1/-1 -10/-10/-1 -9/-9/-1 -8/-8/-1 
f -1/-1/-1 -8/-8/-1 -7/-7/-1 -6/-6/-1 
f -1/-1/-1 -6/-6/-1 -5/-5/-1 -4/-4/-1 
f -1/-1/-1 -4/-4/-1 -3/-3/-1 -2/-2/-1 
# 80 polygons

#
# object Cylinder032
#

v  -248052.8281 491990.9688 559467.2500
v  -232849.8438 497784.4375 550150.8125
v  -232264.2656 494923.8125 549792.0000
v  -232067.4688 491990.9688 549671.3750
v  -235120.4063 503010.8125 551542.1875
v  -233809.7656 500502.4063 550739.0625
v  -238656.8750 507158.5000 553709.3750
v  -236749.4688 505247.8750 552540.5000
v  -243113.0781 509821.4688 556440.1875
v  -240795.6250 508695.6250 555020.0000
v  -248052.8281 510739.0625 559467.2500
v  -245552.1719 510508.2500 557934.8125
v  -252992.5781 509821.4688 562494.3750
v  -250553.5000 510508.2500 560999.6875
v  -257448.7969 507158.5000 565225.1250
v  -255310.0313 508695.6250 563914.5000
v  -260985.2656 503010.8125 567392.3125
v  -259356.1875 505247.8750 566394.0000
v  -263255.8125 497784.4375 568783.6875
v  -262295.9063 500502.4063 568195.4375
v  -264038.1875 491990.9688 569263.1250
v  -263841.3750 494923.8125 569142.5000
v  -263255.8125 486197.4688 568783.6875
v  -263841.3750 489058.1250 569142.5000
v  -260985.2500 480971.0938 567392.2500
v  -262295.8750 483479.5000 568195.4375
v  -257448.7656 476823.4375 565225.1250
v  -259356.1719 478734.0625 566394.0000
v  -252992.5469 474160.4688 562494.3125
v  -255310.0156 475286.2813 563914.5000
v  -248052.7969 473242.8750 559467.2500
v  -250553.4688 473473.6875 560999.6250
v  -243113.0469 474160.5000 556440.1250
v  -245552.1406 473473.7188 557934.8125
v  -238656.8438 476823.4688 553709.3750
v  -240795.5938 475286.3125 555020.0000
v  -235120.3750 480971.1563 551542.1875
v  -236749.4531 478734.0938 552540.5000
v  -232849.8281 486197.5313 550150.8125
v  -233809.7500 483479.5313 550739.0625
v  -232264.2656 489058.1563 549791.9375
v  -228604.6250 494923.8125 555763.9375
v  -228407.8281 491990.9688 555643.3125
v  -229190.2031 497784.4375 556122.7500
v  -230150.1250 500502.4063 556711.0000
v  -231460.7656 503010.8125 557514.1875
v  -233089.8281 505247.8750 558512.5000
v  -234997.2344 507158.5000 559681.3125
v  -237135.9844 508695.6250 560992.0000
v  -239453.4375 509821.4688 562412.1250
v  -241892.5313 510508.2500 563906.8125
v  -244393.1875 510739.0625 565439.2500
v  -246893.8594 510508.2500 566971.6250
v  -249332.9375 509821.4688 568466.3125
v  -251650.4063 508695.6250 569886.4375
v  -253789.1563 507158.5000 571197.1250
v  -255696.5625 505247.8750 572365.9375
v  -257325.6250 503010.8125 573364.2500
v  -258636.2500 500502.4063 574167.4375
v  -259596.1719 497784.4375 574755.6250
v  -260181.7500 494923.8125 575114.5000
v  -260378.5469 491990.9688 575235.1250
v  -260181.7500 489058.1250 575114.5000
v  -259596.1719 486197.4688 574755.6250
v  -258636.2500 483479.5000 574167.3750
v  -257325.6094 480971.0938 573364.2500
v  -255696.5313 478734.0625 572365.9375
v  -253789.1250 476823.4375 571197.0625
v  -251650.3750 475286.2813 569886.4375
v  -249332.9219 474160.4688 568466.3125
v  -246893.8281 473473.6875 566971.6250
v  -244393.1563 473242.8750 565439.1875
v  -241892.5000 473473.7188 563906.7500
v  -239453.4063 474160.5000 562412.1250
v  -237135.9531 475286.3125 560991.9375
v  -234997.2031 476823.4688 559681.3125
v  -233089.8125 478734.0938 558512.4375
v  -231460.7344 480971.1563 557514.1875
v  -230150.1094 483479.5313 556711.0000
v  -229190.1875 486197.5313 556122.7500
v  -228604.6250 489058.1563 555763.9375
v  -244393.1875 491990.9688 565439.1875
# 82 vertices

vn -0.5225 0.0000 -0.8526
vn 0.8526 0.0000 -0.5225
vn 0.8421 0.1564 -0.5161
vn 0.8109 0.3090 -0.4969
vn 0.7597 0.4540 -0.4656
vn 0.6898 0.5878 -0.4227
vn 0.6029 0.7071 -0.3695
vn 0.5012 0.8090 -0.3071
vn 0.3871 0.8910 -0.2372
vn 0.2635 0.9511 -0.1615
vn 0.1334 0.9877 -0.0817
vn -0.0000 1.0000 0.0000
vn -0.1334 0.9877 0.0817
vn -0.2635 0.9511 0.1615
vn -0.3871 0.8910 0.2372
vn -0.5012 0.8090 0.3071
vn -0.6029 0.7071 0.3695
vn -0.6898 0.5878 0.4227
vn -0.7597 0.4540 0.4656
vn -0.8109 0.3090 0.4969
vn -0.8421 0.1564 0.5161
vn -0.8526 -0.0000 0.5225
vn -0.8421 -0.1564 0.5161
vn -0.8109 -0.3090 0.4969
vn -0.7597 -0.4540 0.4656
vn -0.6898 -0.5878 0.4227
vn -0.6029 -0.7071 0.3695
vn -0.5012 -0.8090 0.3071
vn -0.3871 -0.8910 0.2372
vn -0.2635 -0.9511 0.1615
vn -0.1334 -0.9877 0.0817
vn 0.0000 -1.0000 -0.0000
vn 0.1334 -0.9877 -0.0817
vn 0.2635 -0.9511 -0.1615
vn 0.3871 -0.8910 -0.2372
vn 0.5012 -0.8090 -0.3071
vn 0.6029 -0.7071 -0.3695
vn 0.6898 -0.5878 -0.4227
vn 0.7597 -0.4540 -0.4656
vn 0.8109 -0.3090 -0.4969
vn 0.8421 -0.1564 -0.5161
vn 0.5225 -0.0000 0.8526
# 42 vertex normals

vt 0.5000 0.0000 0.0000
vt 0.8000 0.0000 1.0000
vt 0.7750 0.0000 1.0000
vt 0.7500 0.0000 1.0000
vt 0.8500 0.0000 1.0000
vt 0.8250 0.0000 1.0000
vt 0.9000 0.0000 1.0000
vt 0.8750 0.0000 1.0000
vt 0.9500 0.0000 1.0000
vt 0.9250 0.0000 1.0000
vt 0.9883 0.0000 0.9754
vt 0.9750 0.0000 1.0000
vt 0.0500 0.0000 1.0000
vt 0.0250 0.0000 1.0000
vt 0.0000 0.0000 1.0000
vt 0.1000 0.0000 1.0000
vt 0.0750 0.0000 1.0000
vt 0.1500 0.0000 1.0000
vt 0.1250 0.0000 1.0000
vt 0.2000 0.0000 1.0000
vt 0.1750 0.0000 1.0000
vt 0.2500 0.0000 1.0000
vt 0.2250 0.0000 1.0000
vt 0.3000 0.0000 1.0000
vt 0.2750 0.0000 1.0000
vt 0.3500 0.0000 1.0000
vt 0.3250 0.0000 1.0000
vt 0.4000 0.0000 1.0000
vt 0.3750 0.0000 1.0000
vt 0.4500 0.0000 1.0000
vt 0.4250 0.0000 1.0000
vt 0.5000 0.0000 1.0000
vt 0.4750 0.0000 1.0000
vt 0.5500 0.0000 1.0000
vt 0.5250 0.0000 1.0000
vt 0.6000 0.0000 1.0000
vt 0.5750 0.0000 1.0000
vt 0.6500 0.0000 1.0000
vt 0.6250 0.0000 1.0000
vt 0.7000 0.0000 1.0000
vt 0.6750 0.0000 1.0000
vt 0.7250 0.0000 1.0000
vt 0.7750 1.0000 1.0000
vt 0.7500 1.0000 1.0000
vt 0.8000 1.0000 1.0000
vt 0.8250 1.0000 1.0000
vt 0.8500 1.0000 1.0000
vt 0.8750 1.0000 1.0000
vt 0.9000 1.0000 1.0000
vt 0.9250 1.0000 1.0000
vt 0.9500 1.0000 1.0000
vt 0.9750 1.0000 1.0000
vt -0.0250 0.0000 1.0000
vt 0.0000 1.0000 1.0000
vt -0.0250 1.0000 1.0000
vt 0.0250 1.0000 1.0000
vt 0.0500 1.0000 1.0000
vt 0.0750 1.0000 1.0000
vt 0.1000 1.0000 1.0000
vt 0.1250 1.0000 1.0000
vt 0.1500 1.0000 1.0000
vt 0.1750 1.0000 1.0000
vt 0.2000 1.0000 1.0000
vt 0.2250 1.0000 1.0000
vt 0.2500 1.0000 1.0000
vt 0.2750 1.0000 1.0000
vt 0.3000 1.0000 1.0000
vt 0.3250 1.0000 1.0000
vt 0.3500 1.0000 1.0000
vt 0.3750 1.0000 1.0000
vt 0.4000 1.0000 1.0000
vt 0.4250 1.0000 1.0000
vt 0.4500 1.0000 1.0000
vt 0.4750 1.0000 1.0000
vt 0.5000 1.0000 1.0000
vt 0.5250 1.0000 1.0000
vt 0.5500 1.0000 1.0000
vt 0.5750 1.0000 1.0000
vt 0.6000 1.0000 1.0000
vt 0.6250 1.0000 1.0000
vt 0.6500 1.0000 1.0000
vt 0.6750 1.0000 1.0000
vt 0.7000 1.0000 1.0000
vt 0.7250 1.0000 1.0000
vt 0.5000 1.0000 0.0000
# 85 texture coords

g Cylinder032
usemtl 02___Default
s 1
f -82/-85/-42 -81/-84/-42 -80/-83/-42 -79/-82/-42 
f -82/-85/-42 -78/-81/-42 -77/-80/-42 -81/-84/-42 
f -82/-85/-42 -76/-79/-42 -75/-78/-42 -78/-81/-42 
f -82/-85/-42 -74/-77/-42 -73/-76/-42 -76/-79/-42 
f -82/-85/-42 -72/-75/-42 -71/-74/-42 -74/-77/-42 
f -82/-85/-42 -70/-73/-42 -69/-72/-42 -72/-71/-42 
f -82/-85/-42 -68/-70/-42 -67/-69/-42 -70/-73/-42 
f -82/-85/-42 -66/-68/-42 -65/-67/-42 -68/-70/-42 
f -82/-85/-42 -64/-66/-42 -63/-65/-42 -66/-68/-42 
f -82/-85/-42 -62/-64/-42 -61/-63/-42 -64/-66/-42 
f -82/-85/-42 -60/-62/-42 -59/-61/-42 -62/-64/-42 
f -82/-85/-42 -58/-60/-42 -57/-59/-42 -60/-62/-42 
f -82/-85/-42 -56/-58/-42 -55/-57/-42 -58/-60/-42 
f -82/-85/-42 -54/-56/-42 -53/-55/-42 -56/-58/-42 
f -82/-85/-42 -52/-54/-42 -51/-53/-42 -54/-56/-42 
f -82/-85/-42 -50/-52/-42 -49/-51/-42 -52/-54/-42 
f -82/-85/-42 -48/-50/-42 -47/-49/-42 -50/-52/-42 
f -82/-85/-42 -46/-48/-42 -45/-47/-42 -48/-50/-42 
f -82/-85/-42 -44/-46/-42 -43/-45/-42 -46/-48/-42 
f -82/-85/-42 -79/-82/-42 -42/-44/-42 -44/-46/-42 
s 8
f -79/-82/-41 -80/-83/-40 -41/-43/-40 -40/-42/-41 
f -80/-83/-40 -81/-84/-39 -39/-41/-39 -41/-43/-40 
f -81/-84/-39 -77/-80/-38 -38/-40/-38 -39/-41/-39 
f -77/-80/-38 -78/-81/-37 -37/-39/-37 -38/-40/-38 
f -78/-81/-37 -75/-78/-36 -36/-38/-36 -37/-39/-37 
f -75/-78/-36 -76/-79/-35 -35/-37/-35 -36/-38/-36 
f -76/-79/-35 -73/-76/-34 -34/-36/-34 -35/-37/-35 
f -73/-76/-34 -74/-77/-33 -33/-35/-33 -34/-36/-34 
f -74/-77/-33 -71/-74/-32 -32/-34/-32 -33/-35/-33 
f -71/-33/-32 -72/-71/-31 -31/-32/-31 -32/-31/-32 
f -72/-71/-31 -69/-72/-30 -30/-30/-30 -31/-32/-31 
f -69/-72/-30 -70/-73/-29 -29/-29/-29 -30/-30/-30 
f -70/-73/-29 -67/-69/-28 -28/-28/-28 -29/-29/-29 
f -67/-69/-28 -68/-70/-27 -27/-27/-27 -28/-28/-28 
f -68/-70/-27 -65/-67/-26 -26/-26/-26 -27/-27/-27 
f -65/-67/-26 -66/-68/-25 -25/-25/-25 -26/-26/-26 
f -66/-68/-25 -63/-65/-24 -24/-24/-24 -25/-25/-25 
f -63/-65/-24 -64/-66/-23 -23/-23/-23 -24/-24/-24 
f -64/-66/-23 -61/-63/-22 -22/-22/-22 -23/-23/-23 
f -61/-63/-22 -62/-64/-21 -21/-21/-21 -22/-22/-22 
f -62/-64/-21 -59/-61/-20 -20/-20/-20 -21/-21/-21 
f -59/-61/-20 -60/-62/-19 -19/-19/-19 -20/-20/-20 
f -60/-62/-19 -57/-59/-18 -18/-18/-18 -19/-19/-19 
f -57/-59/-18 -58/-60/-17 -17/-17/-17 -18/-18/-18 
f -58/-60/-17 -55/-57/-16 -16/-16/-16 -17/-17/-17 
f -55/-57/-16 -56/-58/-15 -15/-15/-15 -16/-16/-16 
f -56/-58/-15 -53/-55/-14 -14/-14/-14 -15/-15/-15 
f -53/-55/-14 -54/-56/-13 -13/-13/-13 -14/-14/-14 
f -54/-56/-13 -51/-53/-12 -12/-12/-12 -13/-13/-13 
f -51/-53/-12 -52/-54/-11 -11/-11/-11 -12/-12/-12 
f -52/-54/-11 -49/-51/-10 -10/-10/-10 -11/-11/-11 
f -49/-51/-10 -50/-52/-9 -9/-9/-9 -10/-10/-10 
f -50/-52/-9 -47/-49/-8 -8/-8/-8 -9/-9/-9 
f -47/-49/-8 -48/-50/-7 -7/-7/-7 -8/-8/-8 
f -48/-50/-7 -45/-47/-6 -6/-6/-6 -7/-7/-7 
f -45/-47/-6 -46/-48/-5 -5/-5/-5 -6/-6/-6 
f -46/-48/-5 -43/-45/-4 -4/-4/-4 -5/-5/-5 
f -43/-45/-4 -44/-46/-3 -3/-3/-3 -4/-4/-4 
f -44/-46/-3 -42/-44/-2 -2/-2/-2 -3/-3/-3 
f -42/-44/-2 -79/-82/-41 -40/-42/-41 -2/-2/-2 
s 1
f -1/-1/-1 -2/-2/-1 -40/-42/-1 -41/-43/-1 
f -1/-1/-1 -41/-43/-1 -39/-41/-1 -38/-40/-1 
f -1/-1/-1 -38/-40/-1 -37/-39/-1 -36/-38/-1 
f -1/-1/-1 -36/-38/-1 -35/-37/-1 -34/-36/-1 
f -1/-1/-1 -34/-36/-1 -33/-35/-1 -32/-34/-1 
f -1/-1/-1 -32/-31/-1 -31/-32/-1 -30/-30/-1 
f -1/-1/-1 -30/-30/-1 -29/-29/-1 -28/-28/-1 
f -1/-1/-1 -28/-28/-1 -27/-27/-1 -26/-26/-1 
f -1/-1/-1 -26/-26/-1 -25/-25/-1 -24/-24/-1 
f -1/-1/-1 -24/-24/-1 -23/-23/-1 -22/-22/-1 
f -1/-1/-1 -22/-22/-1 -21/-21/-1 -20/-20/-1 
f -1/-1/-1 -20/-20/-1 -19/-19/-1 -18/-18/-1 
f -1/-1/-1 -18/-18/-1 -17/-17/-1 -16/-16/-1 
f -1/-1/-1 -16/-16/-1 -15/-15/-1 -14/-14/-1 
f -1/-1/-1 -14/-14/-1 -13/-13/-1 -12/-12/-1 
f -1/-1/-1 -12/-12/-1 -11/-11/-1 -10/-10/-1 
f -1/-1/-1 -10/-10/-1 -9/-9/-1 -8/-8/-1 
f -1/-1/-1 -8/-8/-1 -7/-7/-1 -6/-6/-1 
f -1/-1/-1 -6/-6/-1 -5/-5/-1 -4/-4/-1 
f -1/-1/-1 -4/-4/-1 -3/-3/-1 -2/-2/-1 
# 80 polygons

#
# object Cylinder033
#

v  -74133.8750 393190.0625 250824.5000
v  -78604.9375 393190.0625 194014.1563
v  -78604.9375 518178.1250 194014.1563
v  -74133.8750 518178.1250 250824.5000
v  -91908.0313 393190.0625 138602.6563
v  -91908.0313 518178.1250 138602.6563
v  -113715.6563 393190.0625 85954.4375
v  -113715.6563 518178.1250 85954.4375
v  -143490.7813 393190.0625 37365.8906
v  -143490.7813 518178.1250 37365.8906
v  -180500.2500 393190.0625 -5966.6250
v  -180500.2500 518178.1250 -5966.6250
v  -223832.7656 393190.0625 -42976.0938
v  -223832.7656 518178.1250 -42976.0938
v  -272421.3125 393190.0625 -72751.2188
v  -272421.3125 518178.1250 -72751.2188
v  -325069.5313 393190.0625 -94558.8438
v  -325069.5313 518178.1250 -94558.8438
v  -380481.0625 393190.0625 -107861.9375
v  -380481.0625 518178.1250 -107861.9375
v  -437291.4375 393190.0625 -112333.0000
v  -437291.4375 518178.1250 -112333.0000
v  -494101.8125 393190.0625 -107861.9063
v  -494101.8125 518178.1250 -107861.9063
v  -549513.3125 393190.0625 -94558.7813
v  -549513.3125 518178.1250 -94558.7813
v  -602161.5625 393190.0625 -72751.1563
v  -602161.5625 518178.1250 -72751.1563
v  -650750.1250 393190.0625 -42976.0000
v  -650750.1250 518178.1250 -42976.0000
v  -694082.6250 393190.0625 -5966.5156
v  -694082.6250 518178.1250 -5966.5156
v  -731092.1250 393190.0625 37366.0156
v  -731092.1250 518178.1250 37366.0156
v  -760867.1875 393190.0625 85954.6406
v  -760867.1875 518178.1250 85954.6406
v  -782674.7500 393190.0625 138602.8906
v  -782674.7500 518178.1250 138602.8906
v  -795977.8750 393190.0625 194014.4063
v  -795977.8750 518178.1250 194014.4063
v  -800448.8750 393190.0625 250824.7969
v  -800448.8750 518178.1250 250824.7969
v  -795977.7500 393190.0625 307635.1563
v  -795977.7500 518178.1250 307635.1563
v  -782674.6250 393190.0625 363046.6563
v  -782674.6250 518178.1250 363046.6563
v  -760866.8750 393190.0625 415694.8750
v  -760866.8750 518178.1250 415694.8750
v  -731091.7500 393190.0625 464283.4375
v  -731091.7500 518178.1250 464283.4375
v  -694082.2500 393190.0625 507615.9375
v  -694082.2500 518178.1250 507615.9375
v  -650749.6250 393190.0625 544625.3750
v  -650749.6250 518178.1250 544625.3750
v  -602161.0000 393190.0625 574400.3750
v  -602161.0000 518178.1250 574400.3750
v  -549512.7500 393190.0625 596207.9375
v  -549512.7500 518178.1250 596207.9375
v  -494101.2188 393190.0625 609511.0000
v  -494101.2188 518178.1250 609511.0000
v  -437290.8438 393190.0625 613982.0000
v  -437290.8438 518178.1250 613982.0000
v  -380480.5000 393190.0625 609510.8750
v  -380480.5000 518178.1250 609510.8750
v  -325069.0000 393190.0625 596207.6250
v  -325069.0000 518178.1250 596207.6250
v  -272420.7813 393190.0625 574399.9375
v  -272420.7813 518178.1250 574399.9375
v  -223832.2500 393190.0625 544624.7500
v  -223832.2500 518178.1250 544624.7500
v  -180499.7813 393190.0625 507615.1875
v  -180499.7813 518178.1250 507615.1875
v  -143490.4063 393190.0625 464282.5938
v  -143490.4063 518178.1250 464282.5938
v  -113715.3750 393190.0625 415693.9375
v  -113715.3750 518178.1250 415693.9375
v  -91907.8438 393190.0625 363045.6563
v  -91907.8438 518178.1250 363045.6563
v  -78604.8125 393190.0625 307634.1250
v  -78604.8125 518178.1250 307634.1250
# 80 vertices

vn 0.9969 0.0000 -0.0785
vn 0.9724 0.0000 -0.2334
vn 0.9239 0.0000 -0.3827
vn 0.8526 0.0000 -0.5225
vn 0.7604 0.0000 -0.6494
vn 0.6494 0.0000 -0.7604
vn 0.5225 0.0000 -0.8526
vn 0.3827 0.0000 -0.9239
vn 0.2334 0.0000 -0.9724
vn 0.0785 0.0000 -0.9969
vn -0.0785 0.0000 -0.9969
vn -0.2334 0.0000 -0.9724
vn -0.3827 0.0000 -0.9239
vn -0.5225 0.0000 -0.8526
vn -0.6494 0.0000 -0.7604
vn -0.7604 0.0000 -0.6494
vn -0.8526 0.0000 -0.5225
vn -0.9239 0.0000 -0.3827
vn -0.9724 0.0000 -0.2334
vn -0.9969 0.0000 -0.0785
vn -0.9969 0.0000 0.0785
vn -0.9724 0.0000 0.2334
vn -0.9239 0.0000 0.3827
vn -0.8526 0.0000 0.5225
vn -0.7604 0.0000 0.6494
vn -0.6494 0.0000 0.7604
vn -0.5225 0.0000 0.8526
vn -0.3827 0.0000 0.9239
vn -0.2334 0.0000 0.9724
vn -0.0785 0.0000 0.9969
vn 0.0785 0.0000 0.9969
vn 0.2334 0.0000 0.9724
vn 0.3827 0.0000 0.9239
vn 0.5225 0.0000 0.8526
vn 0.6494 0.0000 0.7604
vn 0.7604 0.0000 0.6494
vn 0.8526 0.0000 0.5225
vn 0.9239 0.0000 0.3827
vn 0.9724 0.0000 0.2334
vn 0.9969 0.0000 0.0785
vn 0.0000 -1.0000 -0.0000
vn 0.0000 1.0000 -0.0000
# 42 vertex normals

vt 0.7500 0.0000 1.0000
vt 0.7750 0.0000 1.0000
vt 0.7750 1.0000 1.0000
vt 0.7500 1.0000 1.0000
vt 0.8000 0.0000 1.0000
vt 0.8000 1.0000 1.0000
vt 0.8250 0.0000 1.0000
vt 0.8250 1.0000 1.0000
vt 0.8500 0.0000 1.0000
vt 0.8500 1.0000 1.0000
vt 0.8750 0.0000 1.0000
vt 0.8750 1.0000 1.0000
vt 0.9000 0.0000 1.0000
vt 0.9000 1.0000 1.0000
vt 0.9250 0.0000 1.0000
vt 0.9250 1.0000 1.0000
vt 0.9500 0.0000 1.0000
vt 0.9500 1.0000 1.0000
vt 0.9750 0.0000 1.0000
vt 0.9750 1.0000 1.0000
vt 1.0000 0.0000 1.0000
vt 1.0000 1.0000 1.0000
vt 0.0000 0.0000 1.0000
vt 0.0250 0.0000 1.0000
vt 0.0250 1.0000 1.0000
vt 0.0000 1.0000 1.0000
vt 0.0500 0.0000 1.0000
vt 0.0500 1.0000 1.0000
vt 0.0750 0.0000 1.0000
vt 0.0750 1.0000 1.0000
vt 0.1000 0.0000 1.0000
vt 0.1000 1.0000 1.0000
vt 0.1250 0.0000 1.0000
vt 0.1250 1.0000 1.0000
vt 0.1500 0.0000 1.0000
vt 0.1500 1.0000 1.0000
vt 0.1750 0.0000 1.0000
vt 0.1750 1.0000 1.0000
vt 0.2000 0.0000 1.0000
vt 0.2000 1.0000 1.0000
vt 0.2250 0.0000 1.0000
vt 0.2250 1.0000 1.0000
vt 0.2500 0.0000 1.0000
vt 0.2500 1.0000 1.0000
vt 0.2750 0.0000 1.0000
vt 0.2750 1.0000 1.0000
vt 0.3000 0.0000 1.0000
vt 0.3000 1.0000 1.0000
vt 0.3250 0.0000 1.0000
vt 0.3250 1.0000 1.0000
vt 0.3500 0.0000 1.0000
vt 0.3500 1.0000 1.0000
vt 0.3750 0.0000 1.0000
vt 0.3750 1.0000 1.0000
vt 0.4000 0.0000 1.0000
vt 0.4000 1.0000 1.0000
vt 0.4250 0.0000 1.0000
vt 0.4250 1.0000 1.0000
vt 0.4500 0.0000 1.0000
vt 0.4500 1.0000 1.0000
vt 0.4750 0.0000 1.0000
vt 0.4750 1.0000 1.0000
vt 0.5000 0.0000 1.0000
vt 0.5000 1.0000 1.0000
vt 0.5250 0.0000 1.0000
vt 0.5250 1.0000 1.0000
vt 0.5500 0.0000 1.0000
vt 0.5500 1.0000 1.0000
vt 0.5750 0.0000 1.0000
vt 0.5750 1.0000 1.0000
vt 0.6000 0.0000 1.0000
vt 0.6000 1.0000 1.0000
vt 0.6250 0.0000 1.0000
vt 0.6250 1.0000 1.0000
vt 0.6500 0.0000 1.0000
vt 0.6500 1.0000 1.0000
vt 0.6750 0.0000 1.0000
vt 0.6750 1.0000 1.0000
vt 0.7000 0.0000 1.0000
vt 0.7000 1.0000 1.0000
vt 0.7250 0.0000 1.0000
vt 0.7250 1.0000 1.0000
vt 0.6545 0.9755 -0.2500
vt 0.7270 0.9455 -0.2500
vt 0.7939 0.9045 -0.2500
vt 0.5000 1.0000 -0.2500
vt 0.8536 0.8536 -0.2500
vt 0.9045 0.7939 -0.2500
vt 0.9755 0.6545 -0.2500
vt 0.9455 0.7270 -0.2500
vt 0.9938 0.5782 -0.2500
vt 1.0000 0.5000 -0.2500
vt 0.9755 0.3455 -0.2500
vt 0.9938 0.4218 -0.2500
vt 0.9455 0.2730 -0.2500
vt 0.9045 0.2061 -0.2500
vt 0.7939 0.0955 -0.2500
vt 0.8536 0.1464 -0.2500
vt 0.7270 0.0545 -0.2500
vt 0.6545 0.0245 -0.2500
vt 0.5000 0.0000 -0.2500
vt 0.5782 0.0062 -0.2500
vt 0.4218 0.0062 -0.2500
vt 0.3455 0.0245 -0.2500
vt 0.2061 0.0955 -0.2500
vt 0.2730 0.0545 -0.2500
vt 0.1464 0.1464 -0.2500
vt 0.0955 0.2061 -0.2500
vt 0.0245 0.3455 -0.2500
vt 0.0545 0.2730 -0.2500
vt 0.0062 0.4218 -0.2500
vt 0.0000 0.5000 -0.2500
vt 0.0245 0.6545 -0.2500
vt 0.0062 0.5782 -0.2500
vt 0.0545 0.7270 -0.2500
vt 0.0955 0.7939 -0.2500
vt 0.2061 0.9045 -0.2500
vt 0.1464 0.8536 -0.2500
vt 0.2730 0.9455 -0.2500
vt 0.3455 0.9755 -0.2500
vt 0.4218 0.9938 -0.2500
vt 0.5782 0.9938 -0.2500
vt 0.4218 0.9938 0.2500
vt 0.3455 0.9755 0.2500
vt 0.2730 0.9455 0.2500
vt 0.5782 0.9938 0.2500
vt 0.2061 0.9045 0.2500
vt 0.1464 0.8536 0.2500
vt 0.0545 0.7270 0.2500
vt 0.0955 0.7939 0.2500
vt 0.0245 0.6545 0.2500
vt 0.0062 0.5782 0.2500
vt 0.0062 0.4218 0.2500
vt 0.0000 0.5000 0.2500
vt 0.0245 0.3455 0.2500
vt 0.0545 0.2730 0.2500
vt 0.1464 0.1464 0.2500
vt 0.0955 0.2061 0.2500
vt 0.2061 0.0955 0.2500
vt 0.2730 0.0545 0.2500
vt 0.4218 0.0062 0.2500
vt 0.3455 0.0245 0.2500
vt 0.5000 0.0000 0.2500
vt 0.5782 0.0062 0.2500
vt 0.7270 0.0545 0.2500
vt 0.6545 0.0245 0.2500
vt 0.7939 0.0955 0.2500
vt 0.8536 0.1464 0.2500
vt 0.9455 0.2730 0.2500
vt 0.9045 0.2061 0.2500
vt 0.9755 0.3455 0.2500
vt 0.9938 0.4218 0.2500
vt 0.9938 0.5782 0.2500
vt 1.0000 0.5000 0.2500
vt 0.9755 0.6545 0.2500
vt 0.9455 0.7270 0.2500
vt 0.8536 0.8536 0.2500
vt 0.9045 0.7939 0.2500
vt 0.7939 0.9045 0.2500
vt 0.7270 0.9455 0.2500
vt 0.6545 0.9755 0.2500
vt 0.5000 1.0000 0.2500
# 162 texture coords

g Cylinder033
usemtl _crayfishdiffuse
s off
f -80/-162/-42 -79/-161/-42 -78/-160/-42 -77/-159/-42 
f -79/-161/-41 -76/-158/-41 -75/-157/-41 -78/-160/-41 
f -76/-158/-40 -74/-156/-40 -73/-155/-40 -75/-157/-40 
f -74/-156/-39 -72/-154/-39 -71/-153/-39 -73/-155/-39 
f -72/-154/-38 -70/-152/-38 -69/-151/-38 -71/-153/-38 
f -70/-152/-37 -68/-150/-37 -67/-149/-37 -69/-151/-37 
f -68/-150/-36 -66/-148/-36 -65/-147/-36 -67/-149/-36 
f -66/-148/-35 -64/-146/-35 -63/-145/-35 -65/-147/-35 
f -64/-146/-34 -62/-144/-34 -61/-143/-34 -63/-145/-34 
f -62/-144/-33 -60/-142/-33 -59/-141/-33 -61/-143/-33 
f -60/-140/-32 -58/-139/-32 -57/-138/-32 -59/-137/-32 
f -58/-139/-31 -56/-136/-31 -55/-135/-31 -57/-138/-31 
f -56/-136/-30 -54/-134/-30 -53/-133/-30 -55/-135/-30 
f -54/-134/-29 -52/-132/-29 -51/-131/-29 -53/-133/-29 
f -52/-132/-28 -50/-130/-28 -49/-129/-28 -51/-131/-28 
f -50/-130/-27 -48/-128/-27 -47/-127/-27 -49/-129/-27 
f -48/-128/-26 -46/-126/-26 -45/-125/-26 -47/-127/-26 
f -46/-126/-25 -44/-124/-25 -43/-123/-25 -45/-125/-25 
f -44/-124/-24 -42/-122/-24 -41/-121/-24 -43/-123/-24 
f -42/-122/-23 -40/-120/-23 -39/-119/-23 -41/-121/-23 
f -40/-120/-22 -38/-118/-22 -37/-117/-22 -39/-119/-22 
f -38/-118/-21 -36/-116/-21 -35/-115/-21 -37/-117/-21 
f -36/-116/-20 -34/-114/-20 -33/-113/-20 -35/-115/-20 
f -34/-114/-19 -32/-112/-19 -31/-111/-19 -33/-113/-19 
f -32/-112/-18 -30/-110/-18 -29/-109/-18 -31/-111/-18 
f -30/-110/-17 -28/-108/-17 -27/-107/-17 -29/-109/-17 
f -28/-108/-16 -26/-106/-16 -25/-105/-16 -27/-107/-16 
f -26/-106/-15 -24/-104/-15 -23/-103/-15 -25/-105/-15 
f -24/-104/-14 -22/-102/-14 -21/-101/-14 -23/-103/-14 
f -22/-102/-13 -20/-100/-13 -19/-99/-13 -21/-101/-13 
f -20/-100/-12 -18/-98/-12 -17/-97/-12 -19/-99/-12 
f -18/-98/-11 -16/-96/-11 -15/-95/-11 -17/-97/-11 
f -16/-96/-10 -14/-94/-10 -13/-93/-10 -15/-95/-10 
f -14/-94/-9 -12/-92/-9 -11/-91/-9 -13/-93/-9 
f -12/-92/-8 -10/-90/-8 -9/-89/-8 -11/-91/-8 
f -10/-90/-7 -8/-88/-7 -7/-87/-7 -9/-89/-7 
f -8/-88/-6 -6/-86/-6 -5/-85/-6 -7/-87/-6 
f -6/-86/-5 -4/-84/-5 -3/-83/-5 -5/-85/-5 
f -4/-84/-4 -2/-82/-4 -1/-81/-4 -3/-83/-4 
f -2/-82/-3 -80/-162/-3 -77/-159/-3 -1/-81/-3 
f -4/-80/-2 -6/-79/-2 -8/-78/-2 -80/-77/-2 
f -8/-78/-2 -10/-76/-2 -12/-75/-2 -16/-74/-2 
f -12/-75/-2 -14/-73/-2 -16/-74/-2 
f -16/-74/-2 -18/-72/-2 -20/-71/-2 -24/-70/-2 
f -20/-71/-2 -22/-69/-2 -24/-70/-2 
f -24/-70/-2 -26/-68/-2 -28/-67/-2 -32/-66/-2 
f -28/-67/-2 -30/-65/-2 -32/-66/-2 
f -16/-74/-2 -24/-70/-2 -32/-66/-2 -80/-77/-2 
f -32/-66/-2 -34/-64/-2 -36/-63/-2 -40/-62/-2 
f -36/-63/-2 -38/-61/-2 -40/-62/-2 
f -40/-62/-2 -42/-60/-2 -44/-59/-2 -48/-58/-2 
f -44/-59/-2 -46/-57/-2 -48/-58/-2 
f -32/-66/-2 -40/-62/-2 -48/-58/-2 -80/-77/-2 
f -48/-58/-2 -50/-56/-2 -52/-55/-2 -56/-54/-2 
f -52/-55/-2 -54/-53/-2 -56/-54/-2 
f -56/-54/-2 -58/-52/-2 -60/-51/-2 -64/-50/-2 
f -60/-51/-2 -62/-49/-2 -64/-50/-2 
f -48/-58/-2 -56/-54/-2 -64/-50/-2 -80/-77/-2 
f -64/-50/-2 -66/-48/-2 -68/-47/-2 -72/-46/-2 
f -68/-47/-2 -70/-45/-2 -72/-46/-2 
f -72/-46/-2 -74/-44/-2 -76/-43/-2 -80/-77/-2 
f -76/-43/-2 -79/-42/-2 -80/-77/-2 
f -64/-50/-2 -72/-46/-2 -80/-77/-2 
f -8/-78/-2 -16/-74/-2 -80/-77/-2 
f -2/-41/-2 -4/-80/-2 -80/-77/-2 
usemtl 03___Default
f -78/-40/-1 -75/-39/-1 -73/-38/-1 -1/-37/-1 
f -73/-38/-1 -71/-36/-1 -69/-35/-1 -65/-34/-1 
f -69/-35/-1 -67/-33/-1 -65/-34/-1 
f -65/-34/-1 -63/-32/-1 -61/-31/-1 -57/-30/-1 
f -61/-31/-1 -59/-29/-1 -57/-30/-1 
f -57/-30/-1 -55/-28/-1 -53/-27/-1 -49/-26/-1 
f -53/-27/-1 -51/-25/-1 -49/-26/-1 
f -65/-34/-1 -57/-30/-1 -49/-26/-1 -1/-37/-1 
f -49/-26/-1 -47/-24/-1 -45/-23/-1 -41/-22/-1 
f -45/-23/-1 -43/-21/-1 -41/-22/-1 
f -41/-22/-1 -39/-20/-1 -37/-19/-1 -33/-18/-1 
f -37/-19/-1 -35/-17/-1 -33/-18/-1 
f -49/-26/-1 -41/-22/-1 -33/-18/-1 -1/-37/-1 
f -33/-18/-1 -31/-16/-1 -29/-15/-1 -25/-14/-1 
f -29/-15/-1 -27/-13/-1 -25/-14/-1 
f -25/-14/-1 -23/-12/-1 -21/-11/-1 -17/-10/-1 
f -21/-11/-1 -19/-9/-1 -17/-10/-1 
f -33/-18/-1 -25/-14/-1 -17/-10/-1 -1/-37/-1 
f -17/-10/-1 -15/-8/-1 -13/-7/-1 -9/-6/-1 
f -13/-7/-1 -11/-5/-1 -9/-6/-1 
f -9/-6/-1 -7/-4/-1 -5/-3/-1 -1/-37/-1 
f -5/-3/-1 -3/-2/-1 -1/-37/-1 
f -17/-10/-1 -9/-6/-1 -1/-37/-1 
f -73/-38/-1 -65/-34/-1 -1/-37/-1 
f -77/-1/-1 -78/-40/-1 -1/-37/-1 
# 66 polygons - 24 triangles

#
# object Cylinder034
#

v  -746071.8750 495900.1250 439834.6250
v  -736755.4375 501693.5938 455037.6250
v  -736396.6250 498832.9688 455623.1875
v  -736276.0000 495900.1250 455820.0000
v  -738146.8750 506919.9688 452767.0625
v  -737343.6875 504411.5625 454077.6875
v  -740314.0000 511067.6563 449230.5938
v  -739145.1250 509157.0313 451138.0000
v  -743044.8125 513730.6250 444774.3750
v  -741624.6250 512604.7813 447091.8438
v  -746071.8750 514648.2188 439834.6250
v  -744539.4375 514417.4063 442335.2813
v  -749099.0000 513730.6250 434894.8750
v  -747604.3125 514417.4063 437333.9688
v  -751829.7500 511067.6563 430438.6563
v  -750519.1250 512604.7813 432577.4063
v  -753996.9375 506919.9688 426902.1875
v  -752998.6250 509157.0313 428531.2500
v  -755388.3125 501693.5938 424631.6250
v  -754800.0625 504411.5625 425591.5313
v  -755867.7500 495900.1250 423849.2500
v  -755747.1250 498832.9688 424046.0625
v  -755388.3125 490106.6250 424631.6250
v  -755747.1250 492967.2813 424046.0625
v  -753996.8750 484880.2500 426902.1875
v  -754800.0625 487388.6563 425591.5625
v  -751829.7500 480732.5938 430438.6875
v  -752998.6250 482643.2188 428531.2813
v  -749098.9375 478069.6250 434894.9063
v  -750519.1250 479195.4375 432577.4375
v  -746071.8750 477152.0313 439834.6563
v  -747604.2500 477382.8438 437334.0000
v  -743044.7500 478069.6563 444774.4063
v  -744539.4375 477382.8750 442335.3125
v  -740314.0000 480732.6250 449230.6250
v  -741624.6250 479195.4688 447091.8750
v  -738146.8125 484880.3125 452767.0938
v  -739145.1250 482643.2500 451138.0000
v  -736755.4375 490106.6875 455037.6250
v  -737343.6875 487388.6875 454077.7188
v  -736396.6250 492967.3125 455623.1875
v  -742368.5625 498832.9688 459282.8125
v  -742247.9375 495900.1250 459479.6250
v  -742727.4375 501693.5938 458697.2500
v  -743315.6250 504411.5625 457737.3438
v  -744118.8125 506919.9688 456426.6875
v  -745117.1250 509157.0313 454797.6250
v  -746286.0000 511067.6563 452890.2188
v  -747596.6250 512604.7813 450751.4688
v  -749016.7500 513730.6250 448434.0000
v  -750511.4375 514417.4063 445994.9063
v  -752043.8750 514648.2188 443494.2500
v  -753576.2500 514417.4063 440993.5938
v  -755070.9375 513730.6250 438554.5000
v  -756491.0625 512604.7813 436237.0313
v  -757801.7500 511067.6563 434098.2813
v  -758970.5625 509157.0313 432190.8750
v  -759968.8750 506919.9688 430561.8125
v  -760772.0625 504411.5625 429251.1875
v  -761360.2500 501693.5938 428291.2500
v  -761719.1250 498832.9688 427705.6875
v  -761839.6875 495900.1250 427508.8750
v  -761719.1250 492967.2813 427705.6875
v  -761360.2500 490106.6250 428291.2813
v  -760772.0000 487388.6563 429251.1875
v  -759968.8750 484880.2500 430561.8438
v  -758970.5625 482643.2188 432190.9063
v  -757801.6875 480732.5938 434098.3125
v  -756491.0625 479195.4375 436237.0625
v  -755070.9375 478069.6250 438554.5313
v  -753576.2500 477382.8438 440993.6250
v  -752043.8125 477152.0313 443494.2813
v  -750511.4375 477382.8750 445994.9375
v  -749016.7500 478069.6563 448434.0313
v  -747596.5625 479195.4688 450751.5000
v  -746285.9375 480732.6250 452890.2500
v  -745117.1250 482643.2500 454797.6563
v  -744118.8125 484880.3125 456426.7188
v  -743315.6250 487388.6875 457737.3438
v  -742727.3750 490106.6875 458697.2500
v  -742368.5625 492967.3125 459282.8438
v  -752043.8125 495900.1250 443494.2500
# 82 vertices

vn 0.8526 0.0000 -0.5225
vn 0.5225 0.0000 0.8526
vn 0.5161 0.1564 0.8421
vn 0.4969 0.3090 0.8109
vn 0.4656 0.4540 0.7597
vn 0.4227 0.5878 0.6898
vn 0.3695 0.7071 0.6029
vn 0.3071 0.8090 0.5012
vn 0.2372 0.8910 0.3871
vn 0.1615 0.9511 0.2635
vn 0.0817 0.9877 0.1334
vn -0.0000 1.0000 -0.0000
vn -0.0817 0.9877 -0.1334
vn -0.1615 0.9511 -0.2635
vn -0.2372 0.8910 -0.3871
vn -0.3071 0.8090 -0.5012
vn -0.3695 0.7071 -0.6029
vn -0.4227 0.5878 -0.6898
vn -0.4656 0.4540 -0.7597
vn -0.4969 0.3090 -0.8109
vn -0.5161 0.1564 -0.8421
vn -0.5225 -0.0000 -0.8526
vn -0.5161 -0.1564 -0.8421
vn -0.4969 -0.3090 -0.8109
vn -0.4656 -0.4540 -0.7597
vn -0.4227 -0.5878 -0.6898
vn -0.3695 -0.7071 -0.6029
vn -0.3071 -0.8090 -0.5012
vn -0.2372 -0.8910 -0.3871
vn -0.1615 -0.9511 -0.2635
vn -0.0817 -0.9877 -0.1334
vn 0.0000 -1.0000 0.0000
vn 0.0817 -0.9877 0.1334
vn 0.1615 -0.9511 0.2635
vn 0.2372 -0.8910 0.3871
vn 0.3071 -0.8090 0.5012
vn 0.3695 -0.7071 0.6029
vn 0.4227 -0.5878 0.6898
vn 0.4656 -0.4540 0.7597
vn 0.4969 -0.3090 0.8109
vn 0.5161 -0.1564 0.8421
vn -0.8526 -0.0000 0.5225
# 42 vertex normals

vt 0.5000 0.0000 0.0000
vt 0.8000 0.0000 1.0000
vt 0.7750 0.0000 1.0000
vt 0.7500 0.0000 1.0000
vt 0.8500 0.0000 1.0000
vt 0.8250 0.0000 1.0000
vt 0.9000 0.0000 1.0000
vt 0.8750 0.0000 1.0000
vt 0.9500 0.0000 1.0000
vt 0.9250 0.0000 1.0000
vt 0.9883 0.0000 0.9754
vt 0.9750 0.0000 1.0000
vt 0.0500 0.0000 1.0000
vt 0.0250 0.0000 1.0000
vt 0.0000 0.0000 1.0000
vt 0.1000 0.0000 1.0000
vt 0.0750 0.0000 1.0000
vt 0.1500 0.0000 1.0000
vt 0.1250 0.0000 1.0000
vt 0.2000 0.0000 1.0000
vt 0.1750 0.0000 1.0000
vt 0.2500 0.0000 1.0000
vt 0.2250 0.0000 1.0000
vt 0.3000 0.0000 1.0000
vt 0.2750 0.0000 1.0000
vt 0.3500 0.0000 1.0000
vt 0.3250 0.0000 1.0000
vt 0.4000 0.0000 1.0000
vt 0.3750 0.0000 1.0000
vt 0.4500 0.0000 1.0000
vt 0.4250 0.0000 1.0000
vt 0.5000 0.0000 1.0000
vt 0.4750 0.0000 1.0000
vt 0.5500 0.0000 1.0000
vt 0.5250 0.0000 1.0000
vt 0.6000 0.0000 1.0000
vt 0.5750 0.0000 1.0000
vt 0.6500 0.0000 1.0000
vt 0.6250 0.0000 1.0000
vt 0.7000 0.0000 1.0000
vt 0.6750 0.0000 1.0000
vt 0.7250 0.0000 1.0000
vt 0.7750 1.0000 1.0000
vt 0.7500 1.0000 1.0000
vt 0.8000 1.0000 1.0000
vt 0.8250 1.0000 1.0000
vt 0.8500 1.0000 1.0000
vt 0.8750 1.0000 1.0000
vt 0.9000 1.0000 1.0000
vt 0.9250 1.0000 1.0000
vt 0.9500 1.0000 1.0000
vt 0.9750 1.0000 1.0000
vt -0.0250 0.0000 1.0000
vt 0.0000 1.0000 1.0000
vt -0.0250 1.0000 1.0000
vt 0.0250 1.0000 1.0000
vt 0.0500 1.0000 1.0000
vt 0.0750 1.0000 1.0000
vt 0.1000 1.0000 1.0000
vt 0.1250 1.0000 1.0000
vt 0.1500 1.0000 1.0000
vt 0.1750 1.0000 1.0000
vt 0.2000 1.0000 1.0000
vt 0.2250 1.0000 1.0000
vt 0.2500 1.0000 1.0000
vt 0.2750 1.0000 1.0000
vt 0.3000 1.0000 1.0000
vt 0.3250 1.0000 1.0000
vt 0.3500 1.0000 1.0000
vt 0.3750 1.0000 1.0000
vt 0.4000 1.0000 1.0000
vt 0.4250 1.0000 1.0000
vt 0.4500 1.0000 1.0000
vt 0.4750 1.0000 1.0000
vt 0.5000 1.0000 1.0000
vt 0.5250 1.0000 1.0000
vt 0.5500 1.0000 1.0000
vt 0.5750 1.0000 1.0000
vt 0.6000 1.0000 1.0000
vt 0.6250 1.0000 1.0000
vt 0.6500 1.0000 1.0000
vt 0.6750 1.0000 1.0000
vt 0.7000 1.0000 1.0000
vt 0.7250 1.0000 1.0000
vt 0.5000 1.0000 0.0000
# 85 texture coords

g Cylinder034
usemtl 02___Default
s 1
f -82/-85/-42 -81/-84/-42 -80/-83/-42 -79/-82/-42 
f -82/-85/-42 -78/-81/-42 -77/-80/-42 -81/-84/-42 
f -82/-85/-42 -76/-79/-42 -75/-78/-42 -78/-81/-42 
f -82/-85/-42 -74/-77/-42 -73/-76/-42 -76/-79/-42 
f -82/-85/-42 -72/-75/-42 -71/-74/-42 -74/-77/-42 
f -82/-85/-42 -70/-73/-42 -69/-72/-42 -72/-71/-42 
f -82/-85/-42 -68/-70/-42 -67/-69/-42 -70/-73/-42 
f -82/-85/-42 -66/-68/-42 -65/-67/-42 -68/-70/-42 
f -82/-85/-42 -64/-66/-42 -63/-65/-42 -66/-68/-42 
f -82/-85/-42 -62/-64/-42 -61/-63/-42 -64/-66/-42 
f -82/-85/-42 -60/-62/-42 -59/-61/-42 -62/-64/-42 
f -82/-85/-42 -58/-60/-42 -57/-59/-42 -60/-62/-42 
f -82/-85/-42 -56/-58/-42 -55/-57/-42 -58/-60/-42 
f -82/-85/-42 -54/-56/-42 -53/-55/-42 -56/-58/-42 
f -82/-85/-42 -52/-54/-42 -51/-53/-42 -54/-56/-42 
f -82/-85/-42 -50/-52/-42 -49/-51/-42 -52/-54/-42 
f -82/-85/-42 -48/-50/-42 -47/-49/-42 -50/-52/-42 
f -82/-85/-42 -46/-48/-42 -45/-47/-42 -48/-50/-42 
f -82/-85/-42 -44/-46/-42 -43/-45/-42 -46/-48/-42 
f -82/-85/-42 -79/-82/-42 -42/-44/-42 -44/-46/-42 
s 8
f -79/-82/-41 -80/-83/-40 -41/-43/-40 -40/-42/-41 
f -80/-83/-40 -81/-84/-39 -39/-41/-39 -41/-43/-40 
f -81/-84/-39 -77/-80/-38 -38/-40/-38 -39/-41/-39 
f -77/-80/-38 -78/-81/-37 -37/-39/-37 -38/-40/-38 
f -78/-81/-37 -75/-78/-36 -36/-38/-36 -37/-39/-37 
f -75/-78/-36 -76/-79/-35 -35/-37/-35 -36/-38/-36 
f -76/-79/-35 -73/-76/-34 -34/-36/-34 -35/-37/-35 
f -73/-76/-34 -74/-77/-33 -33/-35/-33 -34/-36/-34 
f -74/-77/-33 -71/-74/-32 -32/-34/-32 -33/-35/-33 
f -71/-33/-32 -72/-71/-31 -31/-32/-31 -32/-31/-32 
f -72/-71/-31 -69/-72/-30 -30/-30/-30 -31/-32/-31 
f -69/-72/-30 -70/-73/-29 -29/-29/-29 -30/-30/-30 
f -70/-73/-29 -67/-69/-28 -28/-28/-28 -29/-29/-29 
f -67/-69/-28 -68/-70/-27 -27/-27/-27 -28/-28/-28 
f -68/-70/-27 -65/-67/-26 -26/-26/-26 -27/-27/-27 
f -65/-67/-26 -66/-68/-25 -25/-25/-25 -26/-26/-26 
f -66/-68/-25 -63/-65/-24 -24/-24/-24 -25/-25/-25 
f -63/-65/-24 -64/-66/-23 -23/-23/-23 -24/-24/-24 
f -64/-66/-23 -61/-63/-22 -22/-22/-22 -23/-23/-23 
f -61/-63/-22 -62/-64/-21 -21/-21/-21 -22/-22/-22 
f -62/-64/-21 -59/-61/-20 -20/-20/-20 -21/-21/-21 
f -59/-61/-20 -60/-62/-19 -19/-19/-19 -20/-20/-20 
f -60/-62/-19 -57/-59/-18 -18/-18/-18 -19/-19/-19 
f -57/-59/-18 -58/-60/-17 -17/-17/-17 -18/-18/-18 
f -58/-60/-17 -55/-57/-16 -16/-16/-16 -17/-17/-17 
f -55/-57/-16 -56/-58/-15 -15/-15/-15 -16/-16/-16 
f -56/-58/-15 -53/-55/-14 -14/-14/-14 -15/-15/-15 
f -53/-55/-14 -54/-56/-13 -13/-13/-13 -14/-14/-14 
f -54/-56/-13 -51/-53/-12 -12/-12/-12 -13/-13/-13 
f -51/-53/-12 -52/-54/-11 -11/-11/-11 -12/-12/-12 
f -52/-54/-11 -49/-51/-10 -10/-10/-10 -11/-11/-11 
f -49/-51/-10 -50/-52/-9 -9/-9/-9 -10/-10/-10 
f -50/-52/-9 -47/-49/-8 -8/-8/-8 -9/-9/-9 
f -47/-49/-8 -48/-50/-7 -7/-7/-7 -8/-8/-8 
f -48/-50/-7 -45/-47/-6 -6/-6/-6 -7/-7/-7 
f -45/-47/-6 -46/-48/-5 -5/-5/-5 -6/-6/-6 
f -46/-48/-5 -43/-45/-4 -4/-4/-4 -5/-5/-5 
f -43/-45/-4 -44/-46/-3 -3/-3/-3 -4/-4/-4 
f -44/-46/-3 -42/-44/-2 -2/-2/-2 -3/-3/-3 
f -42/-44/-2 -79/-82/-41 -40/-42/-41 -2/-2/-2 
s 1
f -1/-1/-1 -2/-2/-1 -40/-42/-1 -41/-43/-1 
f -1/-1/-1 -41/-43/-1 -39/-41/-1 -38/-40/-1 
f -1/-1/-1 -38/-40/-1 -37/-39/-1 -36/-38/-1 
f -1/-1/-1 -36/-38/-1 -35/-37/-1 -34/-36/-1 
f -1/-1/-1 -34/-36/-1 -33/-35/-1 -32/-34/-1 
f -1/-1/-1 -32/-31/-1 -31/-32/-1 -30/-30/-1 
f -1/-1/-1 -30/-30/-1 -29/-29/-1 -28/-28/-1 
f -1/-1/-1 -28/-28/-1 -27/-27/-1 -26/-26/-1 
f -1/-1/-1 -26/-26/-1 -25/-25/-1 -24/-24/-1 
f -1/-1/-1 -24/-24/-1 -23/-23/-1 -22/-22/-1 
f -1/-1/-1 -22/-22/-1 -21/-21/-1 -20/-20/-1 
f -1/-1/-1 -20/-20/-1 -19/-19/-1 -18/-18/-1 
f -1/-1/-1 -18/-18/-1 -17/-17/-1 -16/-16/-1 
f -1/-1/-1 -16/-16/-1 -15/-15/-1 -14/-14/-1 
f -1/-1/-1 -14/-14/-1 -13/-13/-1 -12/-12/-1 
f -1/-1/-1 -12/-12/-1 -11/-11/-1 -10/-10/-1 
f -1/-1/-1 -10/-10/-1 -9/-9/-1 -8/-8/-1 
f -1/-1/-1 -8/-8/-1 -7/-7/-1 -6/-6/-1 
f -1/-1/-1 -6/-6/-1 -5/-5/-1 -4/-4/-1 
f -1/-1/-1 -4/-4/-1 -3/-3/-1 -2/-2/-1 
# 80 polygons

#
# object Cylinder035
#

v  -465355.1250 494349.3750 611772.7500
v  -447579.5938 500142.8438 613171.6875
v  -446894.9375 497282.2188 613225.5625
v  -446664.8125 494349.3750 613243.6875
v  -450234.3438 505369.2188 612962.7500
v  -448701.9375 502860.8125 613083.3750
v  -454369.2500 509516.9063 612637.3125
v  -452139.0938 507606.2813 612812.8750
v  -459579.5000 512179.8750 612227.3125
v  -456869.9063 511054.0313 612440.5625
v  -465355.1250 513097.4688 611772.7500
v  -462431.3125 512866.6563 612002.8750
v  -471130.7500 512179.8750 611318.1875
v  -468278.9375 512866.6563 611542.6250
v  -476341.0313 509516.9063 610908.1875
v  -473840.3438 511054.0313 611104.9375
v  -480475.9063 505369.2188 610582.7500
v  -478571.1875 507606.2813 610732.6250
v  -483130.6875 500142.8438 610373.8125
v  -482008.3125 502860.8125 610462.1250
v  -484045.4375 494349.3750 610301.8125
v  -483815.3438 497282.2188 610319.9375
v  -483130.6563 488555.8750 610373.8125
v  -483815.3125 491416.5313 610319.9375
v  -480475.8750 483329.5000 610582.7500
v  -482008.3125 485837.9063 610462.1250
v  -476341.0000 479181.8438 610908.1875
v  -478571.1563 481092.4688 610732.6250
v  -471130.7188 476518.8750 611318.1875
v  -473840.3125 477644.6875 611104.9375
v  -465355.0938 475601.2813 611772.7500
v  -468278.9063 475832.0938 611542.6250
v  -459579.4688 476518.8750 612227.3125
v  -462431.2813 475832.1250 612002.8750
v  -454369.2188 479181.8750 612637.3125
v  -456869.8750 477644.7188 612440.5625
v  -450234.3125 483329.5625 612962.7500
v  -452139.0625 481092.5000 612812.8750
v  -447579.5625 488555.9375 613171.6875
v  -448701.9063 485837.9375 613083.3750
v  -446894.9063 491416.5625 613225.5625
v  -447444.4375 497282.2188 620208.0625
v  -447214.3438 494349.3750 620226.1875
v  -448129.1250 500142.8438 620154.1875
v  -449251.4688 502860.8125 620065.8750
v  -450783.8750 505369.2188 619945.2500
v  -452688.5938 507606.2813 619795.3750
v  -454918.7500 509516.9063 619619.8125
v  -457419.4375 511054.0313 619423.0625
v  -460129.0313 512179.8750 619209.8125
v  -462980.8438 512866.6563 618985.3750
v  -465904.6563 513097.4688 618755.2500
v  -468828.4688 512866.6563 618525.1250
v  -471680.2813 512179.8750 618300.6875
v  -474389.8750 511054.0313 618087.4375
v  -476890.5625 509516.9063 617890.6875
v  -479120.7188 507606.2813 617715.1250
v  -481025.4375 505369.2188 617565.2500
v  -482557.8438 502860.8125 617444.6250
v  -483680.1875 500142.8438 617356.3125
v  -484364.8438 497282.2188 617302.4375
v  -484594.9688 494349.3750 617284.3125
v  -484364.8438 491416.5313 617302.4375
v  -483680.1875 488555.8750 617356.3125
v  -482557.8125 485837.9063 617444.6250
v  -481025.4063 483329.5000 617565.2500
v  -479120.6875 481092.4688 617715.1250
v  -476890.5313 479181.8438 617890.6875
v  -474389.8438 477644.6875 618087.4375
v  -471680.2500 476518.8750 618300.6875
v  -468828.4375 475832.0938 618525.1250
v  -465904.6250 475601.2813 618755.2500
v  -462980.8125 475832.1250 618985.3750
v  -460129.0000 476518.8750 619209.8125
v  -457419.4063 477644.7188 619423.0625
v  -454918.7188 479181.8750 619619.8750
v  -452688.5938 481092.5000 619795.3750
v  -450783.8438 483329.5625 619945.2500
v  -449251.4375 485837.9375 620065.8750
v  -448129.0938 488555.9375 620154.1875
v  -447444.4375 491416.5625 620208.0625
v  -465904.6563 494349.3750 618755.2500
# 82 vertices

vn 0.0785 -0.0000 -0.9969
vn 0.9969 0.0000 0.0785
vn 0.9846 0.1564 0.0775
vn 0.9481 0.3090 0.0746
vn 0.8883 0.4540 0.0699
vn 0.8065 0.5878 0.0635
vn 0.7049 0.7071 0.0555
vn 0.5860 0.8090 0.0461
vn 0.4526 0.8910 0.0356
vn 0.3081 0.9511 0.0242
vn 0.1560 0.9877 0.0123
vn -0.0000 1.0000 -0.0000
vn -0.1560 0.9877 -0.0123
vn -0.3081 0.9511 -0.0242
vn -0.4526 0.8910 -0.0356
vn -0.5860 0.8090 -0.0461
vn -0.7049 0.7071 -0.0555
vn -0.8065 0.5878 -0.0635
vn -0.8883 0.4540 -0.0699
vn -0.9481 0.3090 -0.0746
vn -0.9846 0.1564 -0.0775
vn -0.9969 -0.0000 -0.0785
vn -0.9846 -0.1564 -0.0775
vn -0.9481 -0.3090 -0.0746
vn -0.8883 -0.4540 -0.0699
vn -0.8065 -0.5878 -0.0635
vn -0.7049 -0.7071 -0.0555
vn -0.5860 -0.8090 -0.0461
vn -0.4526 -0.8910 -0.0356
vn -0.3081 -0.9511 -0.0242
vn -0.1560 -0.9877 -0.0123
vn 0.0000 -1.0000 0.0000
vn 0.1560 -0.9877 0.0123
vn 0.3081 -0.9511 0.0242
vn 0.4526 -0.8910 0.0356
vn 0.5860 -0.8090 0.0461
vn 0.7049 -0.7071 0.0555
vn 0.8065 -0.5878 0.0635
vn 0.8883 -0.4540 0.0699
vn 0.9481 -0.3090 0.0746
vn 0.9846 -0.1564 0.0775
vn -0.0785 0.0000 0.9969
# 42 vertex normals

vt 0.5000 0.0000 0.0000
vt 0.8000 0.0000 1.0000
vt 0.7750 0.0000 1.0000
vt 0.7500 0.0000 1.0000
vt 0.8500 0.0000 1.0000
vt 0.8250 0.0000 1.0000
vt 0.9000 0.0000 1.0000
vt 0.8750 0.0000 1.0000
vt 0.9500 0.0000 1.0000
vt 0.9250 0.0000 1.0000
vt 0.9883 0.0000 0.9754
vt 0.9750 0.0000 1.0000
vt 0.0500 0.0000 1.0000
vt 0.0250 0.0000 1.0000
vt 0.0000 0.0000 1.0000
vt 0.1000 0.0000 1.0000
vt 0.0750 0.0000 1.0000
vt 0.1500 0.0000 1.0000
vt 0.1250 0.0000 1.0000
vt 0.2000 0.0000 1.0000
vt 0.1750 0.0000 1.0000
vt 0.2500 0.0000 1.0000
vt 0.2250 0.0000 1.0000
vt 0.3000 0.0000 1.0000
vt 0.2750 0.0000 1.0000
vt 0.3500 0.0000 1.0000
vt 0.3250 0.0000 1.0000
vt 0.4000 0.0000 1.0000
vt 0.3750 0.0000 1.0000
vt 0.4500 0.0000 1.0000
vt 0.4250 0.0000 1.0000
vt 0.5000 0.0000 1.0000
vt 0.4750 0.0000 1.0000
vt 0.5500 0.0000 1.0000
vt 0.5250 0.0000 1.0000
vt 0.6000 0.0000 1.0000
vt 0.5750 0.0000 1.0000
vt 0.6500 0.0000 1.0000
vt 0.6250 0.0000 1.0000
vt 0.7000 0.0000 1.0000
vt 0.6750 0.0000 1.0000
vt 0.7250 0.0000 1.0000
vt 0.7750 1.0000 1.0000
vt 0.7500 1.0000 1.0000
vt 0.8000 1.0000 1.0000
vt 0.8250 1.0000 1.0000
vt 0.8500 1.0000 1.0000
vt 0.8750 1.0000 1.0000
vt 0.9000 1.0000 1.0000
vt 0.9250 1.0000 1.0000
vt 0.9500 1.0000 1.0000
vt 0.9750 1.0000 1.0000
vt -0.0250 0.0000 1.0000
vt 0.0000 1.0000 1.0000
vt -0.0250 1.0000 1.0000
vt 0.0250 1.0000 1.0000
vt 0.0500 1.0000 1.0000
vt 0.0750 1.0000 1.0000
vt 0.1000 1.0000 1.0000
vt 0.1250 1.0000 1.0000
vt 0.1500 1.0000 1.0000
vt 0.1750 1.0000 1.0000
vt 0.2000 1.0000 1.0000
vt 0.2250 1.0000 1.0000
vt 0.2500 1.0000 1.0000
vt 0.2750 1.0000 1.0000
vt 0.3000 1.0000 1.0000
vt 0.3250 1.0000 1.0000
vt 0.3500 1.0000 1.0000
vt 0.3750 1.0000 1.0000
vt 0.4000 1.0000 1.0000
vt 0.4250 1.0000 1.0000
vt 0.4500 1.0000 1.0000
vt 0.4750 1.0000 1.0000
vt 0.5000 1.0000 1.0000
vt 0.5250 1.0000 1.0000
vt 0.5500 1.0000 1.0000
vt 0.5750 1.0000 1.0000
vt 0.6000 1.0000 1.0000
vt 0.6250 1.0000 1.0000
vt 0.6500 1.0000 1.0000
vt 0.6750 1.0000 1.0000
vt 0.7000 1.0000 1.0000
vt 0.7250 1.0000 1.0000
vt 0.5000 1.0000 0.0000
# 85 texture coords

g Cylinder035
usemtl 02___Default
s 1
f -82/-85/-42 -81/-84/-42 -80/-83/-42 -79/-82/-42 
f -82/-85/-42 -78/-81/-42 -77/-80/-42 -81/-84/-42 
f -82/-85/-42 -76/-79/-42 -75/-78/-42 -78/-81/-42 
f -82/-85/-42 -74/-77/-42 -73/-76/-42 -76/-79/-42 
f -82/-85/-42 -72/-75/-42 -71/-74/-42 -74/-77/-42 
f -82/-85/-42 -70/-73/-42 -69/-72/-42 -72/-71/-42 
f -82/-85/-42 -68/-70/-42 -67/-69/-42 -70/-73/-42 
f -82/-85/-42 -66/-68/-42 -65/-67/-42 -68/-70/-42 
f -82/-85/-42 -64/-66/-42 -63/-65/-42 -66/-68/-42 
f -82/-85/-42 -62/-64/-42 -61/-63/-42 -64/-66/-42 
f -82/-85/-42 -60/-62/-42 -59/-61/-42 -62/-64/-42 
f -82/-85/-42 -58/-60/-42 -57/-59/-42 -60/-62/-42 
f -82/-85/-42 -56/-58/-42 -55/-57/-42 -58/-60/-42 
f -82/-85/-42 -54/-56/-42 -53/-55/-42 -56/-58/-42 
f -82/-85/-42 -52/-54/-42 -51/-53/-42 -54/-56/-42 
f -82/-85/-42 -50/-52/-42 -49/-51/-42 -52/-54/-42 
f -82/-85/-42 -48/-50/-42 -47/-49/-42 -50/-52/-42 
f -82/-85/-42 -46/-48/-42 -45/-47/-42 -48/-50/-42 
f -82/-85/-42 -44/-46/-42 -43/-45/-42 -46/-48/-42 
f -82/-85/-42 -79/-82/-42 -42/-44/-42 -44/-46/-42 
s 8
f -79/-82/-41 -80/-83/-40 -41/-43/-40 -40/-42/-41 
f -80/-83/-40 -81/-84/-39 -39/-41/-39 -41/-43/-40 
f -81/-84/-39 -77/-80/-38 -38/-40/-38 -39/-41/-39 
f -77/-80/-38 -78/-81/-37 -37/-39/-37 -38/-40/-38 
f -78/-81/-37 -75/-78/-36 -36/-38/-36 -37/-39/-37 
f -75/-78/-36 -76/-79/-35 -35/-37/-35 -36/-38/-36 
f -76/-79/-35 -73/-76/-34 -34/-36/-34 -35/-37/-35 
f -73/-76/-34 -74/-77/-33 -33/-35/-33 -34/-36/-34 
f -74/-77/-33 -71/-74/-32 -32/-34/-32 -33/-35/-33 
f -71/-33/-32 -72/-71/-31 -31/-32/-31 -32/-31/-32 
f -72/-71/-31 -69/-72/-30 -30/-30/-30 -31/-32/-31 
f -69/-72/-30 -70/-73/-29 -29/-29/-29 -30/-30/-30 
f -70/-73/-29 -67/-69/-28 -28/-28/-28 -29/-29/-29 
f -67/-69/-28 -68/-70/-27 -27/-27/-27 -28/-28/-28 
f -68/-70/-27 -65/-67/-26 -26/-26/-26 -27/-27/-27 
f -65/-67/-26 -66/-68/-25 -25/-25/-25 -26/-26/-26 
f -66/-68/-25 -63/-65/-24 -24/-24/-24 -25/-25/-25 
f -63/-65/-24 -64/-66/-23 -23/-23/-23 -24/-24/-24 
f -64/-66/-23 -61/-63/-22 -22/-22/-22 -23/-23/-23 
f -61/-63/-22 -62/-64/-21 -21/-21/-21 -22/-22/-22 
f -62/-64/-21 -59/-61/-20 -20/-20/-20 -21/-21/-21 
f -59/-61/-20 -60/-62/-19 -19/-19/-19 -20/-20/-20 
f -60/-62/-19 -57/-59/-18 -18/-18/-18 -19/-19/-19 
f -57/-59/-18 -58/-60/-17 -17/-17/-17 -18/-18/-18 
f -58/-60/-17 -55/-57/-16 -16/-16/-16 -17/-17/-17 
f -55/-57/-16 -56/-58/-15 -15/-15/-15 -16/-16/-16 
f -56/-58/-15 -53/-55/-14 -14/-14/-14 -15/-15/-15 
f -53/-55/-14 -54/-56/-13 -13/-13/-13 -14/-14/-14 
f -54/-56/-13 -51/-53/-12 -12/-12/-12 -13/-13/-13 
f -51/-53/-12 -52/-54/-11 -11/-11/-11 -12/-12/-12 
f -52/-54/-11 -49/-51/-10 -10/-10/-10 -11/-11/-11 
f -49/-51/-10 -50/-52/-9 -9/-9/-9 -10/-10/-10 
f -50/-52/-9 -47/-49/-8 -8/-8/-8 -9/-9/-9 
f -47/-49/-8 -48/-50/-7 -7/-7/-7 -8/-8/-8 
f -48/-50/-7 -45/-47/-6 -6/-6/-6 -7/-7/-7 
f -45/-47/-6 -46/-48/-5 -5/-5/-5 -6/-6/-6 
f -46/-48/-5 -43/-45/-4 -4/-4/-4 -5/-5/-5 
f -43/-45/-4 -44/-46/-3 -3/-3/-3 -4/-4/-4 
f -44/-46/-3 -42/-44/-2 -2/-2/-2 -3/-3/-3 
f -42/-44/-2 -79/-82/-41 -40/-42/-41 -2/-2/-2 
s 1
f -1/-1/-1 -2/-2/-1 -40/-42/-1 -41/-43/-1 
f -1/-1/-1 -41/-43/-1 -39/-41/-1 -38/-40/-1 
f -1/-1/-1 -38/-40/-1 -37/-39/-1 -36/-38/-1 
f -1/-1/-1 -36/-38/-1 -35/-37/-1 -34/-36/-1 
f -1/-1/-1 -34/-36/-1 -33/-35/-1 -32/-34/-1 
f -1/-1/-1 -32/-31/-1 -31/-32/-1 -30/-30/-1 
f -1/-1/-1 -30/-30/-1 -29/-29/-1 -28/-28/-1 
f -1/-1/-1 -28/-28/-1 -27/-27/-1 -26/-26/-1 
f -1/-1/-1 -26/-26/-1 -25/-25/-1 -24/-24/-1 
f -1/-1/-1 -24/-24/-1 -23/-23/-1 -22/-22/-1 
f -1/-1/-1 -22/-22/-1 -21/-21/-1 -20/-20/-1 
f -1/-1/-1 -20/-20/-1 -19/-19/-1 -18/-18/-1 
f -1/-1/-1 -18/-18/-1 -17/-17/-1 -16/-16/-1 
f -1/-1/-1 -16/-16/-1 -15/-15/-1 -14/-14/-1 
f -1/-1/-1 -14/-14/-1 -13/-13/-1 -12/-12/-1 
f -1/-1/-1 -12/-12/-1 -11/-11/-1 -10/-10/-1 
f -1/-1/-1 -10/-10/-1 -9/-9/-1 -8/-8/-1 
f -1/-1/-1 -8/-8/-1 -7/-7/-1 -6/-6/-1 
f -1/-1/-1 -6/-6/-1 -5/-5/-1 -4/-4/-1 
f -1/-1/-1 -4/-4/-1 -3/-3/-1 -2/-2/-1 
# 80 polygons

#
# object Cylinder036
#

v  -142549.7344 419999.7813 49664.0000
v  -75752.0000 419999.7813 74473.0781
v  -80455.3828 419999.7813 84617.1094
v  -86687.7422 419999.7813 93900.4688
v  -71354.8906 419999.7813 52617.2031
v  -72693.3906 419999.7813 63718.1719
v  -73926.8203 419999.7813 30472.2441
v  -71769.4375 419999.7813 41443.5156
v  -83216.0469 419999.7813 10205.9063
v  -77773.9375 419999.7813 19973.5371
v  -98313.2656 419999.7813 -6198.0000
v  -90119.1563 419999.7813 1409.8633
v  -117740.6719 419999.7813 -17133.7422
v  -107596.6406 419999.7813 -12430.3555
v  -139596.5625 419999.7813 -21530.8516
v  -128495.5938 419999.7813 -20192.3438
v  -161741.5313 419999.7813 -18958.9063
v  -150770.2500 419999.7813 -21116.3047
v  -182007.8750 419999.7813 -9669.6641
v  -172240.2344 419999.7813 -15111.7852
v  -198411.7656 419999.7813 5427.5703
v  -190803.9063 419999.7813 -2766.5547
v  -209347.5000 419999.7813 24854.9805
v  -204644.1094 419999.7813 14710.9492
v  -213744.5938 419999.7813 46710.8789
v  -212406.0938 419999.7813 35609.8984
v  -211172.6250 419999.7813 68855.8438
v  -213330.0313 419999.7813 57884.5664
v  -201883.3750 419999.7813 89122.1641
v  -207325.5000 419999.7813 79354.5391
v  -186786.1250 419999.7813 105526.0547
v  -194980.2500 419999.7813 97918.2031
v  -167358.7031 419999.7813 116461.7734
v  -177502.7500 419999.7813 111758.4063
v  -145502.8125 419999.7813 120858.8516
v  -156603.7969 419999.7813 119520.3594
v  -123357.8516 419999.7813 118286.8750
v  -134329.1250 419999.7813 120444.2891
v  -103091.5313 419999.7813 108997.6094
v  -112859.1484 419999.7813 114439.7422
v  -94295.5000 419999.7813 102094.4922
v  -80455.3828 439805.8438 84617.1094
v  -86687.7422 439805.8438 93900.4688
v  -75752.0000 439805.8438 74473.0781
v  -72693.3906 439805.8438 63718.1719
v  -71354.8906 439805.8438 52617.2031
v  -71769.4375 439805.8438 41443.5156
v  -73926.8203 439805.8438 30472.2441
v  -77773.9375 439805.8438 19973.5371
v  -83216.0469 439805.8438 10205.9063
v  -90119.1563 439805.8438 1409.8633
v  -98313.2656 439805.8438 -6198.0000
v  -107596.6406 439805.8438 -12430.3555
v  -117740.6719 439805.8438 -17133.7422
v  -128495.5938 439805.8438 -20192.3438
v  -139596.5625 439805.8438 -21530.8516
v  -150770.2500 439805.8438 -21116.3047
v  -161741.5313 439805.8438 -18958.9063
v  -172240.2344 439805.8438 -15111.7852
v  -182007.8750 439805.8438 -9669.6641
v  -190803.9063 439805.8438 -2766.5547
v  -198411.7656 439805.8438 5427.5703
v  -204644.1094 439805.8438 14710.9492
v  -209347.5000 439805.8438 24854.9805
v  -212406.0938 439805.8438 35609.8984
v  -213744.5938 439805.8438 46710.8789
v  -213330.0313 439805.8438 57884.5664
v  -211172.6250 439805.8438 68855.8438
v  -207325.5000 439805.8438 79354.5391
v  -201883.3750 439805.8438 89122.1641
v  -194980.2500 439805.8438 97918.2031
v  -186786.1250 439805.8438 105526.0547
v  -177502.7500 439805.8438 111758.4063
v  -167358.7031 439805.8438 116461.7734
v  -156603.7969 439805.8438 119520.3594
v  -145502.8125 439805.8438 120858.8516
v  -134329.1250 439805.8438 120444.2891
v  -123357.8516 439805.8438 118286.8750
v  -112859.1484 439805.8438 114439.7422
v  -103091.5313 439805.8438 108997.6094
v  -94295.5000 439805.8438 102094.4922
v  -142549.7344 439805.8438 49664.0000
# 82 vertices

vn 0.0000 -1.0000 -0.0000
vn 0.7840 0.0000 0.6208
vn 0.8714 0.0000 0.4905
vn 0.9374 0.0000 0.3482
vn 0.9804 0.0000 0.1972
vn 0.9991 0.0000 0.0414
vn 0.9933 0.0000 -0.1154
vn 0.9630 0.0000 -0.2693
vn 0.9091 0.0000 -0.4167
vn 0.8327 0.0000 -0.5538
vn 0.7358 0.0000 -0.6772
vn 0.6208 0.0000 -0.7840
vn 0.4905 0.0000 -0.8714
vn 0.3482 0.0000 -0.9374
vn 0.1972 0.0000 -0.9804
vn 0.0414 0.0000 -0.9991
vn -0.1154 0.0000 -0.9933
vn -0.2693 0.0000 -0.9630
vn -0.4167 0.0000 -0.9091
vn -0.5538 0.0000 -0.8327
vn -0.6772 0.0000 -0.7358
vn -0.7840 0.0000 -0.6208
vn -0.8714 0.0000 -0.4905
vn -0.9374 0.0000 -0.3482
vn -0.9804 0.0000 -0.1972
vn -0.9991 0.0000 -0.0414
vn -0.9933 0.0000 0.1154
vn -0.9630 0.0000 0.2693
vn -0.9091 0.0000 0.4167
vn -0.8327 0.0000 0.5538
vn -0.7358 0.0000 0.6772
vn -0.6208 0.0000 0.7840
vn -0.4905 0.0000 0.8714
vn -0.3482 0.0000 0.9374
vn -0.1972 0.0000 0.9804
vn -0.0414 0.0000 0.9991
vn 0.1154 0.0000 0.9933
vn 0.2693 0.0000 0.9630
vn 0.4167 0.0000 0.9091
vn 0.5538 0.0000 0.8327
vn 0.6772 0.0000 0.7358
vn 0.0000 1.0000 -0.0000
# 42 vertex normals

vt 0.5000 0.0000 0.0000
vt 0.8000 0.0000 1.0000
vt 0.7750 0.0000 1.0000
vt 0.7500 0.0000 1.0000
vt 0.8500 0.0000 1.0000
vt 0.8250 0.0000 1.0000
vt 0.9000 0.0000 1.0000
vt 0.8750 0.0000 1.0000
vt 0.9500 0.0000 1.0000
vt 0.9250 0.0000 1.0000
vt 0.0000 0.0000 1.0000
vt -0.0250 0.0000 1.0000
vt -0.0371 0.0000 0.9754
vt 0.0500 0.0000 1.0000
vt 0.0250 0.0000 1.0000
vt 0.1000 0.0000 1.0000
vt 0.0750 0.0000 1.0000
vt 0.1500 0.0000 1.0000
vt 0.1250 0.0000 1.0000
vt 0.2000 0.0000 1.0000
vt 0.1750 0.0000 1.0000
vt 0.2500 0.0000 1.0000
vt 0.2250 0.0000 1.0000
vt 0.3000 0.0000 1.0000
vt 0.2750 0.0000 1.0000
vt 0.3500 0.0000 1.0000
vt 0.3250 0.0000 1.0000
vt 0.4000 0.0000 1.0000
vt 0.3750 0.0000 1.0000
vt 0.4500 0.0000 1.0000
vt 0.4250 0.0000 1.0000
vt 0.5000 0.0000 1.0000
vt 0.4750 0.0000 1.0000
vt 0.5500 0.0000 1.0000
vt 0.5250 0.0000 1.0000
vt 0.6000 0.0000 1.0000
vt 0.5750 0.0000 1.0000
vt 0.6500 0.0000 1.0000
vt 0.6250 0.0000 1.0000
vt 0.7000 0.0000 1.0000
vt 0.6750 0.0000 1.0000
vt 0.7250 0.0000 1.0000
vt 0.7750 1.0000 1.0000
vt 0.7500 1.0000 1.0000
vt 0.8000 1.0000 1.0000
vt 0.8250 1.0000 1.0000
vt 0.8500 1.0000 1.0000
vt 0.8750 1.0000 1.0000
vt 0.9000 1.0000 1.0000
vt 0.9250 1.0000 1.0000
vt 0.9500 1.0000 1.0000
vt 0.9750 0.0000 1.0000
vt 0.9750 1.0000 1.0000
vt 0.0000 1.0000 1.0000
vt -0.0250 1.0000 1.0000
vt 0.0250 1.0000 1.0000
vt 0.0500 1.0000 1.0000
vt 0.0750 1.0000 1.0000
vt 0.1000 1.0000 1.0000
vt 0.1250 1.0000 1.0000
vt 0.1500 1.0000 1.0000
vt 0.1750 1.0000 1.0000
vt 0.2000 1.0000 1.0000
vt 0.2250 1.0000 1.0000
vt 0.2500 1.0000 1.0000
vt 0.2750 1.0000 1.0000
vt 0.3000 1.0000 1.0000
vt 0.3250 1.0000 1.0000
vt 0.3500 1.0000 1.0000
vt 0.3750 1.0000 1.0000
vt 0.4000 1.0000 1.0000
vt 0.4250 1.0000 1.0000
vt 0.4500 1.0000 1.0000
vt 0.4750 1.0000 1.0000
vt 0.5000 1.0000 1.0000
vt 0.5250 1.0000 1.0000
vt 0.5500 1.0000 1.0000
vt 0.5750 1.0000 1.0000
vt 0.6000 1.0000 1.0000
vt 0.6250 1.0000 1.0000
vt 0.6500 1.0000 1.0000
vt 0.6750 1.0000 1.0000
vt 0.7000 1.0000 1.0000
vt 0.7250 1.0000 1.0000
vt 0.5000 1.0000 0.0000
# 85 texture coords

g Cylinder036
usemtl 02___Default
s 1
f -82/-85/-42 -81/-84/-42 -80/-83/-42 -79/-82/-42 
f -82/-85/-42 -78/-81/-42 -77/-80/-42 -81/-84/-42 
f -82/-85/-42 -76/-79/-42 -75/-78/-42 -78/-81/-42 
f -82/-85/-42 -74/-77/-42 -73/-76/-42 -76/-79/-42 
f -82/-85/-42 -72/-75/-42 -71/-74/-42 -74/-73/-42 
f -82/-85/-42 -70/-72/-42 -69/-71/-42 -72/-75/-42 
f -82/-85/-42 -68/-70/-42 -67/-69/-42 -70/-72/-42 
f -82/-85/-42 -66/-68/-42 -65/-67/-42 -68/-70/-42 
f -82/-85/-42 -64/-66/-42 -63/-65/-42 -66/-68/-42 
f -82/-85/-42 -62/-64/-42 -61/-63/-42 -64/-66/-42 
f -82/-85/-42 -60/-62/-42 -59/-61/-42 -62/-64/-42 
f -82/-85/-42 -58/-60/-42 -57/-59/-42 -60/-62/-42 
f -82/-85/-42 -56/-58/-42 -55/-57/-42 -58/-60/-42 
f -82/-85/-42 -54/-56/-42 -53/-55/-42 -56/-58/-42 
f -82/-85/-42 -52/-54/-42 -51/-53/-42 -54/-56/-42 
f -82/-85/-42 -50/-52/-42 -49/-51/-42 -52/-54/-42 
f -82/-85/-42 -48/-50/-42 -47/-49/-42 -50/-52/-42 
f -82/-85/-42 -46/-48/-42 -45/-47/-42 -48/-50/-42 
f -82/-85/-42 -44/-46/-42 -43/-45/-42 -46/-48/-42 
f -82/-85/-42 -79/-82/-42 -42/-44/-42 -44/-46/-42 
s 8
f -79/-82/-41 -80/-83/-40 -41/-43/-40 -40/-42/-41 
f -80/-83/-40 -81/-84/-39 -39/-41/-39 -41/-43/-40 
f -81/-84/-39 -77/-80/-38 -38/-40/-38 -39/-41/-39 
f -77/-80/-38 -78/-81/-37 -37/-39/-37 -38/-40/-38 
f -78/-81/-37 -75/-78/-36 -36/-38/-36 -37/-39/-37 
f -75/-78/-36 -76/-79/-35 -35/-37/-35 -36/-38/-36 
f -76/-79/-35 -73/-76/-34 -34/-36/-34 -35/-37/-35 
f -73/-76/-34 -74/-77/-33 -33/-35/-33 -34/-36/-34 
f -74/-77/-33 -71/-34/-32 -32/-33/-32 -33/-35/-33 
f -71/-74/-32 -72/-75/-31 -31/-32/-31 -32/-31/-32 
f -72/-75/-31 -69/-71/-30 -30/-30/-30 -31/-32/-31 
f -69/-71/-30 -70/-72/-29 -29/-29/-29 -30/-30/-30 
f -70/-72/-29 -67/-69/-28 -28/-28/-28 -29/-29/-29 
f -67/-69/-28 -68/-70/-27 -27/-27/-27 -28/-28/-28 
f -68/-70/-27 -65/-67/-26 -26/-26/-26 -27/-27/-27 
f -65/-67/-26 -66/-68/-25 -25/-25/-25 -26/-26/-26 
f -66/-68/-25 -63/-65/-24 -24/-24/-24 -25/-25/-25 
f -63/-65/-24 -64/-66/-23 -23/-23/-23 -24/-24/-24 
f -64/-66/-23 -61/-63/-22 -22/-22/-22 -23/-23/-23 
f -61/-63/-22 -62/-64/-21 -21/-21/-21 -22/-22/-22 
f -62/-64/-21 -59/-61/-20 -20/-20/-20 -21/-21/-21 
f -59/-61/-20 -60/-62/-19 -19/-19/-19 -20/-20/-20 
f -60/-62/-19 -57/-59/-18 -18/-18/-18 -19/-19/-19 
f -57/-59/-18 -58/-60/-17 -17/-17/-17 -18/-18/-18 
f -58/-60/-17 -55/-57/-16 -16/-16/-16 -17/-17/-17 
f -55/-57/-16 -56/-58/-15 -15/-15/-15 -16/-16/-16 
f -56/-58/-15 -53/-55/-14 -14/-14/-14 -15/-15/-15 
f -53/-55/-14 -54/-56/-13 -13/-13/-13 -14/-14/-14 
f -54/-56/-13 -51/-53/-12 -12/-12/-12 -13/-13/-13 
f -51/-53/-12 -52/-54/-11 -11/-11/-11 -12/-12/-12 
f -52/-54/-11 -49/-51/-10 -10/-10/-10 -11/-11/-11 
f -49/-51/-10 -50/-52/-9 -9/-9/-9 -10/-10/-10 
f -50/-52/-9 -47/-49/-8 -8/-8/-8 -9/-9/-9 
f -47/-49/-8 -48/-50/-7 -7/-7/-7 -8/-8/-8 
f -48/-50/-7 -45/-47/-6 -6/-6/-6 -7/-7/-7 
f -45/-47/-6 -46/-48/-5 -5/-5/-5 -6/-6/-6 
f -46/-48/-5 -43/-45/-4 -4/-4/-4 -5/-5/-5 
f -43/-45/-4 -44/-46/-3 -3/-3/-3 -4/-4/-4 
f -44/-46/-3 -42/-44/-2 -2/-2/-2 -3/-3/-3 
f -42/-44/-2 -79/-82/-41 -40/-42/-41 -2/-2/-2 
s 1
f -1/-1/-1 -2/-2/-1 -40/-42/-1 -41/-43/-1 
f -1/-1/-1 -41/-43/-1 -39/-41/-1 -38/-40/-1 
f -1/-1/-1 -38/-40/-1 -37/-39/-1 -36/-38/-1 
f -1/-1/-1 -36/-38/-1 -35/-37/-1 -34/-36/-1 
f -1/-1/-1 -34/-36/-1 -33/-35/-1 -32/-33/-1 
f -1/-1/-1 -32/-31/-1 -31/-32/-1 -30/-30/-1 
f -1/-1/-1 -30/-30/-1 -29/-29/-1 -28/-28/-1 
f -1/-1/-1 -28/-28/-1 -27/-27/-1 -26/-26/-1 
f -1/-1/-1 -26/-26/-1 -25/-25/-1 -24/-24/-1 
f -1/-1/-1 -24/-24/-1 -23/-23/-1 -22/-22/-1 
f -1/-1/-1 -22/-22/-1 -21/-21/-1 -20/-20/-1 
f -1/-1/-1 -20/-20/-1 -19/-19/-1 -18/-18/-1 
f -1/-1/-1 -18/-18/-1 -17/-17/-1 -16/-16/-1 
f -1/-1/-1 -16/-16/-1 -15/-15/-1 -14/-14/-1 
f -1/-1/-1 -14/-14/-1 -13/-13/-1 -12/-12/-1 
f -1/-1/-1 -12/-12/-1 -11/-11/-1 -10/-10/-1 
f -1/-1/-1 -10/-10/-1 -9/-9/-1 -8/-8/-1 
f -1/-1/-1 -8/-8/-1 -7/-7/-1 -6/-6/-1 
f -1/-1/-1 -6/-6/-1 -5/-5/-1 -4/-4/-1 
f -1/-1/-1 -4/-4/-1 -3/-3/-1 -2/-2/-1 
# 80 polygons

#
# object Cylinder037
#

v  -627072.6875 494132.8750 -57484.4375
v  -642275.6875 499926.3438 -48168.0234
v  -642861.2500 497065.7188 -47809.1836
v  -643058.0625 494132.8750 -47688.5781
v  -640005.1250 505152.7188 -49559.4258
v  -641315.7500 502644.3125 -48756.2656
v  -636468.6250 509300.4063 -51726.5781
v  -638376.0625 507389.7813 -50557.7227
v  -632012.4375 511963.3750 -54457.3555
v  -634329.8750 510837.5313 -53037.2148
v  -627072.6875 512880.9688 -57484.4414
v  -629573.3750 512650.1563 -55952.0313
v  -622132.9375 511963.3750 -60511.5313
v  -624572.0000 512650.1563 -59016.8516
v  -617676.6875 509300.4063 -63242.3047
v  -619815.5000 510837.5313 -61931.6719
v  -614140.2500 505152.7188 -65409.4570
v  -615769.3125 507389.7813 -64411.1602
v  -611869.6875 499926.3438 -66800.8516
v  -612829.6250 502644.3125 -66212.6172
v  -611087.3125 494132.8750 -67280.2969
v  -611284.1250 497065.7188 -67159.6953
v  -611869.6875 488339.3750 -66800.8438
v  -611284.1250 491200.0000 -67159.6875
v  -614140.2500 483113.0000 -65409.4453
v  -612829.6250 485621.4063 -66212.6016
v  -617676.7500 478965.3438 -63242.2852
v  -615769.3125 480875.9688 -64411.1445
v  -622132.9375 476302.3750 -60511.5078
v  -619815.5000 477428.1875 -61931.6484
v  -627072.6875 475384.7813 -57484.4180
v  -624572.0625 475615.5938 -59016.8281
v  -632012.4375 476302.3750 -54457.3320
v  -629573.3750 475615.6250 -55952.0078
v  -636468.6875 478965.3750 -51726.5625
v  -634329.9375 477428.2188 -53037.1953
v  -640005.1250 483113.0625 -49559.4102
v  -638376.0625 480876.0000 -50557.7070
v  -642275.6875 488339.4375 -48168.0156
v  -641315.7500 485621.4375 -48756.2539
v  -642861.2500 491200.0625 -47809.1797
v  -646520.8750 497065.7188 -53781.1523
v  -646717.6875 494132.8750 -53660.5469
v  -645935.3125 499926.3438 -54139.9922
v  -644975.3750 502644.3125 -54728.2344
v  -643664.7500 505152.7188 -55531.3945
v  -642035.6875 507389.7813 -56529.6914
v  -640128.3125 509300.4063 -57698.5469
v  -637989.5000 510837.5313 -59009.1836
v  -635672.0625 511963.3750 -60429.3242
v  -633233.0000 512650.1563 -61924.0000
v  -630732.3125 512880.9688 -63456.4102
v  -628231.6250 512650.1563 -64988.8203
v  -625792.5625 511963.3750 -66483.5000
v  -623475.1250 510837.5313 -67903.6406
v  -621336.3750 509300.4063 -69214.2734
v  -619428.9375 507389.7813 -70383.1250
v  -617799.8750 505152.7188 -71381.4219
v  -616489.2500 502644.3125 -72184.5781
v  -615529.3125 499926.3438 -72772.8203
v  -614943.7500 497065.7188 -73131.6641
v  -614746.9375 494132.8750 -73252.2656
v  -614943.7500 491200.0000 -73131.6563
v  -615529.3125 488339.3750 -72772.8125
v  -616489.2500 485621.4063 -72184.5703
v  -617799.8750 483113.0000 -71381.4141
v  -619428.9375 480875.9688 -70383.1094
v  -621336.3750 478965.3438 -69214.2500
v  -623475.1250 477428.1875 -67903.6172
v  -625792.5625 476302.3750 -66483.4766
v  -628231.6875 475615.5938 -64988.7969
v  -630732.3125 475384.7813 -63456.3867
v  -633233.0000 475615.6250 -61923.9766
v  -635672.1250 476302.3750 -60429.3008
v  -637989.5625 477428.2188 -59009.1641
v  -640128.3125 478965.3750 -57698.5313
v  -642035.6875 480876.0000 -56529.6758
v  -643664.7500 483113.0625 -55531.3789
v  -644975.3750 485621.4375 -54728.2227
v  -645935.3125 488339.4375 -54139.9844
v  -646520.8750 491200.0625 -53781.1484
v  -630732.3125 494132.8750 -63456.4063
# 82 vertices

vn 0.5225 0.0000 0.8526
vn -0.8526 0.0000 0.5225
vn -0.8421 0.1564 0.5161
vn -0.8109 0.3090 0.4969
vn -0.7597 0.4540 0.4655
vn -0.6898 0.5878 0.4227
vn -0.6029 0.7071 0.3695
vn -0.5012 0.8090 0.3071
vn -0.3871 0.8910 0.2372
vn -0.2635 0.9511 0.1615
vn -0.1334 0.9877 0.0817
vn 0.0000 1.0000 -0.0000
vn 0.1334 0.9877 -0.0817
vn 0.2635 0.9511 -0.1615
vn 0.3871 0.8910 -0.2372
vn 0.5012 0.8090 -0.3071
vn 0.6029 0.7071 -0.3695
vn 0.6898 0.5878 -0.4227
vn 0.7597 0.4540 -0.4656
vn 0.8109 0.3090 -0.4969
vn 0.8421 0.1564 -0.5161
vn 0.8526 -0.0000 -0.5225
vn 0.8421 -0.1564 -0.5161
vn 0.8109 -0.3090 -0.4969
vn 0.7597 -0.4540 -0.4655
vn 0.6898 -0.5878 -0.4227
vn 0.6029 -0.7071 -0.3695
vn 0.5012 -0.8090 -0.3071
vn 0.3871 -0.8910 -0.2372
vn 0.2635 -0.9511 -0.1615
vn 0.1334 -0.9877 -0.0817
vn -0.0000 -1.0000 0.0000
vn -0.1334 -0.9877 0.0817
vn -0.2635 -0.9511 0.1615
vn -0.3871 -0.8910 0.2372
vn -0.5012 -0.8090 0.3071
vn -0.6029 -0.7071 0.3695
vn -0.6898 -0.5878 0.4227
vn -0.7597 -0.4540 0.4656
vn -0.8109 -0.3090 0.4969
vn -0.8421 -0.1564 0.5161
vn -0.5225 -0.0000 -0.8526
# 42 vertex normals

vt 0.5000 0.0000 0.0000
vt 0.8000 0.0000 1.0000
vt 0.7750 0.0000 1.0000
vt 0.7500 0.0000 1.0000
vt 0.8500 0.0000 1.0000
vt 0.8250 0.0000 1.0000
vt 0.9000 0.0000 1.0000
vt 0.8750 0.0000 1.0000
vt 0.9500 0.0000 1.0000
vt 0.9250 0.0000 1.0000
vt 0.9883 0.0000 0.9754
vt 0.9750 0.0000 1.0000
vt 0.0500 0.0000 1.0000
vt 0.0250 0.0000 1.0000
vt 0.0000 0.0000 1.0000
vt 0.1000 0.0000 1.0000
vt 0.0750 0.0000 1.0000
vt 0.1500 0.0000 1.0000
vt 0.1250 0.0000 1.0000
vt 0.2000 0.0000 1.0000
vt 0.1750 0.0000 1.0000
vt 0.2500 0.0000 1.0000
vt 0.2250 0.0000 1.0000
vt 0.3000 0.0000 1.0000
vt 0.2750 0.0000 1.0000
vt 0.3500 0.0000 1.0000
vt 0.3250 0.0000 1.0000
vt 0.4000 0.0000 1.0000
vt 0.3750 0.0000 1.0000
vt 0.4500 0.0000 1.0000
vt 0.4250 0.0000 1.0000
vt 0.5000 0.0000 1.0000
vt 0.4750 0.0000 1.0000
vt 0.5500 0.0000 1.0000
vt 0.5250 0.0000 1.0000
vt 0.6000 0.0000 1.0000
vt 0.5750 0.0000 1.0000
vt 0.6500 0.0000 1.0000
vt 0.6250 0.0000 1.0000
vt 0.7000 0.0000 1.0000
vt 0.6750 0.0000 1.0000
vt 0.7250 0.0000 1.0000
vt 0.7750 1.0000 1.0000
vt 0.7500 1.0000 1.0000
vt 0.8000 1.0000 1.0000
vt 0.8250 1.0000 1.0000
vt 0.8500 1.0000 1.0000
vt 0.8750 1.0000 1.0000
vt 0.9000 1.0000 1.0000
vt 0.9250 1.0000 1.0000
vt 0.9500 1.0000 1.0000
vt 0.9750 1.0000 1.0000
vt -0.0250 0.0000 1.0000
vt 0.0000 1.0000 1.0000
vt -0.0250 1.0000 1.0000
vt 0.0250 1.0000 1.0000
vt 0.0500 1.0000 1.0000
vt 0.0750 1.0000 1.0000
vt 0.1000 1.0000 1.0000
vt 0.1250 1.0000 1.0000
vt 0.1500 1.0000 1.0000
vt 0.1750 1.0000 1.0000
vt 0.2000 1.0000 1.0000
vt 0.2250 1.0000 1.0000
vt 0.2500 1.0000 1.0000
vt 0.2750 1.0000 1.0000
vt 0.3000 1.0000 1.0000
vt 0.3250 1.0000 1.0000
vt 0.3500 1.0000 1.0000
vt 0.3750 1.0000 1.0000
vt 0.4000 1.0000 1.0000
vt 0.4250 1.0000 1.0000
vt 0.4500 1.0000 1.0000
vt 0.4750 1.0000 1.0000
vt 0.5000 1.0000 1.0000
vt 0.5250 1.0000 1.0000
vt 0.5500 1.0000 1.0000
vt 0.5750 1.0000 1.0000
vt 0.6000 1.0000 1.0000
vt 0.6250 1.0000 1.0000
vt 0.6500 1.0000 1.0000
vt 0.6750 1.0000 1.0000
vt 0.7000 1.0000 1.0000
vt 0.7250 1.0000 1.0000
vt 0.5000 1.0000 0.0000
# 85 texture coords

g Cylinder037
usemtl 02___Default
s 1
f -82/-85/-42 -81/-84/-42 -80/-83/-42 -79/-82/-42 
f -82/-85/-42 -78/-81/-42 -77/-80/-42 -81/-84/-42 
f -82/-85/-42 -76/-79/-42 -75/-78/-42 -78/-81/-42 
f -82/-85/-42 -74/-77/-42 -73/-76/-42 -76/-79/-42 
f -82/-85/-42 -72/-75/-42 -71/-74/-42 -74/-77/-42 
f -82/-85/-42 -70/-73/-42 -69/-72/-42 -72/-71/-42 
f -82/-85/-42 -68/-70/-42 -67/-69/-42 -70/-73/-42 
f -82/-85/-42 -66/-68/-42 -65/-67/-42 -68/-70/-42 
f -82/-85/-42 -64/-66/-42 -63/-65/-42 -66/-68/-42 
f -82/-85/-42 -62/-64/-42 -61/-63/-42 -64/-66/-42 
f -82/-85/-42 -60/-62/-42 -59/-61/-42 -62/-64/-42 
f -82/-85/-42 -58/-60/-42 -57/-59/-42 -60/-62/-42 
f -82/-85/-42 -56/-58/-42 -55/-57/-42 -58/-60/-42 
f -82/-85/-42 -54/-56/-42 -53/-55/-42 -56/-58/-42 
f -82/-85/-42 -52/-54/-42 -51/-53/-42 -54/-56/-42 
f -82/-85/-42 -50/-52/-42 -49/-51/-42 -52/-54/-42 
f -82/-85/-42 -48/-50/-42 -47/-49/-42 -50/-52/-42 
f -82/-85/-42 -46/-48/-42 -45/-47/-42 -48/-50/-42 
f -82/-85/-42 -44/-46/-42 -43/-45/-42 -46/-48/-42 
f -82/-85/-42 -79/-82/-42 -42/-44/-42 -44/-46/-42 
s 8
f -79/-82/-41 -80/-83/-40 -41/-43/-40 -40/-42/-41 
f -80/-83/-40 -81/-84/-39 -39/-41/-39 -41/-43/-40 
f -81/-84/-39 -77/-80/-38 -38/-40/-38 -39/-41/-39 
f -77/-80/-38 -78/-81/-37 -37/-39/-37 -38/-40/-38 
f -78/-81/-37 -75/-78/-36 -36/-38/-36 -37/-39/-37 
f -75/-78/-36 -76/-79/-35 -35/-37/-35 -36/-38/-36 
f -76/-79/-35 -73/-76/-34 -34/-36/-34 -35/-37/-35 
f -73/-76/-34 -74/-77/-33 -33/-35/-33 -34/-36/-34 
f -74/-77/-33 -71/-74/-32 -32/-34/-32 -33/-35/-33 
f -71/-33/-32 -72/-71/-31 -31/-32/-31 -32/-31/-32 
f -72/-71/-31 -69/-72/-30 -30/-30/-30 -31/-32/-31 
f -69/-72/-30 -70/-73/-29 -29/-29/-29 -30/-30/-30 
f -70/-73/-29 -67/-69/-28 -28/-28/-28 -29/-29/-29 
f -67/-69/-28 -68/-70/-27 -27/-27/-27 -28/-28/-28 
f -68/-70/-27 -65/-67/-26 -26/-26/-26 -27/-27/-27 
f -65/-67/-26 -66/-68/-25 -25/-25/-25 -26/-26/-26 
f -66/-68/-25 -63/-65/-24 -24/-24/-24 -25/-25/-25 
f -63/-65/-24 -64/-66/-23 -23/-23/-23 -24/-24/-24 
f -64/-66/-23 -61/-63/-22 -22/-22/-22 -23/-23/-23 
f -61/-63/-22 -62/-64/-21 -21/-21/-21 -22/-22/-22 
f -62/-64/-21 -59/-61/-20 -20/-20/-20 -21/-21/-21 
f -59/-61/-20 -60/-62/-19 -19/-19/-19 -20/-20/-20 
f -60/-62/-19 -57/-59/-18 -18/-18/-18 -19/-19/-19 
f -57/-59/-18 -58/-60/-17 -17/-17/-17 -18/-18/-18 
f -58/-60/-17 -55/-57/-16 -16/-16/-16 -17/-17/-17 
f -55/-57/-16 -56/-58/-15 -15/-15/-15 -16/-16/-16 
f -56/-58/-15 -53/-55/-14 -14/-14/-14 -15/-15/-15 
f -53/-55/-14 -54/-56/-13 -13/-13/-13 -14/-14/-14 
f -54/-56/-13 -51/-53/-12 -12/-12/-12 -13/-13/-13 
f -51/-53/-12 -52/-54/-11 -11/-11/-11 -12/-12/-12 
f -52/-54/-11 -49/-51/-10 -10/-10/-10 -11/-11/-11 
f -49/-51/-10 -50/-52/-9 -9/-9/-9 -10/-10/-10 
f -50/-52/-9 -47/-49/-8 -8/-8/-8 -9/-9/-9 
f -47/-49/-8 -48/-50/-7 -7/-7/-7 -8/-8/-8 
f -48/-50/-7 -45/-47/-6 -6/-6/-6 -7/-7/-7 
f -45/-47/-6 -46/-48/-5 -5/-5/-5 -6/-6/-6 
f -46/-48/-5 -43/-45/-4 -4/-4/-4 -5/-5/-5 
f -43/-45/-4 -44/-46/-3 -3/-3/-3 -4/-4/-4 
f -44/-46/-3 -42/-44/-2 -2/-2/-2 -3/-3/-3 
f -42/-44/-2 -79/-82/-41 -40/-42/-41 -2/-2/-2 
s 1
f -1/-1/-1 -2/-2/-1 -40/-42/-1 -41/-43/-1 
f -1/-1/-1 -41/-43/-1 -39/-41/-1 -38/-40/-1 
f -1/-1/-1 -38/-40/-1 -37/-39/-1 -36/-38/-1 
f -1/-1/-1 -36/-38/-1 -35/-37/-1 -34/-36/-1 
f -1/-1/-1 -34/-36/-1 -33/-35/-1 -32/-34/-1 
f -1/-1/-1 -32/-31/-1 -31/-32/-1 -30/-30/-1 
f -1/-1/-1 -30/-30/-1 -29/-29/-1 -28/-28/-1 
f -1/-1/-1 -28/-28/-1 -27/-27/-1 -26/-26/-1 
f -1/-1/-1 -26/-26/-1 -25/-25/-1 -24/-24/-1 
f -1/-1/-1 -24/-24/-1 -23/-23/-1 -22/-22/-1 
f -1/-1/-1 -22/-22/-1 -21/-21/-1 -20/-20/-1 
f -1/-1/-1 -20/-20/-1 -19/-19/-1 -18/-18/-1 
f -1/-1/-1 -18/-18/-1 -17/-17/-1 -16/-16/-1 
f -1/-1/-1 -16/-16/-1 -15/-15/-1 -14/-14/-1 
f -1/-1/-1 -14/-14/-1 -13/-13/-1 -12/-12/-1 
f -1/-1/-1 -12/-12/-1 -11/-11/-1 -10/-10/-1 
f -1/-1/-1 -10/-10/-1 -9/-9/-1 -8/-8/-1 
f -1/-1/-1 -8/-8/-1 -7/-7/-1 -6/-6/-1 
f -1/-1/-1 -6/-6/-1 -5/-5/-1 -4/-4/-1 
f -1/-1/-1 -4/-4/-1 -3/-3/-1 -2/-2/-1 
# 80 polygons

#
# object Cylinder038
#

v  -162701.7344 491902.6875 486783.2500
v  -151121.7813 497696.1563 473224.8125
v  -150675.7500 494835.5313 472702.5625
v  -150525.8438 491902.6875 472527.0625
v  -152851.2344 502922.5313 475249.7500
v  -151852.9375 500414.1250 474080.9063
v  -155544.9219 507070.2188 478403.6875
v  -154092.0781 505159.5938 476702.5938
v  -158939.1719 509733.1875 482377.8438
v  -157174.0000 508607.3438 480311.0938
v  -162701.7344 510650.7813 486783.2500
v  -160797.0000 510419.9688 484553.0938
v  -166464.2969 509733.1875 491188.6563
v  -164606.4688 510419.9688 489013.4063
v  -169858.5469 507070.2188 495162.8438
v  -168229.4688 508607.3438 493255.4375
v  -172552.2344 502922.5313 498316.7500
v  -171311.3906 505159.5938 496863.9063
v  -174281.6875 497696.1563 500341.6875
v  -173550.5313 500414.1250 499485.6250
v  -174877.6250 491902.6875 501039.4375
v  -174727.7188 494835.5313 500863.9375
v  -174281.6875 486109.1875 500341.6875
v  -174727.7188 488969.8438 500863.9063
v  -172552.2344 480882.8125 498316.7500
v  -173550.5313 483391.2188 499485.5938
v  -169858.5313 476735.1563 495162.8125
v  -171311.3750 478645.7813 496863.8750
v  -166464.2813 474072.1875 491188.6250
v  -168229.4531 475198.0000 493255.4063
v  -162701.7188 473154.5938 486783.2188
v  -164606.4531 473385.4063 489013.3750
v  -158939.1563 474072.2188 482377.8125
v  -160796.9844 473385.4375 484553.0625
v  -155544.9063 476735.1875 478403.6563
v  -157173.9844 475198.0313 480311.0625
v  -152851.2188 480882.8750 475249.7188
v  -154092.0625 478645.8125 476702.5625
v  -151121.7656 486109.2500 473224.7813
v  -151852.9219 483391.2500 474080.8750
v  -150675.7500 488969.8750 472702.5625
v  -145349.7813 494835.5313 477251.3750
v  -145199.8750 491902.6875 477075.8438
v  -145795.8125 497696.1563 477773.5938
v  -146526.9688 500414.1250 478629.6875
v  -147525.2656 502922.5313 479798.5313
v  -148766.1250 505159.5938 481251.3750
v  -150218.9688 507070.2188 482952.4688
v  -151848.0313 508607.3438 484859.8750
v  -153613.2188 509733.1875 486926.6250
v  -155471.0469 510419.9688 489101.8750
v  -157375.7813 510650.7813 491332.0313
v  -159280.5000 510419.9688 493562.2188
v  -161138.3281 509733.1875 495737.4375
v  -162903.5156 508607.3438 497804.2188
v  -164532.5781 507070.2188 499711.6250
v  -165985.4375 505159.5938 501412.6875
v  -167226.2813 502922.5313 502865.5313
v  -168224.5781 500414.1250 504034.4063
v  -168955.7344 497696.1563 504890.4688
v  -169401.7500 494835.5313 505412.7188
v  -169551.6563 491902.6875 505588.2188
v  -169401.7500 488969.8438 505412.7188
v  -168955.7188 486109.1875 504890.4688
v  -168224.5625 483391.2188 504034.3750
v  -167226.2656 480882.8125 502865.5313
v  -165985.4219 478645.7813 501412.6563
v  -164532.5625 476735.1563 499711.5938
v  -162903.5000 475198.0000 497804.1875
v  -161138.3125 474072.1875 495737.4063
v  -159280.4844 473385.4063 493562.1563
v  -157375.7500 473154.5938 491332.0000
v  -155471.0313 473385.4375 489101.8438
v  -153613.2031 474072.2188 486926.5938
v  -151848.0156 475198.0313 484859.8438
v  -150218.9531 476735.1875 482952.4375
v  -148766.1094 478645.8125 481251.3750
v  -147525.2500 480882.8750 479798.5000
v  -146526.9688 483391.2500 478629.6563
v  -145795.8125 486109.2500 477773.5625
v  -145349.7813 488969.8750 477251.3438
v  -157375.7656 491902.6875 491332.0313
# 82 vertices

vn -0.7604 0.0000 -0.6494
vn 0.6494 0.0000 -0.7604
vn 0.6415 0.1564 -0.7510
vn 0.6177 0.3090 -0.7232
vn 0.5787 0.4540 -0.6775
vn 0.5254 0.5878 -0.6152
vn 0.4592 0.7071 -0.5377
vn 0.3817 0.8090 -0.4470
vn 0.2948 0.8910 -0.3452
vn 0.2007 0.9511 -0.2350
vn 0.1016 0.9877 -0.1190
vn -0.0000 1.0000 0.0000
vn -0.1016 0.9877 0.1190
vn -0.2007 0.9511 0.2350
vn -0.2948 0.8910 0.3452
vn -0.3817 0.8090 0.4470
vn -0.4592 0.7071 0.5377
vn -0.5254 0.5878 0.6152
vn -0.5787 0.4540 0.6775
vn -0.6177 0.3090 0.7232
vn -0.6415 0.1564 0.7510
vn -0.6494 -0.0000 0.7604
vn -0.6415 -0.1564 0.7510
vn -0.6177 -0.3090 0.7232
vn -0.5787 -0.4540 0.6775
vn -0.5254 -0.5878 0.6152
vn -0.4592 -0.7071 0.5377
vn -0.3817 -0.8090 0.4470
vn -0.2948 -0.8910 0.3452
vn -0.2007 -0.9511 0.2350
vn -0.1016 -0.9877 0.1190
vn 0.0000 -1.0000 -0.0000
vn 0.1016 -0.9877 -0.1190
vn 0.2007 -0.9511 -0.2350
vn 0.2948 -0.8910 -0.3452
vn 0.3817 -0.8090 -0.4470
vn 0.4592 -0.7071 -0.5377
vn 0.5254 -0.5878 -0.6152
vn 0.5787 -0.4540 -0.6775
vn 0.6177 -0.3090 -0.7232
vn 0.6415 -0.1564 -0.7510
vn 0.7604 -0.0000 0.6494
# 42 vertex normals

vt 0.5000 0.0000 0.0000
vt 0.8000 0.0000 1.0000
vt 0.7750 0.0000 1.0000
vt 0.7500 0.0000 1.0000
vt 0.8500 0.0000 1.0000
vt 0.8250 0.0000 1.0000
vt 0.9000 0.0000 1.0000
vt 0.8750 0.0000 1.0000
vt 0.9500 0.0000 1.0000
vt 0.9250 0.0000 1.0000
vt 0.9883 0.0000 0.9754
vt 0.9750 0.0000 1.0000
vt 0.0500 0.0000 1.0000
vt 0.0250 0.0000 1.0000
vt 0.0000 0.0000 1.0000
vt 0.1000 0.0000 1.0000
vt 0.0750 0.0000 1.0000
vt 0.1500 0.0000 1.0000
vt 0.1250 0.0000 1.0000
vt 0.2000 0.0000 1.0000
vt 0.1750 0.0000 1.0000
vt 0.2500 0.0000 1.0000
vt 0.2250 0.0000 1.0000
vt 0.3000 0.0000 1.0000
vt 0.2750 0.0000 1.0000
vt 0.3500 0.0000 1.0000
vt 0.3250 0.0000 1.0000
vt 0.4000 0.0000 1.0000
vt 0.3750 0.0000 1.0000
vt 0.4500 0.0000 1.0000
vt 0.4250 0.0000 1.0000
vt 0.5000 0.0000 1.0000
vt 0.4750 0.0000 1.0000
vt 0.5500 0.0000 1.0000
vt 0.5250 0.0000 1.0000
vt 0.6000 0.0000 1.0000
vt 0.5750 0.0000 1.0000
vt 0.6500 0.0000 1.0000
vt 0.6250 0.0000 1.0000
vt 0.7000 0.0000 1.0000
vt 0.6750 0.0000 1.0000
vt 0.7250 0.0000 1.0000
vt 0.7750 1.0000 1.0000
vt 0.7500 1.0000 1.0000
vt 0.8000 1.0000 1.0000
vt 0.8250 1.0000 1.0000
vt 0.8500 1.0000 1.0000
vt 0.8750 1.0000 1.0000
vt 0.9000 1.0000 1.0000
vt 0.9250 1.0000 1.0000
vt 0.9500 1.0000 1.0000
vt 0.9750 1.0000 1.0000
vt -0.0250 0.0000 1.0000
vt 0.0000 1.0000 1.0000
vt -0.0250 1.0000 1.0000
vt 0.0250 1.0000 1.0000
vt 0.0500 1.0000 1.0000
vt 0.0750 1.0000 1.0000
vt 0.1000 1.0000 1.0000
vt 0.1250 1.0000 1.0000
vt 0.1500 1.0000 1.0000
vt 0.1750 1.0000 1.0000
vt 0.2000 1.0000 1.0000
vt 0.2250 1.0000 1.0000
vt 0.2500 1.0000 1.0000
vt 0.2750 1.0000 1.0000
vt 0.3000 1.0000 1.0000
vt 0.3250 1.0000 1.0000
vt 0.3500 1.0000 1.0000
vt 0.3750 1.0000 1.0000
vt 0.4000 1.0000 1.0000
vt 0.4250 1.0000 1.0000
vt 0.4500 1.0000 1.0000
vt 0.4750 1.0000 1.0000
vt 0.5000 1.0000 1.0000
vt 0.5250 1.0000 1.0000
vt 0.5500 1.0000 1.0000
vt 0.5750 1.0000 1.0000
vt 0.6000 1.0000 1.0000
vt 0.6250 1.0000 1.0000
vt 0.6500 1.0000 1.0000
vt 0.6750 1.0000 1.0000
vt 0.7000 1.0000 1.0000
vt 0.7250 1.0000 1.0000
vt 0.5000 1.0000 0.0000
# 85 texture coords

g Cylinder038
usemtl 02___Default
s 1
f -82/-85/-42 -81/-84/-42 -80/-83/-42 -79/-82/-42 
f -82/-85/-42 -78/-81/-42 -77/-80/-42 -81/-84/-42 
f -82/-85/-42 -76/-79/-42 -75/-78/-42 -78/-81/-42 
f -82/-85/-42 -74/-77/-42 -73/-76/-42 -76/-79/-42 
f -82/-85/-42 -72/-75/-42 -71/-74/-42 -74/-77/-42 
f -82/-85/-42 -70/-73/-42 -69/-72/-42 -72/-71/-42 
f -82/-85/-42 -68/-70/-42 -67/-69/-42 -70/-73/-42 
f -82/-85/-42 -66/-68/-42 -65/-67/-42 -68/-70/-42 
f -82/-85/-42 -64/-66/-42 -63/-65/-42 -66/-68/-42 
f -82/-85/-42 -62/-64/-42 -61/-63/-42 -64/-66/-42 
f -82/-85/-42 -60/-62/-42 -59/-61/-42 -62/-64/-42 
f -82/-85/-42 -58/-60/-42 -57/-59/-42 -60/-62/-42 
f -82/-85/-42 -56/-58/-42 -55/-57/-42 -58/-60/-42 
f -82/-85/-42 -54/-56/-42 -53/-55/-42 -56/-58/-42 
f -82/-85/-42 -52/-54/-42 -51/-53/-42 -54/-56/-42 
f -82/-85/-42 -50/-52/-42 -49/-51/-42 -52/-54/-42 
f -82/-85/-42 -48/-50/-42 -47/-49/-42 -50/-52/-42 
f -82/-85/-42 -46/-48/-42 -45/-47/-42 -48/-50/-42 
f -82/-85/-42 -44/-46/-42 -43/-45/-42 -46/-48/-42 
f -82/-85/-42 -79/-82/-42 -42/-44/-42 -44/-46/-42 
s 8
f -79/-82/-41 -80/-83/-40 -41/-43/-40 -40/-42/-41 
f -80/-83/-40 -81/-84/-39 -39/-41/-39 -41/-43/-40 
f -81/-84/-39 -77/-80/-38 -38/-40/-38 -39/-41/-39 
f -77/-80/-38 -78/-81/-37 -37/-39/-37 -38/-40/-38 
f -78/-81/-37 -75/-78/-36 -36/-38/-36 -37/-39/-37 
f -75/-78/-36 -76/-79/-35 -35/-37/-35 -36/-38/-36 
f -76/-79/-35 -73/-76/-34 -34/-36/-34 -35/-37/-35 
f -73/-76/-34 -74/-77/-33 -33/-35/-33 -34/-36/-34 
f -74/-77/-33 -71/-74/-32 -32/-34/-32 -33/-35/-33 
f -71/-33/-32 -72/-71/-31 -31/-32/-31 -32/-31/-32 
f -72/-71/-31 -69/-72/-30 -30/-30/-30 -31/-32/-31 
f -69/-72/-30 -70/-73/-29 -29/-29/-29 -30/-30/-30 
f -70/-73/-29 -67/-69/-28 -28/-28/-28 -29/-29/-29 
f -67/-69/-28 -68/-70/-27 -27/-27/-27 -28/-28/-28 
f -68/-70/-27 -65/-67/-26 -26/-26/-26 -27/-27/-27 
f -65/-67/-26 -66/-68/-25 -25/-25/-25 -26/-26/-26 
f -66/-68/-25 -63/-65/-24 -24/-24/-24 -25/-25/-25 
f -63/-65/-24 -64/-66/-23 -23/-23/-23 -24/-24/-24 
f -64/-66/-23 -61/-63/-22 -22/-22/-22 -23/-23/-23 
f -61/-63/-22 -62/-64/-21 -21/-21/-21 -22/-22/-22 
f -62/-64/-21 -59/-61/-20 -20/-20/-20 -21/-21/-21 
f -59/-61/-20 -60/-62/-19 -19/-19/-19 -20/-20/-20 
f -60/-62/-19 -57/-59/-18 -18/-18/-18 -19/-19/-19 
f -57/-59/-18 -58/-60/-17 -17/-17/-17 -18/-18/-18 
f -58/-60/-17 -55/-57/-16 -16/-16/-16 -17/-17/-17 
f -55/-57/-16 -56/-58/-15 -15/-15/-15 -16/-16/-16 
f -56/-58/-15 -53/-55/-14 -14/-14/-14 -15/-15/-15 
f -53/-55/-14 -54/-56/-13 -13/-13/-13 -14/-14/-14 
f -54/-56/-13 -51/-53/-12 -12/-12/-12 -13/-13/-13 
f -51/-53/-12 -52/-54/-11 -11/-11/-11 -12/-12/-12 
f -52/-54/-11 -49/-51/-10 -10/-10/-10 -11/-11/-11 
f -49/-51/-10 -50/-52/-9 -9/-9/-9 -10/-10/-10 
f -50/-52/-9 -47/-49/-8 -8/-8/-8 -9/-9/-9 
f -47/-49/-8 -48/-50/-7 -7/-7/-7 -8/-8/-8 
f -48/-50/-7 -45/-47/-6 -6/-6/-6 -7/-7/-7 
f -45/-47/-6 -46/-48/-5 -5/-5/-5 -6/-6/-6 
f -46/-48/-5 -43/-45/-4 -4/-4/-4 -5/-5/-5 
f -43/-45/-4 -44/-46/-3 -3/-3/-3 -4/-4/-4 
f -44/-46/-3 -42/-44/-2 -2/-2/-2 -3/-3/-3 
f -42/-44/-2 -79/-82/-41 -40/-42/-41 -2/-2/-2 
s 1
f -1/-1/-1 -2/-2/-1 -40/-42/-1 -41/-43/-1 
f -1/-1/-1 -41/-43/-1 -39/-41/-1 -38/-40/-1 
f -1/-1/-1 -38/-40/-1 -37/-39/-1 -36/-38/-1 
f -1/-1/-1 -36/-38/-1 -35/-37/-1 -34/-36/-1 
f -1/-1/-1 -34/-36/-1 -33/-35/-1 -32/-34/-1 
f -1/-1/-1 -32/-31/-1 -31/-32/-1 -30/-30/-1 
f -1/-1/-1 -30/-30/-1 -29/-29/-1 -28/-28/-1 
f -1/-1/-1 -28/-28/-1 -27/-27/-1 -26/-26/-1 
f -1/-1/-1 -26/-26/-1 -25/-25/-1 -24/-24/-1 
f -1/-1/-1 -24/-24/-1 -23/-23/-1 -22/-22/-1 
f -1/-1/-1 -22/-22/-1 -21/-21/-1 -20/-20/-1 
f -1/-1/-1 -20/-20/-1 -19/-19/-1 -18/-18/-1 
f -1/-1/-1 -18/-18/-1 -17/-17/-1 -16/-16/-1 
f -1/-1/-1 -16/-16/-1 -15/-15/-1 -14/-14/-1 
f -1/-1/-1 -14/-14/-1 -13/-13/-1 -12/-12/-1 
f -1/-1/-1 -12/-12/-1 -11/-11/-1 -10/-10/-1 
f -1/-1/-1 -10/-10/-1 -9/-9/-1 -8/-8/-1 
f -1/-1/-1 -8/-8/-1 -7/-7/-1 -6/-6/-1 
f -1/-1/-1 -6/-6/-1 -5/-5/-1 -4/-4/-1 
f -1/-1/-1 -4/-4/-1 -3/-3/-1 -2/-2/-1 
# 80 polygons

#
# object Cylinder039
#

v  -298948.0625 492724.3438 -83741.1250
v  -315421.2813 498517.8125 -90564.5625
v  -316055.7813 495657.1875 -90827.3750
v  -316269.0313 492724.3438 -90915.7109
v  -312961.0313 503744.1875 -89545.4844
v  -314381.1563 501235.7813 -90133.7266
v  -309129.0625 507891.8750 -87958.2422
v  -311195.8438 505981.2500 -88814.3203
v  -304300.5313 510554.8438 -85958.1953
v  -306811.6250 509429.0000 -86998.3203
v  -298948.0625 511472.4375 -83741.1250
v  -301657.6563 511241.5938 -84863.4766
v  -293595.5625 510554.8438 -81524.0547
v  -296238.4688 511241.5938 -82618.7734
v  -288767.0313 507891.8750 -79524.0078
v  -291084.5000 509429.0000 -80483.9297
v  -284935.0938 503744.1875 -77936.7656
v  -286700.2813 505981.2500 -78667.9297
v  -282474.8438 498517.8125 -76917.6875
v  -283514.9688 501235.7813 -77348.5234
v  -281627.0938 492724.3438 -76566.5391
v  -281840.3438 495657.1875 -76654.8750
v  -282474.8438 486930.8438 -76917.6953
v  -281840.3438 489791.4688 -76654.8750
v  -284935.1250 481704.4688 -77936.7656
v  -283514.9688 484212.8750 -77348.5313
v  -288767.0625 477556.8125 -79524.0156
v  -286700.3125 479467.4375 -78667.9375
v  -293595.6250 474893.8438 -81524.0625
v  -291084.5313 476019.6563 -80483.9375
v  -298948.0938 473976.2500 -83741.1328
v  -296238.5000 474207.0625 -82618.7813
v  -304300.5625 474893.8750 -85958.2031
v  -301657.6875 474207.0938 -84863.4844
v  -309129.0938 477556.8438 -87958.2500
v  -306811.6563 476019.6875 -86998.3281
v  -312961.0625 481704.5313 -89545.4922
v  -311195.8750 479467.4688 -88814.3281
v  -315421.3125 486930.9063 -90564.5625
v  -314381.1875 484212.9063 -90133.7344
v  -316055.7813 489791.5313 -90827.3828
v  -313375.4375 495657.1875 -97298.3125
v  -313588.6875 492724.3438 -97386.6484
v  -312740.9375 498517.8125 -97035.5000
v  -311700.8125 501235.7813 -96604.6641
v  -310280.6563 503744.1875 -96016.4219
v  -308515.5000 505981.2500 -95285.2578
v  -306448.7188 507891.8750 -94429.1797
v  -304131.2813 509429.0000 -93469.2578
v  -301620.1875 510554.8438 -92429.1328
v  -298977.3125 511241.5938 -91334.4141
v  -296267.7188 511472.4375 -90212.0625
v  -293558.0938 511241.5938 -89089.7109
v  -290915.2188 510554.8438 -87994.9922
v  -288404.1563 509429.0000 -86954.8672
v  -286086.6875 507891.8750 -85994.9453
v  -284019.9375 505981.2500 -85138.8672
v  -282254.7500 503744.1875 -84407.7031
v  -280834.5938 501235.7813 -83819.4609
v  -279794.4688 498517.8125 -83388.6250
v  -279159.9688 495657.1875 -83125.8125
v  -278946.7500 492724.3438 -83037.4766
v  -279160.0000 489791.4688 -83125.8125
v  -279794.5000 486930.8438 -83388.6328
v  -280834.6250 484212.8750 -83819.4688
v  -282254.7500 481704.4688 -84407.7031
v  -284019.9375 479467.4375 -85138.8750
v  -286086.7188 477556.8125 -85994.9531
v  -288404.1875 476019.6563 -86954.8750
v  -290915.2500 474893.8438 -87995.0000
v  -293558.1563 474207.0625 -89089.7188
v  -296267.7500 473976.2500 -90212.0703
v  -298977.3438 474207.0938 -91334.4219
v  -301620.2188 474893.8750 -92429.1406
v  -304131.3125 476019.6875 -93469.2656
v  -306448.7500 477556.8438 -94429.1875
v  -308515.5000 479467.4688 -95285.2656
v  -310280.6875 481704.5313 -96016.4297
v  -311700.8438 484212.9063 -96604.6719
v  -312740.9375 486930.9063 -97035.5000
v  -313375.4375 489791.5313 -97298.3125
v  -296267.7188 492724.3438 -90212.0625
# 82 vertices

vn -0.3827 0.0000 0.9239
vn -0.9239 0.0000 -0.3827
vn -0.9125 0.1564 -0.3780
vn -0.8787 0.3090 -0.3640
vn -0.8232 0.4540 -0.3410
vn -0.7474 0.5878 -0.3096
vn -0.6533 0.7071 -0.2706
vn -0.5430 0.8090 -0.2249
vn -0.4194 0.8910 -0.1737
vn -0.2855 0.9511 -0.1183
vn -0.1445 0.9877 -0.0599
vn 0.0000 1.0000 -0.0000
vn 0.1445 0.9877 0.0599
vn 0.2855 0.9511 0.1183
vn 0.4194 0.8910 0.1737
vn 0.5430 0.8090 0.2249
vn 0.6533 0.7071 0.2706
vn 0.7474 0.5878 0.3096
vn 0.8232 0.4540 0.3410
vn 0.8787 0.3090 0.3640
vn 0.9125 0.1564 0.3780
vn 0.9239 -0.0000 0.3827
vn 0.9125 -0.1564 0.3780
vn 0.8787 -0.3090 0.3640
vn 0.8232 -0.4540 0.3410
vn 0.7474 -0.5878 0.3096
vn 0.6533 -0.7071 0.2706
vn 0.5430 -0.8090 0.2249
vn 0.4194 -0.8910 0.1737
vn 0.2855 -0.9511 0.1183
vn 0.1445 -0.9877 0.0599
vn -0.0000 -1.0000 -0.0000
vn -0.1445 -0.9877 -0.0599
vn -0.2855 -0.9511 -0.1183
vn -0.4194 -0.8910 -0.1737
vn -0.5430 -0.8090 -0.2249
vn -0.6533 -0.7071 -0.2706
vn -0.7474 -0.5878 -0.3096
vn -0.8232 -0.4540 -0.3410
vn -0.8787 -0.3090 -0.3640
vn -0.9125 -0.1564 -0.3780
vn 0.3827 -0.0000 -0.9239
# 42 vertex normals

vt 0.5000 0.0000 0.0000
vt 0.8000 0.0000 1.0000
vt 0.7750 0.0000 1.0000
vt 0.7500 0.0000 1.0000
vt 0.8500 0.0000 1.0000
vt 0.8250 0.0000 1.0000
vt 0.9000 0.0000 1.0000
vt 0.8750 0.0000 1.0000
vt 0.9500 0.0000 1.0000
vt 0.9250 0.0000 1.0000
vt 0.9883 0.0000 0.9754
vt 0.9750 0.0000 1.0000
vt 0.0500 0.0000 1.0000
vt 0.0250 0.0000 1.0000
vt 0.0000 0.0000 1.0000
vt 0.1000 0.0000 1.0000
vt 0.0750 0.0000 1.0000
vt 0.1500 0.0000 1.0000
vt 0.1250 0.0000 1.0000
vt 0.2000 0.0000 1.0000
vt 0.1750 0.0000 1.0000
vt 0.2500 0.0000 1.0000
vt 0.2250 0.0000 1.0000
vt 0.3000 0.0000 1.0000
vt 0.2750 0.0000 1.0000
vt 0.3500 0.0000 1.0000
vt 0.3250 0.0000 1.0000
vt 0.4000 0.0000 1.0000
vt 0.3750 0.0000 1.0000
vt 0.4500 0.0000 1.0000
vt 0.4250 0.0000 1.0000
vt 0.5000 0.0000 1.0000
vt 0.4750 0.0000 1.0000
vt 0.5500 0.0000 1.0000
vt 0.5250 0.0000 1.0000
vt 0.6000 0.0000 1.0000
vt 0.5750 0.0000 1.0000
vt 0.6500 0.0000 1.0000
vt 0.6250 0.0000 1.0000
vt 0.7000 0.0000 1.0000
vt 0.6750 0.0000 1.0000
vt 0.7250 0.0000 1.0000
vt 0.7750 1.0000 1.0000
vt 0.7500 1.0000 1.0000
vt 0.8000 1.0000 1.0000
vt 0.8250 1.0000 1.0000
vt 0.8500 1.0000 1.0000
vt 0.8750 1.0000 1.0000
vt 0.9000 1.0000 1.0000
vt 0.9250 1.0000 1.0000
vt 0.9500 1.0000 1.0000
vt 0.9750 1.0000 1.0000
vt -0.0250 0.0000 1.0000
vt 0.0000 1.0000 1.0000
vt -0.0250 1.0000 1.0000
vt 0.0250 1.0000 1.0000
vt 0.0500 1.0000 1.0000
vt 0.0750 1.0000 1.0000
vt 0.1000 1.0000 1.0000
vt 0.1250 1.0000 1.0000
vt 0.1500 1.0000 1.0000
vt 0.1750 1.0000 1.0000
vt 0.2000 1.0000 1.0000
vt 0.2250 1.0000 1.0000
vt 0.2500 1.0000 1.0000
vt 0.2750 1.0000 1.0000
vt 0.3000 1.0000 1.0000
vt 0.3250 1.0000 1.0000
vt 0.3500 1.0000 1.0000
vt 0.3750 1.0000 1.0000
vt 0.4000 1.0000 1.0000
vt 0.4250 1.0000 1.0000
vt 0.4500 1.0000 1.0000
vt 0.4750 1.0000 1.0000
vt 0.5000 1.0000 1.0000
vt 0.5250 1.0000 1.0000
vt 0.5500 1.0000 1.0000
vt 0.5750 1.0000 1.0000
vt 0.6000 1.0000 1.0000
vt 0.6250 1.0000 1.0000
vt 0.6500 1.0000 1.0000
vt 0.6750 1.0000 1.0000
vt 0.7000 1.0000 1.0000
vt 0.7250 1.0000 1.0000
vt 0.5000 1.0000 0.0000
# 85 texture coords

g Cylinder039
usemtl 02___Default
s 1
f -82/-85/-42 -81/-84/-42 -80/-83/-42 -79/-82/-42 
f -82/-85/-42 -78/-81/-42 -77/-80/-42 -81/-84/-42 
f -82/-85/-42 -76/-79/-42 -75/-78/-42 -78/-81/-42 
f -82/-85/-42 -74/-77/-42 -73/-76/-42 -76/-79/-42 
f -82/-85/-42 -72/-75/-42 -71/-74/-42 -74/-77/-42 
f -82/-85/-42 -70/-73/-42 -69/-72/-42 -72/-71/-42 
f -82/-85/-42 -68/-70/-42 -67/-69/-42 -70/-73/-42 
f -82/-85/-42 -66/-68/-42 -65/-67/-42 -68/-70/-42 
f -82/-85/-42 -64/-66/-42 -63/-65/-42 -66/-68/-42 
f -82/-85/-42 -62/-64/-42 -61/-63/-42 -64/-66/-42 
f -82/-85/-42 -60/-62/-42 -59/-61/-42 -62/-64/-42 
f -82/-85/-42 -58/-60/-42 -57/-59/-42 -60/-62/-42 
f -82/-85/-42 -56/-58/-42 -55/-57/-42 -58/-60/-42 
f -82/-85/-42 -54/-56/-42 -53/-55/-42 -56/-58/-42 
f -82/-85/-42 -52/-54/-42 -51/-53/-42 -54/-56/-42 
f -82/-85/-42 -50/-52/-42 -49/-51/-42 -52/-54/-42 
f -82/-85/-42 -48/-50/-42 -47/-49/-42 -50/-52/-42 
f -82/-85/-42 -46/-48/-42 -45/-47/-42 -48/-50/-42 
f -82/-85/-42 -44/-46/-42 -43/-45/-42 -46/-48/-42 
f -82/-85/-42 -79/-82/-42 -42/-44/-42 -44/-46/-42 
s 8
f -79/-82/-41 -80/-83/-40 -41/-43/-40 -40/-42/-41 
f -80/-83/-40 -81/-84/-39 -39/-41/-39 -41/-43/-40 
f -81/-84/-39 -77/-80/-38 -38/-40/-38 -39/-41/-39 
f -77/-80/-38 -78/-81/-37 -37/-39/-37 -38/-40/-38 
f -78/-81/-37 -75/-78/-36 -36/-38/-36 -37/-39/-37 
f -75/-78/-36 -76/-79/-35 -35/-37/-35 -36/-38/-36 
f -76/-79/-35 -73/-76/-34 -34/-36/-34 -35/-37/-35 
f -73/-76/-34 -74/-77/-33 -33/-35/-33 -34/-36/-34 
f -74/-77/-33 -71/-74/-32 -32/-34/-32 -33/-35/-33 
f -71/-33/-32 -72/-71/-31 -31/-32/-31 -32/-31/-32 
f -72/-71/-31 -69/-72/-30 -30/-30/-30 -31/-32/-31 
f -69/-72/-30 -70/-73/-29 -29/-29/-29 -30/-30/-30 
f -70/-73/-29 -67/-69/-28 -28/-28/-28 -29/-29/-29 
f -67/-69/-28 -68/-70/-27 -27/-27/-27 -28/-28/-28 
f -68/-70/-27 -65/-67/-26 -26/-26/-26 -27/-27/-27 
f -65/-67/-26 -66/-68/-25 -25/-25/-25 -26/-26/-26 
f -66/-68/-25 -63/-65/-24 -24/-24/-24 -25/-25/-25 
f -63/-65/-24 -64/-66/-23 -23/-23/-23 -24/-24/-24 
f -64/-66/-23 -61/-63/-22 -22/-22/-22 -23/-23/-23 
f -61/-63/-22 -62/-64/-21 -21/-21/-21 -22/-22/-22 
f -62/-64/-21 -59/-61/-20 -20/-20/-20 -21/-21/-21 
f -59/-61/-20 -60/-62/-19 -19/-19/-19 -20/-20/-20 
f -60/-62/-19 -57/-59/-18 -18/-18/-18 -19/-19/-19 
f -57/-59/-18 -58/-60/-17 -17/-17/-17 -18/-18/-18 
f -58/-60/-17 -55/-57/-16 -16/-16/-16 -17/-17/-17 
f -55/-57/-16 -56/-58/-15 -15/-15/-15 -16/-16/-16 
f -56/-58/-15 -53/-55/-14 -14/-14/-14 -15/-15/-15 
f -53/-55/-14 -54/-56/-13 -13/-13/-13 -14/-14/-14 
f -54/-56/-13 -51/-53/-12 -12/-12/-12 -13/-13/-13 
f -51/-53/-12 -52/-54/-11 -11/-11/-11 -12/-12/-12 
f -52/-54/-11 -49/-51/-10 -10/-10/-10 -11/-11/-11 
f -49/-51/-10 -50/-52/-9 -9/-9/-9 -10/-10/-10 
f -50/-52/-9 -47/-49/-8 -8/-8/-8 -9/-9/-9 
f -47/-49/-8 -48/-50/-7 -7/-7/-7 -8/-8/-8 
f -48/-50/-7 -45/-47/-6 -6/-6/-6 -7/-7/-7 
f -45/-47/-6 -46/-48/-5 -5/-5/-5 -6/-6/-6 
f -46/-48/-5 -43/-45/-4 -4/-4/-4 -5/-5/-5 
f -43/-45/-4 -44/-46/-3 -3/-3/-3 -4/-4/-4 
f -44/-46/-3 -42/-44/-2 -2/-2/-2 -3/-3/-3 
f -42/-44/-2 -79/-82/-41 -40/-42/-41 -2/-2/-2 
s 1
f -1/-1/-1 -2/-2/-1 -40/-42/-1 -41/-43/-1 
f -1/-1/-1 -41/-43/-1 -39/-41/-1 -38/-40/-1 
f -1/-1/-1 -38/-40/-1 -37/-39/-1 -36/-38/-1 
f -1/-1/-1 -36/-38/-1 -35/-37/-1 -34/-36/-1 
f -1/-1/-1 -34/-36/-1 -33/-35/-1 -32/-34/-1 
f -1/-1/-1 -32/-31/-1 -31/-32/-1 -30/-30/-1 
f -1/-1/-1 -30/-30/-1 -29/-29/-1 -28/-28/-1 
f -1/-1/-1 -28/-28/-1 -27/-27/-1 -26/-26/-1 
f -1/-1/-1 -26/-26/-1 -25/-25/-1 -24/-24/-1 
f -1/-1/-1 -24/-24/-1 -23/-23/-1 -22/-22/-1 
f -1/-1/-1 -22/-22/-1 -21/-21/-1 -20/-20/-1 
f -1/-1/-1 -20/-20/-1 -19/-19/-1 -18/-18/-1 
f -1/-1/-1 -18/-18/-1 -17/-17/-1 -16/-16/-1 
f -1/-1/-1 -16/-16/-1 -15/-15/-1 -14/-14/-1 
f -1/-1/-1 -14/-14/-1 -13/-13/-1 -12/-12/-1 
f -1/-1/-1 -12/-12/-1 -11/-11/-1 -10/-10/-1 
f -1/-1/-1 -10/-10/-1 -9/-9/-1 -8/-8/-1 
f -1/-1/-1 -8/-8/-1 -7/-7/-1 -6/-6/-1 
f -1/-1/-1 -6/-6/-1 -5/-5/-1 -4/-4/-1 
f -1/-1/-1 -4/-4/-1 -3/-3/-1 -2/-2/-1 
# 80 polygons

#
# object Cylinder040
#

v  -798230.8750 495044.5625 222654.1250
v  -799629.8125 500838.0313 240429.6563
v  -799683.6875 497977.4063 241114.3281
v  -799701.8125 495044.5625 241344.4375
v  -799420.8750 506064.4063 237774.9063
v  -799541.5000 503556.0000 239307.3125
v  -799095.5000 510212.0938 233640.0156
v  -799271.0000 508301.4688 235870.1719
v  -798685.4375 512875.0625 228429.7500
v  -798898.6875 511749.2188 231139.3438
v  -798230.8750 513792.6563 222654.1250
v  -798461.0000 513561.8438 225577.9219
v  -797776.3125 512875.0625 216878.5000
v  -798000.7500 513561.8438 219730.3125
v  -797366.2500 510212.0938 211668.2344
v  -797563.0625 511749.2188 214168.8906
v  -797040.8750 506064.4063 207533.3438
v  -797190.7500 508301.4688 209438.0781
v  -796831.9375 500838.0313 204878.5781
v  -796920.2500 503556.0000 206000.9375
v  -796759.9375 495044.5625 203963.8125
v  -796778.0625 497977.4063 204193.9219
v  -796831.9375 489251.0625 204878.5938
v  -796778.0625 492111.7188 204193.9375
v  -797040.8750 484024.6875 207533.3594
v  -796920.2500 486533.0938 206000.9531
v  -797366.2500 479877.0313 211668.2656
v  -797190.7500 481787.6563 209438.0938
v  -797776.3125 477214.0625 216878.5313
v  -797563.0625 478339.8750 214168.9219
v  -798230.8750 476296.4688 222654.1563
v  -798000.7500 476527.2813 219730.3438
v  -798685.4375 477214.0625 228429.7813
v  -798461.0000 476527.3125 225577.9688
v  -799095.5000 479877.0625 233640.0469
v  -798898.6875 478339.9063 231139.3750
v  -799420.8750 484024.7500 237774.9219
v  -799271.0000 481787.6875 235870.1875
v  -799629.8125 489251.1250 240429.6719
v  -799541.5000 486533.1250 239307.3281
v  -799683.6875 492111.7500 241114.3281
v  -806666.1875 497977.4063 240564.7969
v  -806684.3125 495044.5625 240794.9063
v  -806612.3125 500838.0313 239880.1250
v  -806524.0000 503556.0000 238757.7813
v  -806403.3750 506064.4063 237225.3750
v  -806253.5000 508301.4688 235320.6406
v  -806078.0000 510212.0938 233090.4844
v  -805881.1875 511749.2188 230589.8125
v  -805667.9375 512875.0625 227880.2188
v  -805443.5000 513561.8438 225028.4063
v  -805213.3750 513792.6563 222104.5938
v  -804983.2500 513561.8438 219180.7813
v  -804758.8125 512875.0625 216328.9688
v  -804545.5625 511749.2188 213619.3594
v  -804348.8125 510212.0938 211118.7031
v  -804173.2500 508301.4688 208888.5469
v  -804023.3750 506064.4063 206983.8125
v  -803902.7500 503556.0000 205451.4063
v  -803814.4375 500838.0313 204329.0469
v  -803760.5625 497977.4063 203644.3906
v  -803742.4375 495044.5625 203414.2813
v  -803760.5625 492111.7188 203644.4063
v  -803814.4375 489251.0625 204329.0625
v  -803902.7500 486533.0938 205451.4219
v  -804023.3750 484024.6875 206983.8281
v  -804173.2500 481787.6563 208888.5781
v  -804348.7500 479877.0313 211118.7344
v  -804545.5625 478339.8750 213619.4063
v  -804758.8125 477214.0625 216329.0000
v  -804983.2500 476527.2813 219180.8125
v  -805213.3750 476296.4688 222104.6250
v  -805443.5000 476527.3125 225028.4375
v  -805667.9375 477214.0625 227880.2500
v  -805881.1875 478339.9063 230589.8438
v  -806078.0000 479877.0625 233090.5156
v  -806253.5000 481787.6875 235320.6719
v  -806403.3750 484024.7500 237225.3906
v  -806524.0000 486533.1250 238757.7969
v  -806612.3125 489251.1250 239880.1563
v  -806666.1875 492111.7500 240564.7969
v  -805213.3750 495044.5625 222104.5938
# 82 vertices

vn 0.9969 0.0000 0.0785
vn -0.0785 0.0000 0.9969
vn -0.0775 0.1564 0.9846
vn -0.0746 0.3090 0.9481
vn -0.0699 0.4540 0.8883
vn -0.0635 0.5878 0.8065
vn -0.0555 0.7071 0.7049
vn -0.0461 0.8090 0.5860
vn -0.0356 0.8910 0.4526
vn -0.0242 0.9511 0.3081
vn -0.0123 0.9877 0.1560
vn -0.0000 1.0000 -0.0000
vn 0.0123 0.9877 -0.1560
vn 0.0242 0.9511 -0.3081
vn 0.0356 0.8910 -0.4526
vn 0.0461 0.8090 -0.5860
vn 0.0555 0.7071 -0.7049
vn 0.0635 0.5878 -0.8065
vn 0.0699 0.4540 -0.8883
vn 0.0746 0.3090 -0.9481
vn 0.0775 0.1564 -0.9846
vn 0.0785 -0.0000 -0.9969
vn 0.0775 -0.1564 -0.9846
vn 0.0746 -0.3090 -0.9481
vn 0.0699 -0.4540 -0.8883
vn 0.0635 -0.5878 -0.8065
vn 0.0555 -0.7071 -0.7049
vn 0.0461 -0.8090 -0.5860
vn 0.0356 -0.8910 -0.4526
vn 0.0242 -0.9511 -0.3081
vn 0.0123 -0.9877 -0.1560
vn 0.0000 -1.0000 0.0000
vn -0.0123 -0.9877 0.1560
vn -0.0242 -0.9511 0.3081
vn -0.0356 -0.8910 0.4526
vn -0.0461 -0.8090 0.5860
vn -0.0555 -0.7071 0.7049
vn -0.0635 -0.5878 0.8065
vn -0.0699 -0.4540 0.8883
vn -0.0746 -0.3090 0.9481
vn -0.0775 -0.1564 0.9846
vn -0.9969 -0.0000 -0.0785
# 42 vertex normals

vt 0.5000 0.0000 0.0000
vt 0.8000 0.0000 1.0000
vt 0.7750 0.0000 1.0000
vt 0.7500 0.0000 1.0000
vt 0.8500 0.0000 1.0000
vt 0.8250 0.0000 1.0000
vt 0.9000 0.0000 1.0000
vt 0.8750 0.0000 1.0000
vt 0.9500 0.0000 1.0000
vt 0.9250 0.0000 1.0000
vt 0.9883 0.0000 0.9754
vt 0.9750 0.0000 1.0000
vt 0.0500 0.0000 1.0000
vt 0.0250 0.0000 1.0000
vt 0.0000 0.0000 1.0000
vt 0.1000 0.0000 1.0000
vt 0.0750 0.0000 1.0000
vt 0.1500 0.0000 1.0000
vt 0.1250 0.0000 1.0000
vt 0.2000 0.0000 1.0000
vt 0.1750 0.0000 1.0000
vt 0.2500 0.0000 1.0000
vt 0.2250 0.0000 1.0000
vt 0.3000 0.0000 1.0000
vt 0.2750 0.0000 1.0000
vt 0.3500 0.0000 1.0000
vt 0.3250 0.0000 1.0000
vt 0.4000 0.0000 1.0000
vt 0.3750 0.0000 1.0000
vt 0.4500 0.0000 1.0000
vt 0.4250 0.0000 1.0000
vt 0.5000 0.0000 1.0000
vt 0.4750 0.0000 1.0000
vt 0.5500 0.0000 1.0000
vt 0.5250 0.0000 1.0000
vt 0.6000 0.0000 1.0000
vt 0.5750 0.0000 1.0000
vt 0.6500 0.0000 1.0000
vt 0.6250 0.0000 1.0000
vt 0.7000 0.0000 1.0000
vt 0.6750 0.0000 1.0000
vt 0.7250 0.0000 1.0000
vt 0.7750 1.0000 1.0000
vt 0.7500 1.0000 1.0000
vt 0.8000 1.0000 1.0000
vt 0.8250 1.0000 1.0000
vt 0.8500 1.0000 1.0000
vt 0.8750 1.0000 1.0000
vt 0.9000 1.0000 1.0000
vt 0.9250 1.0000 1.0000
vt 0.9500 1.0000 1.0000
vt 0.9750 1.0000 1.0000
vt -0.0250 0.0000 1.0000
vt 0.0000 1.0000 1.0000
vt -0.0250 1.0000 1.0000
vt 0.0250 1.0000 1.0000
vt 0.0500 1.0000 1.0000
vt 0.0750 1.0000 1.0000
vt 0.1000 1.0000 1.0000
vt 0.1250 1.0000 1.0000
vt 0.1500 1.0000 1.0000
vt 0.1750 1.0000 1.0000
vt 0.2000 1.0000 1.0000
vt 0.2250 1.0000 1.0000
vt 0.2500 1.0000 1.0000
vt 0.2750 1.0000 1.0000
vt 0.3000 1.0000 1.0000
vt 0.3250 1.0000 1.0000
vt 0.3500 1.0000 1.0000
vt 0.3750 1.0000 1.0000
vt 0.4000 1.0000 1.0000
vt 0.4250 1.0000 1.0000
vt 0.4500 1.0000 1.0000
vt 0.4750 1.0000 1.0000
vt 0.5000 1.0000 1.0000
vt 0.5250 1.0000 1.0000
vt 0.5500 1.0000 1.0000
vt 0.5750 1.0000 1.0000
vt 0.6000 1.0000 1.0000
vt 0.6250 1.0000 1.0000
vt 0.6500 1.0000 1.0000
vt 0.6750 1.0000 1.0000
vt 0.7000 1.0000 1.0000
vt 0.7250 1.0000 1.0000
vt 0.5000 1.0000 0.0000
# 85 texture coords

g Cylinder040
usemtl 02___Default
s 1
f -82/-85/-42 -81/-84/-42 -80/-83/-42 -79/-82/-42 
f -82/-85/-42 -78/-81/-42 -77/-80/-42 -81/-84/-42 
f -82/-85/-42 -76/-79/-42 -75/-78/-42 -78/-81/-42 
f -82/-85/-42 -74/-77/-42 -73/-76/-42 -76/-79/-42 
f -82/-85/-42 -72/-75/-42 -71/-74/-42 -74/-77/-42 
f -82/-85/-42 -70/-73/-42 -69/-72/-42 -72/-71/-42 
f -82/-85/-42 -68/-70/-42 -67/-69/-42 -70/-73/-42 
f -82/-85/-42 -66/-68/-42 -65/-67/-42 -68/-70/-42 
f -82/-85/-42 -64/-66/-42 -63/-65/-42 -66/-68/-42 
f -82/-85/-42 -62/-64/-42 -61/-63/-42 -64/-66/-42 
f -82/-85/-42 -60/-62/-42 -59/-61/-42 -62/-64/-42 
f -82/-85/-42 -58/-60/-42 -57/-59/-42 -60/-62/-42 
f -82/-85/-42 -56/-58/-42 -55/-57/-42 -58/-60/-42 
f -82/-85/-42 -54/-56/-42 -53/-55/-42 -56/-58/-42 
f -82/-85/-42 -52/-54/-42 -51/-53/-42 -54/-56/-42 
f -82/-85/-42 -50/-52/-42 -49/-51/-42 -52/-54/-42 
f -82/-85/-42 -48/-50/-42 -47/-49/-42 -50/-52/-42 
f -82/-85/-42 -46/-48/-42 -45/-47/-42 -48/-50/-42 
f -82/-85/-42 -44/-46/-42 -43/-45/-42 -46/-48/-42 
f -82/-85/-42 -79/-82/-42 -42/-44/-42 -44/-46/-42 
s 8
f -79/-82/-41 -80/-83/-40 -41/-43/-40 -40/-42/-41 
f -80/-83/-40 -81/-84/-39 -39/-41/-39 -41/-43/-40 
f -81/-84/-39 -77/-80/-38 -38/-40/-38 -39/-41/-39 
f -77/-80/-38 -78/-81/-37 -37/-39/-37 -38/-40/-38 
f -78/-81/-37 -75/-78/-36 -36/-38/-36 -37/-39/-37 
f -75/-78/-36 -76/-79/-35 -35/-37/-35 -36/-38/-36 
f -76/-79/-35 -73/-76/-34 -34/-36/-34 -35/-37/-35 
f -73/-76/-34 -74/-77/-33 -33/-35/-33 -34/-36/-34 
f -74/-77/-33 -71/-74/-32 -32/-34/-32 -33/-35/-33 
f -71/-33/-32 -72/-71/-31 -31/-32/-31 -32/-31/-32 
f -72/-71/-31 -69/-72/-30 -30/-30/-30 -31/-32/-31 
f -69/-72/-30 -70/-73/-29 -29/-29/-29 -30/-30/-30 
f -70/-73/-29 -67/-69/-28 -28/-28/-28 -29/-29/-29 
f -67/-69/-28 -68/-70/-27 -27/-27/-27 -28/-28/-28 
f -68/-70/-27 -65/-67/-26 -26/-26/-26 -27/-27/-27 
f -65/-67/-26 -66/-68/-25 -25/-25/-25 -26/-26/-26 
f -66/-68/-25 -63/-65/-24 -24/-24/-24 -25/-25/-25 
f -63/-65/-24 -64/-66/-23 -23/-23/-23 -24/-24/-24 
f -64/-66/-23 -61/-63/-22 -22/-22/-22 -23/-23/-23 
f -61/-63/-22 -62/-64/-21 -21/-21/-21 -22/-22/-22 
f -62/-64/-21 -59/-61/-20 -20/-20/-20 -21/-21/-21 
f -59/-61/-20 -60/-62/-19 -19/-19/-19 -20/-20/-20 
f -60/-62/-19 -57/-59/-18 -18/-18/-18 -19/-19/-19 
f -57/-59/-18 -58/-60/-17 -17/-17/-17 -18/-18/-18 
f -58/-60/-17 -55/-57/-16 -16/-16/-16 -17/-17/-17 
f -55/-57/-16 -56/-58/-15 -15/-15/-15 -16/-16/-16 
f -56/-58/-15 -53/-55/-14 -14/-14/-14 -15/-15/-15 
f -53/-55/-14 -54/-56/-13 -13/-13/-13 -14/-14/-14 
f -54/-56/-13 -51/-53/-12 -12/-12/-12 -13/-13/-13 
f -51/-53/-12 -52/-54/-11 -11/-11/-11 -12/-12/-12 
f -52/-54/-11 -49/-51/-10 -10/-10/-10 -11/-11/-11 
f -49/-51/-10 -50/-52/-9 -9/-9/-9 -10/-10/-10 
f -50/-52/-9 -47/-49/-8 -8/-8/-8 -9/-9/-9 
f -47/-49/-8 -48/-50/-7 -7/-7/-7 -8/-8/-8 
f -48/-50/-7 -45/-47/-6 -6/-6/-6 -7/-7/-7 
f -45/-47/-6 -46/-48/-5 -5/-5/-5 -6/-6/-6 
f -46/-48/-5 -43/-45/-4 -4/-4/-4 -5/-5/-5 
f -43/-45/-4 -44/-46/-3 -3/-3/-3 -4/-4/-4 
f -44/-46/-3 -42/-44/-2 -2/-2/-2 -3/-3/-3 
f -42/-44/-2 -79/-82/-41 -40/-42/-41 -2/-2/-2 
s 1
f -1/-1/-1 -2/-2/-1 -40/-42/-1 -41/-43/-1 
f -1/-1/-1 -41/-43/-1 -39/-41/-1 -38/-40/-1 
f -1/-1/-1 -38/-40/-1 -37/-39/-1 -36/-38/-1 
f -1/-1/-1 -36/-38/-1 -35/-37/-1 -34/-36/-1 
f -1/-1/-1 -34/-36/-1 -33/-35/-1 -32/-34/-1 
f -1/-1/-1 -32/-31/-1 -31/-32/-1 -30/-30/-1 
f -1/-1/-1 -30/-30/-1 -29/-29/-1 -28/-28/-1 
f -1/-1/-1 -28/-28/-1 -27/-27/-1 -26/-26/-1 
f -1/-1/-1 -26/-26/-1 -25/-25/-1 -24/-24/-1 
f -1/-1/-1 -24/-24/-1 -23/-23/-1 -22/-22/-1 
f -1/-1/-1 -22/-22/-1 -21/-21/-1 -20/-20/-1 
f -1/-1/-1 -20/-20/-1 -19/-19/-1 -18/-18/-1 
f -1/-1/-1 -18/-18/-1 -17/-17/-1 -16/-16/-1 
f -1/-1/-1 -16/-16/-1 -15/-15/-1 -14/-14/-1 
f -1/-1/-1 -14/-14/-1 -13/-13/-1 -12/-12/-1 
f -1/-1/-1 -12/-12/-1 -11/-11/-1 -10/-10/-1 
f -1/-1/-1 -10/-10/-1 -9/-9/-1 -8/-8/-1 
f -1/-1/-1 -8/-8/-1 -7/-7/-1 -6/-6/-1 
f -1/-1/-1 -6/-6/-1 -5/-5/-1 -4/-4/-1 
f -1/-1/-1 -4/-4/-1 -3/-3/-1 -2/-2/-1 
# 80 polygons

#
# object Cylinder041
#

v  -771880.4375 494925.1250 112544.1250
v  -778703.8750 500718.5938 129017.3594
v  -778966.6875 497857.9688 129651.8594
v  -779055.0000 494925.1250 129865.1094
v  -777684.8125 505944.9688 126557.0938
v  -778273.0000 503436.5625 127977.2344
v  -776097.5625 510092.6563 122725.1406
v  -776953.6250 508182.0313 124791.9063
v  -774097.5000 512755.6250 117896.6016
v  -775137.6250 511629.7813 120407.6875
v  -771880.4375 513673.2188 112544.1172
v  -773002.8125 513442.4063 115253.7188
v  -769663.3750 512755.6250 107191.6406
v  -770758.0625 513442.4063 109834.5156
v  -767663.3125 510092.6563 102363.0938
v  -768623.2500 511629.7813 104680.5547
v  -766076.0625 505944.9688 98531.1406
v  -766807.2500 508182.0313 100296.3281
v  -765057.0000 500718.5938 96070.8828
v  -765487.8750 503436.5625 97111.0078
v  -764705.8750 494925.1250 95223.1406
v  -764794.1875 497857.9688 95436.3828
v  -765057.0000 489131.6250 96070.8906
v  -764794.1875 491992.2813 95436.3906
v  -766076.0625 483905.2500 98531.1641
v  -765487.8750 486413.6563 97111.0234
v  -767663.3125 479757.5938 102363.1250
v  -766807.2500 481668.2188 100296.3516
v  -769663.3750 477094.6250 107191.6719
v  -768623.2500 478220.4375 104680.5859
v  -771880.4375 476177.0313 112544.1563
v  -770758.1250 476407.8438 109834.5547
v  -774097.5000 477094.6563 117896.6328
v  -773002.8125 476407.8750 115253.7578
v  -776097.5625 479757.6250 122725.1719
v  -775137.6250 478220.4688 120407.7188
v  -777684.8125 483905.3125 126557.1172
v  -776953.6250 481668.2500 124791.9375
v  -778703.8750 489131.6875 129017.3750
v  -778273.0625 486413.6875 127977.2578
v  -778966.6875 491992.3125 129651.8672
v  -785437.6250 497857.9688 126971.5156
v  -785525.9375 494925.1250 127184.7656
v  -785174.8125 500718.5938 126337.0156
v  -784744.0000 503436.5625 125296.8906
v  -784155.7500 505944.9688 123876.7500
v  -783424.5625 508182.0313 122111.5625
v  -782568.5000 510092.6563 120044.7969
v  -781608.5625 511629.7813 117727.3438
v  -780568.4375 512755.6250 115216.2578
v  -779473.7500 513442.4063 112573.3750
v  -778351.3750 513673.2188 109863.7734
v  -777229.0000 513442.4063 107154.1719
v  -776134.3125 512755.6250 104511.2891
v  -775094.1875 511629.7813 102000.2031
v  -774134.2500 510092.6563 99682.7500
v  -773278.1875 508182.0313 97615.9844
v  -772547.0000 505944.9688 95850.7969
v  -771958.8125 503436.5625 94430.6563
v  -771527.9375 500718.5938 93390.5313
v  -771265.1250 497857.9688 92756.0391
v  -771176.8125 494925.1250 92542.7969
v  -771265.1250 491992.2813 92756.0469
v  -771527.9375 489131.6250 93390.5469
v  -771958.8125 486413.6563 94430.6797
v  -772547.0625 483905.2500 95850.8203
v  -773278.1875 481668.2188 97616.0078
v  -774134.2500 479757.5938 99682.7813
v  -775094.1875 478220.4375 102000.2344
v  -776134.3125 477094.6250 104511.3281
v  -777229.0625 476407.8438 107154.2109
v  -778351.3750 476177.0313 109863.8125
v  -779473.7500 476407.8750 112573.4063
v  -780568.4375 477094.6563 115216.2891
v  -781608.5625 478220.4688 117727.3750
v  -782568.5000 479757.6250 120044.8281
v  -783424.5625 481668.2500 122111.5938
v  -784155.7500 483905.3125 123876.7734
v  -784744.0000 486413.6875 125296.9063
v  -785174.8125 489131.6875 126337.0313
v  -785437.6250 491992.3125 126971.5234
v  -778351.3750 494925.1250 109863.7813
# 82 vertices

vn 0.9239 0.0000 0.3827
vn -0.3827 0.0000 0.9239
vn -0.3780 0.1564 0.9125
vn -0.3640 0.3090 0.8787
vn -0.3410 0.4540 0.8232
vn -0.3096 0.5878 0.7474
vn -0.2706 0.7071 0.6533
vn -0.2249 0.8090 0.5430
vn -0.1737 0.8910 0.4194
vn -0.1183 0.9511 0.2855
vn -0.0599 0.9877 0.1445
vn 0.0000 1.0000 -0.0000
vn 0.0599 0.9877 -0.1445
vn 0.1183 0.9511 -0.2855
vn 0.1737 0.8910 -0.4194
vn 0.2249 0.8090 -0.5430
vn 0.2706 0.7071 -0.6533
vn 0.3096 0.5878 -0.7474
vn 0.3410 0.4540 -0.8232
vn 0.3640 0.3090 -0.8787
vn 0.3780 0.1564 -0.9125
vn 0.3827 -0.0000 -0.9239
vn 0.3780 -0.1564 -0.9125
vn 0.3640 -0.3090 -0.8787
vn 0.3410 -0.4540 -0.8232
vn 0.3096 -0.5878 -0.7474
vn 0.2706 -0.7071 -0.6533
vn 0.2249 -0.8090 -0.5430
vn 0.1737 -0.8910 -0.4194
vn 0.1183 -0.9511 -0.2855
vn 0.0599 -0.9877 -0.1445
vn -0.0000 -1.0000 0.0000
vn -0.0599 -0.9877 0.1445
vn -0.1183 -0.9511 0.2855
vn -0.1737 -0.8910 0.4194
vn -0.2249 -0.8090 0.5430
vn -0.2706 -0.7071 0.6533
vn -0.3096 -0.5878 0.7474
vn -0.3410 -0.4540 0.8232
vn -0.3640 -0.3090 0.8787
vn -0.3780 -0.1564 0.9125
vn -0.9239 -0.0000 -0.3827
# 42 vertex normals

vt 0.5000 0.0000 0.0000
vt 0.8000 0.0000 1.0000
vt 0.7750 0.0000 1.0000
vt 0.7500 0.0000 1.0000
vt 0.8500 0.0000 1.0000
vt 0.8250 0.0000 1.0000
vt 0.9000 0.0000 1.0000
vt 0.8750 0.0000 1.0000
vt 0.9500 0.0000 1.0000
vt 0.9250 0.0000 1.0000
vt 0.9883 0.0000 0.9754
vt 0.9750 0.0000 1.0000
vt 0.0500 0.0000 1.0000
vt 0.0250 0.0000 1.0000
vt 0.0000 0.0000 1.0000
vt 0.1000 0.0000 1.0000
vt 0.0750 0.0000 1.0000
vt 0.1500 0.0000 1.0000
vt 0.1250 0.0000 1.0000
vt 0.2000 0.0000 1.0000
vt 0.1750 0.0000 1.0000
vt 0.2500 0.0000 1.0000
vt 0.2250 0.0000 1.0000
vt 0.3000 0.0000 1.0000
vt 0.2750 0.0000 1.0000
vt 0.3500 0.0000 1.0000
vt 0.3250 0.0000 1.0000
vt 0.4000 0.0000 1.0000
vt 0.3750 0.0000 1.0000
vt 0.4500 0.0000 1.0000
vt 0.4250 0.0000 1.0000
vt 0.5000 0.0000 1.0000
vt 0.4750 0.0000 1.0000
vt 0.5500 0.0000 1.0000
vt 0.5250 0.0000 1.0000
vt 0.6000 0.0000 1.0000
vt 0.5750 0.0000 1.0000
vt 0.6500 0.0000 1.0000
vt 0.6250 0.0000 1.0000
vt 0.7000 0.0000 1.0000
vt 0.6750 0.0000 1.0000
vt 0.7250 0.0000 1.0000
vt 0.7750 1.0000 1.0000
vt 0.7500 1.0000 1.0000
vt 0.8000 1.0000 1.0000
vt 0.8250 1.0000 1.0000
vt 0.8500 1.0000 1.0000
vt 0.8750 1.0000 1.0000
vt 0.9000 1.0000 1.0000
vt 0.9250 1.0000 1.0000
vt 0.9500 1.0000 1.0000
vt 0.9750 1.0000 1.0000
vt -0.0250 0.0000 1.0000
vt 0.0000 1.0000 1.0000
vt -0.0250 1.0000 1.0000
vt 0.0250 1.0000 1.0000
vt 0.0500 1.0000 1.0000
vt 0.0750 1.0000 1.0000
vt 0.1000 1.0000 1.0000
vt 0.1250 1.0000 1.0000
vt 0.1500 1.0000 1.0000
vt 0.1750 1.0000 1.0000
vt 0.2000 1.0000 1.0000
vt 0.2250 1.0000 1.0000
vt 0.2500 1.0000 1.0000
vt 0.2750 1.0000 1.0000
vt 0.3000 1.0000 1.0000
vt 0.3250 1.0000 1.0000
vt 0.3500 1.0000 1.0000
vt 0.3750 1.0000 1.0000
vt 0.4000 1.0000 1.0000
vt 0.4250 1.0000 1.0000
vt 0.4500 1.0000 1.0000
vt 0.4750 1.0000 1.0000
vt 0.5000 1.0000 1.0000
vt 0.5250 1.0000 1.0000
vt 0.5500 1.0000 1.0000
vt 0.5750 1.0000 1.0000
vt 0.6000 1.0000 1.0000
vt 0.6250 1.0000 1.0000
vt 0.6500 1.0000 1.0000
vt 0.6750 1.0000 1.0000
vt 0.7000 1.0000 1.0000
vt 0.7250 1.0000 1.0000
vt 0.5000 1.0000 0.0000
# 85 texture coords

g Cylinder041
usemtl 02___Default
s 1
f -82/-85/-42 -81/-84/-42 -80/-83/-42 -79/-82/-42 
f -82/-85/-42 -78/-81/-42 -77/-80/-42 -81/-84/-42 
f -82/-85/-42 -76/-79/-42 -75/-78/-42 -78/-81/-42 
f -82/-85/-42 -74/-77/-42 -73/-76/-42 -76/-79/-42 
f -82/-85/-42 -72/-75/-42 -71/-74/-42 -74/-77/-42 
f -82/-85/-42 -70/-73/-42 -69/-72/-42 -72/-71/-42 
f -82/-85/-42 -68/-70/-42 -67/-69/-42 -70/-73/-42 
f -82/-85/-42 -66/-68/-42 -65/-67/-42 -68/-70/-42 
f -82/-85/-42 -64/-66/-42 -63/-65/-42 -66/-68/-42 
f -82/-85/-42 -62/-64/-42 -61/-63/-42 -64/-66/-42 
f -82/-85/-42 -60/-62/-42 -59/-61/-42 -62/-64/-42 
f -82/-85/-42 -58/-60/-42 -57/-59/-42 -60/-62/-42 
f -82/-85/-42 -56/-58/-42 -55/-57/-42 -58/-60/-42 
f -82/-85/-42 -54/-56/-42 -53/-55/-42 -56/-58/-42 
f -82/-85/-42 -52/-54/-42 -51/-53/-42 -54/-56/-42 
f -82/-85/-42 -50/-52/-42 -49/-51/-42 -52/-54/-42 
f -82/-85/-42 -48/-50/-42 -47/-49/-42 -50/-52/-42 
f -82/-85/-42 -46/-48/-42 -45/-47/-42 -48/-50/-42 
f -82/-85/-42 -44/-46/-42 -43/-45/-42 -46/-48/-42 
f -82/-85/-42 -79/-82/-42 -42/-44/-42 -44/-46/-42 
s 8
f -79/-82/-41 -80/-83/-40 -41/-43/-40 -40/-42/-41 
f -80/-83/-40 -81/-84/-39 -39/-41/-39 -41/-43/-40 
f -81/-84/-39 -77/-80/-38 -38/-40/-38 -39/-41/-39 
f -77/-80/-38 -78/-81/-37 -37/-39/-37 -38/-40/-38 
f -78/-81/-37 -75/-78/-36 -36/-38/-36 -37/-39/-37 
f -75/-78/-36 -76/-79/-35 -35/-37/-35 -36/-38/-36 
f -76/-79/-35 -73/-76/-34 -34/-36/-34 -35/-37/-35 
f -73/-76/-34 -74/-77/-33 -33/-35/-33 -34/-36/-34 
f -74/-77/-33 -71/-74/-32 -32/-34/-32 -33/-35/-33 
f -71/-33/-32 -72/-71/-31 -31/-32/-31 -32/-31/-32 
f -72/-71/-31 -69/-72/-30 -30/-30/-30 -31/-32/-31 
f -69/-72/-30 -70/-73/-29 -29/-29/-29 -30/-30/-30 
f -70/-73/-29 -67/-69/-28 -28/-28/-28 -29/-29/-29 
f -67/-69/-28 -68/-70/-27 -27/-27/-27 -28/-28/-28 
f -68/-70/-27 -65/-67/-26 -26/-26/-26 -27/-27/-27 
f -65/-67/-26 -66/-68/-25 -25/-25/-25 -26/-26/-26 
f -66/-68/-25 -63/-65/-24 -24/-24/-24 -25/-25/-25 
f -63/-65/-24 -64/-66/-23 -23/-23/-23 -24/-24/-24 
f -64/-66/-23 -61/-63/-22 -22/-22/-22 -23/-23/-23 
f -61/-63/-22 -62/-64/-21 -21/-21/-21 -22/-22/-22 
f -62/-64/-21 -59/-61/-20 -20/-20/-20 -21/-21/-21 
f -59/-61/-20 -60/-62/-19 -19/-19/-19 -20/-20/-20 
f -60/-62/-19 -57/-59/-18 -18/-18/-18 -19/-19/-19 
f -57/-59/-18 -58/-60/-17 -17/-17/-17 -18/-18/-18 
f -58/-60/-17 -55/-57/-16 -16/-16/-16 -17/-17/-17 
f -55/-57/-16 -56/-58/-15 -15/-15/-15 -16/-16/-16 
f -56/-58/-15 -53/-55/-14 -14/-14/-14 -15/-15/-15 
f -53/-55/-14 -54/-56/-13 -13/-13/-13 -14/-14/-14 
f -54/-56/-13 -51/-53/-12 -12/-12/-12 -13/-13/-13 
f -51/-53/-12 -52/-54/-11 -11/-11/-11 -12/-12/-12 
f -52/-54/-11 -49/-51/-10 -10/-10/-10 -11/-11/-11 
f -49/-51/-10 -50/-52/-9 -9/-9/-9 -10/-10/-10 
f -50/-52/-9 -47/-49/-8 -8/-8/-8 -9/-9/-9 
f -47/-49/-8 -48/-50/-7 -7/-7/-7 -8/-8/-8 
f -48/-50/-7 -45/-47/-6 -6/-6/-6 -7/-7/-7 
f -45/-47/-6 -46/-48/-5 -5/-5/-5 -6/-6/-6 
f -46/-48/-5 -43/-45/-4 -4/-4/-4 -5/-5/-5 
f -43/-45/-4 -44/-46/-3 -3/-3/-3 -4/-4/-4 
f -44/-46/-3 -42/-44/-2 -2/-2/-2 -3/-3/-3 
f -42/-44/-2 -79/-82/-41 -40/-42/-41 -2/-2/-2 
s 1
f -1/-1/-1 -2/-2/-1 -40/-42/-1 -41/-43/-1 
f -1/-1/-1 -41/-43/-1 -39/-41/-1 -38/-40/-1 
f -1/-1/-1 -38/-40/-1 -37/-39/-1 -36/-38/-1 
f -1/-1/-1 -36/-38/-1 -35/-37/-1 -34/-36/-1 
f -1/-1/-1 -34/-36/-1 -33/-35/-1 -32/-34/-1 
f -1/-1/-1 -32/-31/-1 -31/-32/-1 -30/-30/-1 
f -1/-1/-1 -30/-30/-1 -29/-29/-1 -28/-28/-1 
f -1/-1/-1 -28/-28/-1 -27/-27/-1 -26/-26/-1 
f -1/-1/-1 -26/-26/-1 -25/-25/-1 -24/-24/-1 
f -1/-1/-1 -24/-24/-1 -23/-23/-1 -22/-22/-1 
f -1/-1/-1 -22/-22/-1 -21/-21/-1 -20/-20/-1 
f -1/-1/-1 -20/-20/-1 -19/-19/-1 -18/-18/-1 
f -1/-1/-1 -18/-18/-1 -17/-17/-1 -16/-16/-1 
f -1/-1/-1 -16/-16/-1 -15/-15/-1 -14/-14/-1 
f -1/-1/-1 -14/-14/-1 -13/-13/-1 -12/-12/-1 
f -1/-1/-1 -12/-12/-1 -11/-11/-1 -10/-10/-1 
f -1/-1/-1 -10/-10/-1 -9/-9/-1 -8/-8/-1 
f -1/-1/-1 -8/-8/-1 -7/-7/-1 -6/-6/-1 
f -1/-1/-1 -6/-6/-1 -5/-5/-1 -4/-4/-1 
f -1/-1/-1 -4/-4/-1 -3/-3/-1 -2/-2/-1 
# 80 polygons

#
# object Cylinder042
#

v  -85258.4219 494296.8438 166315.3750
v  -89420.8594 500090.3125 148977.5313
v  -89581.1875 497229.6875 148309.7344
v  -89635.0703 494296.8438 148085.2969
v  -88799.2031 505316.6875 151566.9219
v  -89158.0391 502808.2813 150072.2500
v  -87830.9453 509464.3750 155600.0000
v  -88353.1797 507553.7500 153424.7656
v  -86610.8750 512127.3438 160681.9688
v  -87245.3750 511001.5000 158039.0938
v  -85258.4141 513044.9375 166315.3750
v  -85943.0781 512814.1250 163463.5625
v  -83905.9609 512127.3438 171948.7969
v  -84573.7578 512814.1250 169167.2031
v  -82685.8906 509464.3750 177030.7656
v  -83271.4609 511001.5000 174591.6719
v  -81717.6406 505316.6875 181063.8281
v  -82163.6641 507553.7500 179206.0000
v  -81095.9844 500090.3125 183653.2188
v  -81358.7969 502808.2813 182558.5000
v  -80881.7734 494296.8438 184545.4531
v  -80935.6563 497229.6875 184321.0156
v  -81095.9844 488503.3438 183653.2031
v  -80935.6563 491364.0000 184321.0156
v  -81717.6406 483276.9688 181063.8125
v  -81358.8047 485785.3750 182558.4844
v  -82685.8984 479129.3125 177030.7344
v  -82163.6719 481039.9375 179205.9688
v  -83905.9688 476466.3438 171948.7500
v  -83271.4766 477592.1563 174591.6406
v  -85258.4297 475548.7500 166315.3438
v  -84573.7734 475779.5625 169167.1563
v  -86610.8906 476466.3750 160681.9375
v  -85943.0938 475779.5938 163463.5313
v  -87830.9609 479129.3438 155599.9688
v  -87245.3906 477592.1875 158039.0625
v  -88799.2109 483277.0313 151566.9063
v  -88353.1875 481039.9688 153424.7344
v  -89420.8672 488503.4063 148977.5156
v  -89158.0469 485785.4063 150072.2344
v  -89581.1875 491364.0313 148309.7344
v  -82770.6172 497229.6875 146674.6563
v  -82824.5000 494296.8438 146450.2188
v  -82610.2891 500090.3125 147342.4688
v  -82347.4688 502808.2813 148437.1875
v  -81988.6328 505316.6875 149931.8594
v  -81542.6094 507553.7500 151789.6875
v  -81020.3750 509464.3750 153964.9375
v  -80434.8047 511001.5000 156404.0313
v  -79800.3047 512127.3438 159046.9063
v  -79132.5078 512814.1250 161828.5000
v  -78447.8438 513044.9375 164680.3125
v  -77763.1875 512814.1250 167532.1250
v  -77095.3906 512127.3438 170313.7188
v  -76460.8906 511001.5000 172956.5938
v  -75875.3203 509464.3750 175395.6875
v  -75353.0938 507553.7500 177570.9375
v  -74907.0625 505316.6875 179428.7656
v  -74548.2266 502808.2813 180923.4375
v  -74285.4063 500090.3125 182018.1563
v  -74125.0859 497229.6875 182685.9531
v  -74071.2031 494296.8438 182910.3906
v  -74125.0859 491364.0000 182685.9375
v  -74285.4141 488503.3438 182018.1406
v  -74548.2344 485785.3750 180923.4219
v  -74907.0781 483276.9688 179428.7344
v  -75353.1016 481039.9375 177570.9063
v  -75875.3281 479129.3125 175395.6563
v  -76460.9063 477592.1563 172956.5625
v  -77095.3984 476466.3438 170313.6875
v  -77763.2031 475779.5625 167532.0938
v  -78447.8594 475548.7500 164680.2813
v  -79132.5156 475779.5938 161828.4688
v  -79800.3203 476466.3750 159046.8750
v  -80434.8125 477592.1875 156403.9844
v  -81020.3906 479129.3438 153964.9063
v  -81542.6172 481039.9688 151789.6563
v  -81988.6406 483277.0313 149931.8438
v  -82347.4766 485785.4063 148437.1563
v  -82610.2969 488503.4063 147342.4531
v  -82770.6172 491364.0313 146674.6563
v  -78447.8516 494296.8438 164680.3125
# 82 vertices

vn -0.9724 0.0000 0.2334
vn -0.2334 0.0000 -0.9724
vn -0.2306 0.1564 -0.9604
vn -0.2220 0.3090 -0.9248
vn -0.2080 0.4540 -0.8664
vn -0.1889 0.5878 -0.7867
vn -0.1651 0.7071 -0.6876
vn -0.1372 0.8090 -0.5715
vn -0.1060 0.8910 -0.4414
vn -0.0721 0.9511 -0.3005
vn -0.0365 0.9877 -0.1521
vn 0.0000 1.0000 0.0000
vn 0.0365 0.9877 0.1521
vn 0.0721 0.9511 0.3005
vn 0.1060 0.8910 0.4414
vn 0.1372 0.8090 0.5715
vn 0.1651 0.7071 0.6876
vn 0.1889 0.5878 0.7867
vn 0.2080 0.4540 0.8664
vn 0.2220 0.3090 0.9248
vn 0.2306 0.1564 0.9604
vn 0.2334 -0.0000 0.9724
vn 0.2306 -0.1564 0.9604
vn 0.2220 -0.3090 0.9248
vn 0.2080 -0.4540 0.8664
vn 0.1889 -0.5878 0.7867
vn 0.1651 -0.7071 0.6876
vn 0.1372 -0.8090 0.5715
vn 0.1060 -0.8910 0.4414
vn 0.0721 -0.9511 0.3005
vn 0.0365 -0.9877 0.1521
vn -0.0000 -1.0000 -0.0000
vn -0.0365 -0.9877 -0.1521
vn -0.0721 -0.9511 -0.3005
vn -0.1060 -0.8910 -0.4414
vn -0.1372 -0.8090 -0.5715
vn -0.1651 -0.7071 -0.6876
vn -0.1889 -0.5878 -0.7867
vn -0.2080 -0.4540 -0.8664
vn -0.2220 -0.3090 -0.9248
vn -0.2306 -0.1564 -0.9604
vn 0.9724 -0.0000 -0.2334
# 42 vertex normals

vt 0.5000 0.0000 0.0000
vt 0.8000 0.0000 1.0000
vt 0.7750 0.0000 1.0000
vt 0.7500 0.0000 1.0000
vt 0.8500 0.0000 1.0000
vt 0.8250 0.0000 1.0000
vt 0.9000 0.0000 1.0000
vt 0.8750 0.0000 1.0000
vt 0.9500 0.0000 1.0000
vt 0.9250 0.0000 1.0000
vt 0.9883 0.0000 0.9754
vt 0.9750 0.0000 1.0000
vt 0.0500 0.0000 1.0000
vt 0.0250 0.0000 1.0000
vt 0.0000 0.0000 1.0000
vt 0.1000 0.0000 1.0000
vt 0.0750 0.0000 1.0000
vt 0.1500 0.0000 1.0000
vt 0.1250 0.0000 1.0000
vt 0.2000 0.0000 1.0000
vt 0.1750 0.0000 1.0000
vt 0.2500 0.0000 1.0000
vt 0.2250 0.0000 1.0000
vt 0.3000 0.0000 1.0000
vt 0.2750 0.0000 1.0000
vt 0.3500 0.0000 1.0000
vt 0.3250 0.0000 1.0000
vt 0.4000 0.0000 1.0000
vt 0.3750 0.0000 1.0000
vt 0.4500 0.0000 1.0000
vt 0.4250 0.0000 1.0000
vt 0.5000 0.0000 1.0000
vt 0.4750 0.0000 1.0000
vt 0.5500 0.0000 1.0000
vt 0.5250 0.0000 1.0000
vt 0.6000 0.0000 1.0000
vt 0.5750 0.0000 1.0000
vt 0.6500 0.0000 1.0000
vt 0.6250 0.0000 1.0000
vt 0.7000 0.0000 1.0000
vt 0.6750 0.0000 1.0000
vt 0.7250 0.0000 1.0000
vt 0.7750 1.0000 1.0000
vt 0.7500 1.0000 1.0000
vt 0.8000 1.0000 1.0000
vt 0.8250 1.0000 1.0000
vt 0.8500 1.0000 1.0000
vt 0.8750 1.0000 1.0000
vt 0.9000 1.0000 1.0000
vt 0.9250 1.0000 1.0000
vt 0.9500 1.0000 1.0000
vt 0.9750 1.0000 1.0000
vt -0.0250 0.0000 1.0000
vt 0.0000 1.0000 1.0000
vt -0.0250 1.0000 1.0000
vt 0.0250 1.0000 1.0000
vt 0.0500 1.0000 1.0000
vt 0.0750 1.0000 1.0000
vt 0.1000 1.0000 1.0000
vt 0.1250 1.0000 1.0000
vt 0.1500 1.0000 1.0000
vt 0.1750 1.0000 1.0000
vt 0.2000 1.0000 1.0000
vt 0.2250 1.0000 1.0000
vt 0.2500 1.0000 1.0000
vt 0.2750 1.0000 1.0000
vt 0.3000 1.0000 1.0000
vt 0.3250 1.0000 1.0000
vt 0.3500 1.0000 1.0000
vt 0.3750 1.0000 1.0000
vt 0.4000 1.0000 1.0000
vt 0.4250 1.0000 1.0000
vt 0.4500 1.0000 1.0000
vt 0.4750 1.0000 1.0000
vt 0.5000 1.0000 1.0000
vt 0.5250 1.0000 1.0000
vt 0.5500 1.0000 1.0000
vt 0.5750 1.0000 1.0000
vt 0.6000 1.0000 1.0000
vt 0.6250 1.0000 1.0000
vt 0.6500 1.0000 1.0000
vt 0.6750 1.0000 1.0000
vt 0.7000 1.0000 1.0000
vt 0.7250 1.0000 1.0000
vt 0.5000 1.0000 0.0000
# 85 texture coords

g Cylinder042
usemtl 02___Default
s 1
f -82/-85/-42 -81/-84/-42 -80/-83/-42 -79/-82/-42 
f -82/-85/-42 -78/-81/-42 -77/-80/-42 -81/-84/-42 
f -82/-85/-42 -76/-79/-42 -75/-78/-42 -78/-81/-42 
f -82/-85/-42 -74/-77/-42 -73/-76/-42 -76/-79/-42 
f -82/-85/-42 -72/-75/-42 -71/-74/-42 -74/-77/-42 
f -82/-85/-42 -70/-73/-42 -69/-72/-42 -72/-71/-42 
f -82/-85/-42 -68/-70/-42 -67/-69/-42 -70/-73/-42 
f -82/-85/-42 -66/-68/-42 -65/-67/-42 -68/-70/-42 
f -82/-85/-42 -64/-66/-42 -63/-65/-42 -66/-68/-42 
f -82/-85/-42 -62/-64/-42 -61/-63/-42 -64/-66/-42 
f -82/-85/-42 -60/-62/-42 -59/-61/-42 -62/-64/-42 
f -82/-85/-42 -58/-60/-42 -57/-59/-42 -60/-62/-42 
f -82/-85/-42 -56/-58/-42 -55/-57/-42 -58/-60/-42 
f -82/-85/-42 -54/-56/-42 -53/-55/-42 -56/-58/-42 
f -82/-85/-42 -52/-54/-42 -51/-53/-42 -54/-56/-42 
f -82/-85/-42 -50/-52/-42 -49/-51/-42 -52/-54/-42 
f -82/-85/-42 -48/-50/-42 -47/-49/-42 -50/-52/-42 
f -82/-85/-42 -46/-48/-42 -45/-47/-42 -48/-50/-42 
f -82/-85/-42 -44/-46/-42 -43/-45/-42 -46/-48/-42 
f -82/-85/-42 -79/-82/-42 -42/-44/-42 -44/-46/-42 
s 8
f -79/-82/-41 -80/-83/-40 -41/-43/-40 -40/-42/-41 
f -80/-83/-40 -81/-84/-39 -39/-41/-39 -41/-43/-40 
f -81/-84/-39 -77/-80/-38 -38/-40/-38 -39/-41/-39 
f -77/-80/-38 -78/-81/-37 -37/-39/-37 -38/-40/-38 
f -78/-81/-37 -75/-78/-36 -36/-38/-36 -37/-39/-37 
f -75/-78/-36 -76/-79/-35 -35/-37/-35 -36/-38/-36 
f -76/-79/-35 -73/-76/-34 -34/-36/-34 -35/-37/-35 
f -73/-76/-34 -74/-77/-33 -33/-35/-33 -34/-36/-34 
f -74/-77/-33 -71/-74/-32 -32/-34/-32 -33/-35/-33 
f -71/-33/-32 -72/-71/-31 -31/-32/-31 -32/-31/-32 
f -72/-71/-31 -69/-72/-30 -30/-30/-30 -31/-32/-31 
f -69/-72/-30 -70/-73/-29 -29/-29/-29 -30/-30/-30 
f -70/-73/-29 -67/-69/-28 -28/-28/-28 -29/-29/-29 
f -67/-69/-28 -68/-70/-27 -27/-27/-27 -28/-28/-28 
f -68/-70/-27 -65/-67/-26 -26/-26/-26 -27/-27/-27 
f -65/-67/-26 -66/-68/-25 -25/-25/-25 -26/-26/-26 
f -66/-68/-25 -63/-65/-24 -24/-24/-24 -25/-25/-25 
f -63/-65/-24 -64/-66/-23 -23/-23/-23 -24/-24/-24 
f -64/-66/-23 -61/-63/-22 -22/-22/-22 -23/-23/-23 
f -61/-63/-22 -62/-64/-21 -21/-21/-21 -22/-22/-22 
f -62/-64/-21 -59/-61/-20 -20/-20/-20 -21/-21/-21 
f -59/-61/-20 -60/-62/-19 -19/-19/-19 -20/-20/-20 
f -60/-62/-19 -57/-59/-18 -18/-18/-18 -19/-19/-19 
f -57/-59/-18 -58/-60/-17 -17/-17/-17 -18/-18/-18 
f -58/-60/-17 -55/-57/-16 -16/-16/-16 -17/-17/-17 
f -55/-57/-16 -56/-58/-15 -15/-15/-15 -16/-16/-16 
f -56/-58/-15 -53/-55/-14 -14/-14/-14 -15/-15/-15 
f -53/-55/-14 -54/-56/-13 -13/-13/-13 -14/-14/-14 
f -54/-56/-13 -51/-53/-12 -12/-12/-12 -13/-13/-13 
f -51/-53/-12 -52/-54/-11 -11/-11/-11 -12/-12/-12 
f -52/-54/-11 -49/-51/-10 -10/-10/-10 -11/-11/-11 
f -49/-51/-10 -50/-52/-9 -9/-9/-9 -10/-10/-10 
f -50/-52/-9 -47/-49/-8 -8/-8/-8 -9/-9/-9 
f -47/-49/-8 -48/-50/-7 -7/-7/-7 -8/-8/-8 
f -48/-50/-7 -45/-47/-6 -6/-6/-6 -7/-7/-7 
f -45/-47/-6 -46/-48/-5 -5/-5/-5 -6/-6/-6 
f -46/-48/-5 -43/-45/-4 -4/-4/-4 -5/-5/-5 
f -43/-45/-4 -44/-46/-3 -3/-3/-3 -4/-4/-4 
f -44/-46/-3 -42/-44/-2 -2/-2/-2 -3/-3/-3 
f -42/-44/-2 -79/-82/-41 -40/-42/-41 -2/-2/-2 
s 1
f -1/-1/-1 -2/-2/-1 -40/-42/-1 -41/-43/-1 
f -1/-1/-1 -41/-43/-1 -39/-41/-1 -38/-40/-1 
f -1/-1/-1 -38/-40/-1 -37/-39/-1 -36/-38/-1 
f -1/-1/-1 -36/-38/-1 -35/-37/-1 -34/-36/-1 
f -1/-1/-1 -34/-36/-1 -33/-35/-1 -32/-34/-1 
f -1/-1/-1 -32/-31/-1 -31/-32/-1 -30/-30/-1 
f -1/-1/-1 -30/-30/-1 -29/-29/-1 -28/-28/-1 
f -1/-1/-1 -28/-28/-1 -27/-27/-1 -26/-26/-1 
f -1/-1/-1 -26/-26/-1 -25/-25/-1 -24/-24/-1 
f -1/-1/-1 -24/-24/-1 -23/-23/-1 -22/-22/-1 
f -1/-1/-1 -22/-22/-1 -21/-21/-1 -20/-20/-1 
f -1/-1/-1 -20/-20/-1 -19/-19/-1 -18/-18/-1 
f -1/-1/-1 -18/-18/-1 -17/-17/-1 -16/-16/-1 
f -1/-1/-1 -16/-16/-1 -15/-15/-1 -14/-14/-1 
f -1/-1/-1 -14/-14/-1 -13/-13/-1 -12/-12/-1 
f -1/-1/-1 -12/-12/-1 -11/-11/-1 -10/-10/-1 
f -1/-1/-1 -10/-10/-1 -9/-9/-1 -8/-8/-1 
f -1/-1/-1 -8/-8/-1 -7/-7/-1 -6/-6/-1 
f -1/-1/-1 -6/-6/-1 -5/-5/-1 -4/-4/-1 
f -1/-1/-1 -4/-4/-1 -3/-3/-1 -2/-2/-1 
# 80 polygons

#
# object Cylinder043
#

v  -352816.0000 493921.5000 602872.1250
v  -335478.1563 499714.9688 598709.6250
v  -334810.3438 496854.3438 598549.3125
v  -334585.9063 493921.5000 598495.4375
v  -338067.5625 504941.3438 599331.3125
v  -336572.8750 502432.9375 598972.4375
v  -342100.6250 509089.0313 600299.5625
v  -339925.3750 507178.4063 599777.3125
v  -347182.5938 511752.0000 601519.6875
v  -344539.7188 510626.1563 600885.1250
v  -352816.0000 512669.5938 602872.1250
v  -349964.1875 512438.7813 602187.4375
v  -358449.4063 511752.0000 604224.6250
v  -355667.8125 512438.7813 603556.8125
v  -363531.3750 509089.0313 605444.6875
v  -361092.2813 510626.1563 604859.1250
v  -367564.4688 504941.3438 606412.9375
v  -365706.6250 507178.4063 605966.9375
v  -370153.8438 499714.9688 607034.6250
v  -369059.1250 502432.9375 606771.8125
v  -371046.0938 493921.5000 607248.8125
v  -370821.6563 496854.3438 607194.9375
v  -370153.8438 488128.0000 607034.6250
v  -370821.6250 490988.6563 607194.9375
v  -367564.4375 482901.6250 606412.9375
v  -369059.1250 485410.0313 606771.7500
v  -363531.3438 478753.9688 605444.6875
v  -365706.5938 480664.5938 605966.8750
v  -358449.3750 476091.0000 604224.5625
v  -361092.2500 477216.8125 604859.0625
v  -352815.9688 475173.4063 602872.1250
v  -355667.7813 475404.2188 603556.7500
v  -347182.5625 476091.0000 601519.6250
v  -349964.1563 475404.2500 602187.4375
v  -342100.5938 478754.0000 600299.5625
v  -344539.6875 477216.8438 600885.1250
v  -338067.5313 482901.6875 599331.3125
v  -339925.3438 480664.6250 599777.3125
v  -335478.1563 488128.0625 598709.6250
v  -336572.8438 485410.0625 598972.4375
v  -334810.3438 490988.6875 598549.3125
v  -333175.2813 496854.3438 605359.8750
v  -332950.8438 493921.5000 605306.0000
v  -333843.0625 499714.9688 605520.1875
v  -334937.7813 502432.9375 605783.0625
v  -336432.4688 504941.3438 606141.8750
v  -338290.3125 507178.4063 606587.9375
v  -340465.5313 509089.0313 607110.1250
v  -342904.6250 510626.1563 607695.7500
v  -345547.5000 511752.0000 608330.2500
v  -348329.0938 512438.7813 608998.0625
v  -351180.9375 512669.5938 609682.6875
v  -354032.7500 512438.7813 610367.3750
v  -356814.3438 511752.0000 611035.1875
v  -359457.2188 510626.1563 611669.6875
v  -361896.3125 509089.0313 612255.2500
v  -364071.5313 507178.4063 612777.5000
v  -365929.3750 504941.3438 613223.5000
v  -367424.0625 502432.9375 613582.3750
v  -368518.7500 499714.9688 613845.1875
v  -369186.5625 496854.3438 614005.5000
v  -369411.0000 493921.5000 614059.3750
v  -369186.5625 490988.6250 614005.5000
v  -368518.7500 488128.0000 613845.1875
v  -367424.0313 485410.0313 613582.3750
v  -365929.3438 482901.6250 613223.5000
v  -364071.5000 480664.5938 612777.5000
v  -361896.2813 478753.9688 612255.2500
v  -359457.1875 477216.8125 611669.6875
v  -356814.2813 476091.0000 611035.1250
v  -354032.6875 475404.2188 610367.3750
v  -351180.8750 475173.4063 609682.6875
v  -348329.0625 475404.2500 608998.0000
v  -345547.4688 476091.0000 608330.1875
v  -342904.5938 477216.8438 607695.6875
v  -340465.5000 478754.0000 607110.1250
v  -338290.2813 480664.6250 606587.8750
v  -336432.4375 482901.6875 606141.8750
v  -334937.7813 485410.0625 605783.0000
v  -333843.0625 488128.0625 605520.1875
v  -333175.2813 490988.6875 605359.8750
v  -351180.9063 493921.5000 609682.6875
# 82 vertices

vn -0.2334 0.0000 -0.9724
vn 0.9724 0.0000 -0.2334
vn 0.9604 0.1564 -0.2306
vn 0.9248 0.3090 -0.2220
vn 0.8664 0.4540 -0.2080
vn 0.7867 0.5878 -0.1889
vn 0.6876 0.7071 -0.1651
vn 0.5715 0.8090 -0.1372
vn 0.4414 0.8910 -0.1060
vn 0.3005 0.9511 -0.0721
vn 0.1521 0.9877 -0.0365
vn -0.0000 1.0000 0.0000
vn -0.1521 0.9877 0.0365
vn -0.3005 0.9511 0.0721
vn -0.4414 0.8910 0.1060
vn -0.5715 0.8090 0.1372
vn -0.6876 0.7071 0.1651
vn -0.7867 0.5878 0.1889
vn -0.8664 0.4540 0.2080
vn -0.9248 0.3090 0.2220
vn -0.9604 0.1564 0.2306
vn -0.9724 -0.0000 0.2334
vn -0.9604 -0.1564 0.2306
vn -0.9248 -0.3090 0.2220
vn -0.8664 -0.4540 0.2080
vn -0.7867 -0.5878 0.1889
vn -0.6876 -0.7071 0.1651
vn -0.5715 -0.8090 0.1372
vn -0.4414 -0.8910 0.1060
vn -0.3005 -0.9511 0.0721
vn -0.1521 -0.9877 0.0365
vn 0.0000 -1.0000 -0.0000
vn 0.1521 -0.9877 -0.0365
vn 0.3005 -0.9511 -0.0721
vn 0.4414 -0.8910 -0.1060
vn 0.5715 -0.8090 -0.1372
vn 0.6876 -0.7071 -0.1651
vn 0.7867 -0.5878 -0.1889
vn 0.8664 -0.4540 -0.2080
vn 0.9248 -0.3090 -0.2220
vn 0.9604 -0.1564 -0.2306
vn 0.2334 -0.0000 0.9724
# 42 vertex normals

vt 0.5000 0.0000 0.0000
vt 0.8000 0.0000 1.0000
vt 0.7750 0.0000 1.0000
vt 0.7500 0.0000 1.0000
vt 0.8500 0.0000 1.0000
vt 0.8250 0.0000 1.0000
vt 0.9000 0.0000 1.0000
vt 0.8750 0.0000 1.0000
vt 0.9500 0.0000 1.0000
vt 0.9250 0.0000 1.0000
vt 0.9883 0.0000 0.9754
vt 0.9750 0.0000 1.0000
vt 0.0500 0.0000 1.0000
vt 0.0250 0.0000 1.0000
vt 0.0000 0.0000 1.0000
vt 0.1000 0.0000 1.0000
vt 0.0750 0.0000 1.0000
vt 0.1500 0.0000 1.0000
vt 0.1250 0.0000 1.0000
vt 0.2000 0.0000 1.0000
vt 0.1750 0.0000 1.0000
vt 0.2500 0.0000 1.0000
vt 0.2250 0.0000 1.0000
vt 0.3000 0.0000 1.0000
vt 0.2750 0.0000 1.0000
vt 0.3500 0.0000 1.0000
vt 0.3250 0.0000 1.0000
vt 0.4000 0.0000 1.0000
vt 0.3750 0.0000 1.0000
vt 0.4500 0.0000 1.0000
vt 0.4250 0.0000 1.0000
vt 0.5000 0.0000 1.0000
vt 0.4750 0.0000 1.0000
vt 0.5500 0.0000 1.0000
vt 0.5250 0.0000 1.0000
vt 0.6000 0.0000 1.0000
vt 0.5750 0.0000 1.0000
vt 0.6500 0.0000 1.0000
vt 0.6250 0.0000 1.0000
vt 0.7000 0.0000 1.0000
vt 0.6750 0.0000 1.0000
vt 0.7250 0.0000 1.0000
vt 0.7750 1.0000 1.0000
vt 0.7500 1.0000 1.0000
vt 0.8000 1.0000 1.0000
vt 0.8250 1.0000 1.0000
vt 0.8500 1.0000 1.0000
vt 0.8750 1.0000 1.0000
vt 0.9000 1.0000 1.0000
vt 0.9250 1.0000 1.0000
vt 0.9500 1.0000 1.0000
vt 0.9750 1.0000 1.0000
vt -0.0250 0.0000 1.0000
vt 0.0000 1.0000 1.0000
vt -0.0250 1.0000 1.0000
vt 0.0250 1.0000 1.0000
vt 0.0500 1.0000 1.0000
vt 0.0750 1.0000 1.0000
vt 0.1000 1.0000 1.0000
vt 0.1250 1.0000 1.0000
vt 0.1500 1.0000 1.0000
vt 0.1750 1.0000 1.0000
vt 0.2000 1.0000 1.0000
vt 0.2250 1.0000 1.0000
vt 0.2500 1.0000 1.0000
vt 0.2750 1.0000 1.0000
vt 0.3000 1.0000 1.0000
vt 0.3250 1.0000 1.0000
vt 0.3500 1.0000 1.0000
vt 0.3750 1.0000 1.0000
vt 0.4000 1.0000 1.0000
vt 0.4250 1.0000 1.0000
vt 0.4500 1.0000 1.0000
vt 0.4750 1.0000 1.0000
vt 0.5000 1.0000 1.0000
vt 0.5250 1.0000 1.0000
vt 0.5500 1.0000 1.0000
vt 0.5750 1.0000 1.0000
vt 0.6000 1.0000 1.0000
vt 0.6250 1.0000 1.0000
vt 0.6500 1.0000 1.0000
vt 0.6750 1.0000 1.0000
vt 0.7000 1.0000 1.0000
vt 0.7250 1.0000 1.0000
vt 0.5000 1.0000 0.0000
# 85 texture coords

g Cylinder043
usemtl 02___Default
s 1
f -82/-85/-42 -81/-84/-42 -80/-83/-42 -79/-82/-42 
f -82/-85/-42 -78/-81/-42 -77/-80/-42 -81/-84/-42 
f -82/-85/-42 -76/-79/-42 -75/-78/-42 -78/-81/-42 
f -82/-85/-42 -74/-77/-42 -73/-76/-42 -76/-79/-42 
f -82/-85/-42 -72/-75/-42 -71/-74/-42 -74/-77/-42 
f -82/-85/-42 -70/-73/-42 -69/-72/-42 -72/-71/-42 
f -82/-85/-42 -68/-70/-42 -67/-69/-42 -70/-73/-42 
f -82/-85/-42 -66/-68/-42 -65/-67/-42 -68/-70/-42 
f -82/-85/-42 -64/-66/-42 -63/-65/-42 -66/-68/-42 
f -82/-85/-42 -62/-64/-42 -61/-63/-42 -64/-66/-42 
f -82/-85/-42 -60/-62/-42 -59/-61/-42 -62/-64/-42 
f -82/-85/-42 -58/-60/-42 -57/-59/-42 -60/-62/-42 
f -82/-85/-42 -56/-58/-42 -55/-57/-42 -58/-60/-42 
f -82/-85/-42 -54/-56/-42 -53/-55/-42 -56/-58/-42 
f -82/-85/-42 -52/-54/-42 -51/-53/-42 -54/-56/-42 
f -82/-85/-42 -50/-52/-42 -49/-51/-42 -52/-54/-42 
f -82/-85/-42 -48/-50/-42 -47/-49/-42 -50/-52/-42 
f -82/-85/-42 -46/-48/-42 -45/-47/-42 -48/-50/-42 
f -82/-85/-42 -44/-46/-42 -43/-45/-42 -46/-48/-42 
f -82/-85/-42 -79/-82/-42 -42/-44/-42 -44/-46/-42 
s 8
f -79/-82/-41 -80/-83/-40 -41/-43/-40 -40/-42/-41 
f -80/-83/-40 -81/-84/-39 -39/-41/-39 -41/-43/-40 
f -81/-84/-39 -77/-80/-38 -38/-40/-38 -39/-41/-39 
f -77/-80/-38 -78/-81/-37 -37/-39/-37 -38/-40/-38 
f -78/-81/-37 -75/-78/-36 -36/-38/-36 -37/-39/-37 
f -75/-78/-36 -76/-79/-35 -35/-37/-35 -36/-38/-36 
f -76/-79/-35 -73/-76/-34 -34/-36/-34 -35/-37/-35 
f -73/-76/-34 -74/-77/-33 -33/-35/-33 -34/-36/-34 
f -74/-77/-33 -71/-74/-32 -32/-34/-32 -33/-35/-33 
f -71/-33/-32 -72/-71/-31 -31/-32/-31 -32/-31/-32 
f -72/-71/-31 -69/-72/-30 -30/-30/-30 -31/-32/-31 
f -69/-72/-30 -70/-73/-29 -29/-29/-29 -30/-30/-30 
f -70/-73/-29 -67/-69/-28 -28/-28/-28 -29/-29/-29 
f -67/-69/-28 -68/-70/-27 -27/-27/-27 -28/-28/-28 
f -68/-70/-27 -65/-67/-26 -26/-26/-26 -27/-27/-27 
f -65/-67/-26 -66/-68/-25 -25/-25/-25 -26/-26/-26 
f -66/-68/-25 -63/-65/-24 -24/-24/-24 -25/-25/-25 
f -63/-65/-24 -64/-66/-23 -23/-23/-23 -24/-24/-24 
f -64/-66/-23 -61/-63/-22 -22/-22/-22 -23/-23/-23 
f -61/-63/-22 -62/-64/-21 -21/-21/-21 -22/-22/-22 
f -62/-64/-21 -59/-61/-20 -20/-20/-20 -21/-21/-21 
f -59/-61/-20 -60/-62/-19 -19/-19/-19 -20/-20/-20 
f -60/-62/-19 -57/-59/-18 -18/-18/-18 -19/-19/-19 
f -57/-59/-18 -58/-60/-17 -17/-17/-17 -18/-18/-18 
f -58/-60/-17 -55/-57/-16 -16/-16/-16 -17/-17/-17 
f -55/-57/-16 -56/-58/-15 -15/-15/-15 -16/-16/-16 
f -56/-58/-15 -53/-55/-14 -14/-14/-14 -15/-15/-15 
f -53/-55/-14 -54/-56/-13 -13/-13/-13 -14/-14/-14 
f -54/-56/-13 -51/-53/-12 -12/-12/-12 -13/-13/-13 
f -51/-53/-12 -52/-54/-11 -11/-11/-11 -12/-12/-12 
f -52/-54/-11 -49/-51/-10 -10/-10/-10 -11/-11/-11 
f -49/-51/-10 -50/-52/-9 -9/-9/-9 -10/-10/-10 
f -50/-52/-9 -47/-49/-8 -8/-8/-8 -9/-9/-9 
f -47/-49/-8 -48/-50/-7 -7/-7/-7 -8/-8/-8 
f -48/-50/-7 -45/-47/-6 -6/-6/-6 -7/-7/-7 
f -45/-47/-6 -46/-48/-5 -5/-5/-5 -6/-6/-6 
f -46/-48/-5 -43/-45/-4 -4/-4/-4 -5/-5/-5 
f -43/-45/-4 -44/-46/-3 -3/-3/-3 -4/-4/-4 
f -44/-46/-3 -42/-44/-2 -2/-2/-2 -3/-3/-3 
f -42/-44/-2 -79/-82/-41 -40/-42/-41 -2/-2/-2 
s 1
f -1/-1/-1 -2/-2/-1 -40/-42/-1 -41/-43/-1 
f -1/-1/-1 -41/-43/-1 -39/-41/-1 -38/-40/-1 
f -1/-1/-1 -38/-40/-1 -37/-39/-1 -36/-38/-1 
f -1/-1/-1 -36/-38/-1 -35/-37/-1 -34/-36/-1 
f -1/-1/-1 -34/-36/-1 -33/-35/-1 -32/-34/-1 
f -1/-1/-1 -32/-31/-1 -31/-32/-1 -30/-30/-1 
f -1/-1/-1 -30/-30/-1 -29/-29/-1 -28/-28/-1 
f -1/-1/-1 -28/-28/-1 -27/-27/-1 -26/-26/-1 
f -1/-1/-1 -26/-26/-1 -25/-25/-1 -24/-24/-1 
f -1/-1/-1 -24/-24/-1 -23/-23/-1 -22/-22/-1 
f -1/-1/-1 -22/-22/-1 -21/-21/-1 -20/-20/-1 
f -1/-1/-1 -20/-20/-1 -19/-19/-1 -18/-18/-1 
f -1/-1/-1 -18/-18/-1 -17/-17/-1 -16/-16/-1 
f -1/-1/-1 -16/-16/-1 -15/-15/-1 -14/-14/-1 
f -1/-1/-1 -14/-14/-1 -13/-13/-1 -12/-12/-1 
f -1/-1/-1 -12/-12/-1 -11/-11/-1 -10/-10/-1 
f -1/-1/-1 -10/-10/-1 -9/-9/-1 -8/-8/-1 
f -1/-1/-1 -8/-8/-1 -7/-7/-1 -6/-6/-1 
f -1/-1/-1 -6/-6/-1 -5/-5/-1 -4/-4/-1 
f -1/-1/-1 -4/-4/-1 -3/-3/-1 -2/-2/-1 
# 80 polygons

#
# object Cylinder044
#

v  -790612.8750 419999.7813 245400.0000
v  -829170.5000 419999.7813 185477.2344
v  -819321.8125 419999.7813 180183.2500
v  -808766.1875 419999.7813 176495.0938
v  -845800.5000 419999.7813 200325.0313
v  -838069.7500 419999.7813 192246.7188
v  -857028.3750 419999.7813 219585.0625
v  -852172.3125 419999.7813 209513.2188
v  -861755.0000 419999.7813 241372.0625
v  -860249.0000 419999.7813 230292.5625
v  -859517.7500 419999.7813 263553.3438
v  -861509.2500 419999.7813 252550.7344
v  -850535.6250 419999.7813 283957.6250
v  -855829.6250 419999.7813 274108.9375
v  -835687.8125 419999.7813 300587.6563
v  -843766.1250 419999.7813 292856.9375
v  -816427.7500 419999.7813 311815.5000
v  -826499.6250 419999.7813 306959.4688
v  -794640.7500 419999.7813 316542.1250
v  -805720.2500 419999.7813 315036.1563
v  -772459.5000 419999.7813 314304.8750
v  -783462.0625 419999.7813 316296.3750
v  -752055.1875 419999.7813 305322.7188
v  -761903.8750 419999.7813 310616.7188
v  -735425.1875 419999.7813 290474.9063
v  -743155.9375 419999.7813 298553.2188
v  -724197.3750 419999.7813 271214.8438
v  -729053.3750 419999.7813 281286.7188
v  -719470.7500 419999.7813 249427.8438
v  -720976.6875 419999.7813 260507.3438
v  -721708.0000 419999.7813 227246.5781
v  -719716.5000 419999.7813 238249.1719
v  -730690.1875 419999.7813 206842.2813
v  -725396.1875 419999.7813 216690.9688
v  -745538.0000 419999.7813 190212.2969
v  -737459.6875 419999.7813 197943.0156
v  -764798.0625 419999.7813 178984.4688
v  -754726.1875 419999.7813 183840.4688
v  -786585.0625 419999.7813 174257.8438
v  -775505.5625 419999.7813 175763.8125
v  -797763.7500 419999.7813 174503.6406
v  -819321.8125 439805.8438 180183.2500
v  -808766.1875 439805.8438 176495.0938
v  -829170.5000 439805.8438 185477.2344
v  -838069.7500 439805.8438 192246.7188
v  -845800.5000 439805.8438 200325.0313
v  -852172.3125 439805.8438 209513.2188
v  -857028.3750 439805.8438 219585.0625
v  -860249.0000 439805.8438 230292.5625
v  -861755.0000 439805.8438 241372.0625
v  -861509.2500 439805.8438 252550.7344
v  -859517.7500 439805.8438 263553.3438
v  -855829.6250 439805.8438 274108.9375
v  -850535.6250 439805.8438 283957.6250
v  -843766.1250 439805.8438 292856.9375
v  -835687.8125 439805.8438 300587.6563
v  -826499.6250 439805.8438 306959.4688
v  -816427.7500 439805.8438 311815.5000
v  -805720.2500 439805.8438 315036.1563
v  -794640.7500 439805.8438 316542.1250
v  -783462.0625 439805.8438 316296.3750
v  -772459.5000 439805.8438 314304.8750
v  -761903.8750 439805.8438 310616.7188
v  -752055.1875 439805.8438 305322.7188
v  -743155.9375 439805.8438 298553.2188
v  -735425.1875 439805.8438 290474.9063
v  -729053.3750 439805.8438 281286.7188
v  -724197.3750 439805.8438 271214.8438
v  -720976.6875 439805.8438 260507.3438
v  -719470.7500 439805.8438 249427.8438
v  -719716.5000 439805.8438 238249.1719
v  -721708.0000 439805.8438 227246.5781
v  -725396.1875 439805.8438 216690.9688
v  -730690.1875 439805.8438 206842.2813
v  -737459.6875 439805.8438 197943.0156
v  -745538.0000 439805.8438 190212.2969
v  -754726.1875 439805.8438 183840.4688
v  -764798.0625 439805.8438 178984.4688
v  -775505.5625 439805.8438 175763.8125
v  -786585.0625 439805.8438 174257.8438
v  -797763.7500 439805.8438 174503.6406
v  -790612.8750 439805.8438 245400.0000
# 82 vertices

vn 0.0000 -1.0000 -0.0000
vn -0.2548 0.0000 -0.9670
vn -0.4029 0.0000 -0.9152
vn -0.5411 0.0000 -0.8409
vn -0.6660 0.0000 -0.7459
vn -0.7745 0.0000 -0.6326
vn -0.8639 0.0000 -0.5036
vn -0.9321 0.0000 -0.3623
vn -0.9773 0.0000 -0.2120
vn -0.9984 0.0000 -0.0565
vn -0.9950 0.0000 0.1004
vn -0.9670 0.0000 0.2548
vn -0.9152 0.0000 0.4029
vn -0.8409 0.0000 0.5411
vn -0.7459 0.0000 0.6660
vn -0.6326 0.0000 0.7745
vn -0.5036 0.0000 0.8639
vn -0.3623 0.0000 0.9321
vn -0.2120 0.0000 0.9773
vn -0.0565 0.0000 0.9984
vn 0.1004 0.0000 0.9950
vn 0.2548 0.0000 0.9670
vn 0.4029 0.0000 0.9152
vn 0.5411 0.0000 0.8409
vn 0.6660 0.0000 0.7459
vn 0.7745 0.0000 0.6326
vn 0.8639 0.0000 0.5036
vn 0.9321 0.0000 0.3623
vn 0.9773 0.0000 0.2120
vn 0.9984 0.0000 0.0565
vn 0.9950 0.0000 -0.1004
vn 0.9670 0.0000 -0.2548
vn 0.9152 0.0000 -0.4029
vn 0.8409 0.0000 -0.5411
vn 0.7459 0.0000 -0.6660
vn 0.6326 0.0000 -0.7745
vn 0.5036 0.0000 -0.8639
vn 0.3623 0.0000 -0.9321
vn 0.2120 0.0000 -0.9773
vn 0.0565 0.0000 -0.9984
vn -0.1004 0.0000 -0.9950
vn 0.0000 1.0000 -0.0000
# 42 vertex normals

vt 0.5000 0.0000 0.0000
vt 0.8000 0.0000 1.0000
vt 0.7750 0.0000 1.0000
vt 0.7500 0.0000 1.0000
vt 0.8500 0.0000 1.0000
vt 0.8250 0.0000 1.0000
vt 0.9000 0.0000 1.0000
vt 0.8750 0.0000 1.0000
vt 0.9500 0.0000 1.0000
vt 0.9250 0.0000 1.0000
vt 0.0000 0.0000 1.0000
vt -0.0250 0.0000 1.0000
vt -0.0371 0.0000 0.9754
vt 0.0500 0.0000 1.0000
vt 0.0250 0.0000 1.0000
vt 0.1000 0.0000 1.0000
vt 0.0750 0.0000 1.0000
vt 0.1500 0.0000 1.0000
vt 0.1250 0.0000 1.0000
vt 0.2000 0.0000 1.0000
vt 0.1750 0.0000 1.0000
vt 0.2500 0.0000 1.0000
vt 0.2250 0.0000 1.0000
vt 0.3000 0.0000 1.0000
vt 0.2750 0.0000 1.0000
vt 0.3500 0.0000 1.0000
vt 0.3250 0.0000 1.0000
vt 0.4000 0.0000 1.0000
vt 0.3750 0.0000 1.0000
vt 0.4500 0.0000 1.0000
vt 0.4250 0.0000 1.0000
vt 0.5000 0.0000 1.0000
vt 0.4750 0.0000 1.0000
vt 0.5500 0.0000 1.0000
vt 0.5250 0.0000 1.0000
vt 0.6000 0.0000 1.0000
vt 0.5750 0.0000 1.0000
vt 0.6500 0.0000 1.0000
vt 0.6250 0.0000 1.0000
vt 0.7000 0.0000 1.0000
vt 0.6750 0.0000 1.0000
vt 0.7250 0.0000 1.0000
vt 0.7750 1.0000 1.0000
vt 0.7500 1.0000 1.0000
vt 0.8000 1.0000 1.0000
vt 0.8250 1.0000 1.0000
vt 0.8500 1.0000 1.0000
vt 0.8750 1.0000 1.0000
vt 0.9000 1.0000 1.0000
vt 0.9250 1.0000 1.0000
vt 0.9500 1.0000 1.0000
vt 0.9750 0.0000 1.0000
vt 0.9750 1.0000 1.0000
vt 0.0000 1.0000 1.0000
vt -0.0250 1.0000 1.0000
vt 0.0250 1.0000 1.0000
vt 0.0500 1.0000 1.0000
vt 0.0750 1.0000 1.0000
vt 0.1000 1.0000 1.0000
vt 0.1250 1.0000 1.0000
vt 0.1500 1.0000 1.0000
vt 0.1750 1.0000 1.0000
vt 0.2000 1.0000 1.0000
vt 0.2250 1.0000 1.0000
vt 0.2500 1.0000 1.0000
vt 0.2750 1.0000 1.0000
vt 0.3000 1.0000 1.0000
vt 0.3250 1.0000 1.0000
vt 0.3500 1.0000 1.0000
vt 0.3750 1.0000 1.0000
vt 0.4000 1.0000 1.0000
vt 0.4250 1.0000 1.0000
vt 0.4500 1.0000 1.0000
vt 0.4750 1.0000 1.0000
vt 0.5000 1.0000 1.0000
vt 0.5250 1.0000 1.0000
vt 0.5500 1.0000 1.0000
vt 0.5750 1.0000 1.0000
vt 0.6000 1.0000 1.0000
vt 0.6250 1.0000 1.0000
vt 0.6500 1.0000 1.0000
vt 0.6750 1.0000 1.0000
vt 0.7000 1.0000 1.0000
vt 0.7250 1.0000 1.0000
vt 0.5000 1.0000 0.0000
# 85 texture coords

g Cylinder044
usemtl 02___Default
s 1
f -82/-85/-42 -81/-84/-42 -80/-83/-42 -79/-82/-42 
f -82/-85/-42 -78/-81/-42 -77/-80/-42 -81/-84/-42 
f -82/-85/-42 -76/-79/-42 -75/-78/-42 -78/-81/-42 
f -82/-85/-42 -74/-77/-42 -73/-76/-42 -76/-79/-42 
f -82/-85/-42 -72/-75/-42 -71/-74/-42 -74/-73/-42 
f -82/-85/-42 -70/-72/-42 -69/-71/-42 -72/-75/-42 
f -82/-85/-42 -68/-70/-42 -67/-69/-42 -70/-72/-42 
f -82/-85/-42 -66/-68/-42 -65/-67/-42 -68/-70/-42 
f -82/-85/-42 -64/-66/-42 -63/-65/-42 -66/-68/-42 
f -82/-85/-42 -62/-64/-42 -61/-63/-42 -64/-66/-42 
f -82/-85/-42 -60/-62/-42 -59/-61/-42 -62/-64/-42 
f -82/-85/-42 -58/-60/-42 -57/-59/-42 -60/-62/-42 
f -82/-85/-42 -56/-58/-42 -55/-57/-42 -58/-60/-42 
f -82/-85/-42 -54/-56/-42 -53/-55/-42 -56/-58/-42 
f -82/-85/-42 -52/-54/-42 -51/-53/-42 -54/-56/-42 
f -82/-85/-42 -50/-52/-42 -49/-51/-42 -52/-54/-42 
f -82/-85/-42 -48/-50/-42 -47/-49/-42 -50/-52/-42 
f -82/-85/-42 -46/-48/-42 -45/-47/-42 -48/-50/-42 
f -82/-85/-42 -44/-46/-42 -43/-45/-42 -46/-48/-42 
f -82/-85/-42 -79/-82/-42 -42/-44/-42 -44/-46/-42 
s 8
f -79/-82/-41 -80/-83/-40 -41/-43/-40 -40/-42/-41 
f -80/-83/-40 -81/-84/-39 -39/-41/-39 -41/-43/-40 
f -81/-84/-39 -77/-80/-38 -38/-40/-38 -39/-41/-39 
f -77/-80/-38 -78/-81/-37 -37/-39/-37 -38/-40/-38 
f -78/-81/-37 -75/-78/-36 -36/-38/-36 -37/-39/-37 
f -75/-78/-36 -76/-79/-35 -35/-37/-35 -36/-38/-36 
f -76/-79/-35 -73/-76/-34 -34/-36/-34 -35/-37/-35 
f -73/-76/-34 -74/-77/-33 -33/-35/-33 -34/-36/-34 
f -74/-77/-33 -71/-34/-32 -32/-33/-32 -33/-35/-33 
f -71/-74/-32 -72/-75/-31 -31/-32/-31 -32/-31/-32 
f -72/-75/-31 -69/-71/-30 -30/-30/-30 -31/-32/-31 
f -69/-71/-30 -70/-72/-29 -29/-29/-29 -30/-30/-30 
f -70/-72/-29 -67/-69/-28 -28/-28/-28 -29/-29/-29 
f -67/-69/-28 -68/-70/-27 -27/-27/-27 -28/-28/-28 
f -68/-70/-27 -65/-67/-26 -26/-26/-26 -27/-27/-27 
f -65/-67/-26 -66/-68/-25 -25/-25/-25 -26/-26/-26 
f -66/-68/-25 -63/-65/-24 -24/-24/-24 -25/-25/-25 
f -63/-65/-24 -64/-66/-23 -23/-23/-23 -24/-24/-24 
f -64/-66/-23 -61/-63/-22 -22/-22/-22 -23/-23/-23 
f -61/-63/-22 -62/-64/-21 -21/-21/-21 -22/-22/-22 
f -62/-64/-21 -59/-61/-20 -20/-20/-20 -21/-21/-21 
f -59/-61/-20 -60/-62/-19 -19/-19/-19 -20/-20/-20 
f -60/-62/-19 -57/-59/-18 -18/-18/-18 -19/-19/-19 
f -57/-59/-18 -58/-60/-17 -17/-17/-17 -18/-18/-18 
f -58/-60/-17 -55/-57/-16 -16/-16/-16 -17/-17/-17 
f -55/-57/-16 -56/-58/-15 -15/-15/-15 -16/-16/-16 
f -56/-58/-15 -53/-55/-14 -14/-14/-14 -15/-15/-15 
f -53/-55/-14 -54/-56/-13 -13/-13/-13 -14/-14/-14 
f -54/-56/-13 -51/-53/-12 -12/-12/-12 -13/-13/-13 
f -51/-53/-12 -52/-54/-11 -11/-11/-11 -12/-12/-12 
f -52/-54/-11 -49/-51/-10 -10/-10/-10 -11/-11/-11 
f -49/-51/-10 -50/-52/-9 -9/-9/-9 -10/-10/-10 
f -50/-52/-9 -47/-49/-8 -8/-8/-8 -9/-9/-9 
f -47/-49/-8 -48/-50/-7 -7/-7/-7 -8/-8/-8 
f -48/-50/-7 -45/-47/-6 -6/-6/-6 -7/-7/-7 
f -45/-47/-6 -46/-48/-5 -5/-5/-5 -6/-6/-6 
f -46/-48/-5 -43/-45/-4 -4/-4/-4 -5/-5/-5 
f -43/-45/-4 -44/-46/-3 -3/-3/-3 -4/-4/-4 
f -44/-46/-3 -42/-44/-2 -2/-2/-2 -3/-3/-3 
f -42/-44/-2 -79/-82/-41 -40/-42/-41 -2/-2/-2 
s 1
f -1/-1/-1 -2/-2/-1 -40/-42/-1 -41/-43/-1 
f -1/-1/-1 -41/-43/-1 -39/-41/-1 -38/-40/-1 
f -1/-1/-1 -38/-40/-1 -37/-39/-1 -36/-38/-1 
f -1/-1/-1 -36/-38/-1 -35/-37/-1 -34/-36/-1 
f -1/-1/-1 -34/-36/-1 -33/-35/-1 -32/-33/-1 
f -1/-1/-1 -32/-31/-1 -31/-32/-1 -30/-30/-1 
f -1/-1/-1 -30/-30/-1 -29/-29/-1 -28/-28/-1 
f -1/-1/-1 -28/-28/-1 -27/-27/-1 -26/-26/-1 
f -1/-1/-1 -26/-26/-1 -25/-25/-1 -24/-24/-1 
f -1/-1/-1 -24/-24/-1 -23/-23/-1 -22/-22/-1 
f -1/-1/-1 -22/-22/-1 -21/-21/-1 -20/-20/-1 
f -1/-1/-1 -20/-20/-1 -19/-19/-1 -18/-18/-1 
f -1/-1/-1 -18/-18/-1 -17/-17/-1 -16/-16/-1 
f -1/-1/-1 -16/-16/-1 -15/-15/-1 -14/-14/-1 
f -1/-1/-1 -14/-14/-1 -13/-13/-1 -12/-12/-1 
f -1/-1/-1 -12/-12/-1 -11/-11/-1 -10/-10/-1 
f -1/-1/-1 -10/-10/-1 -9/-9/-1 -8/-8/-1 
f -1/-1/-1 -8/-8/-1 -7/-7/-1 -6/-6/-1 
f -1/-1/-1 -6/-6/-1 -5/-5/-1 -4/-4/-1 
f -1/-1/-1 -4/-4/-1 -3/-3/-1 -2/-2/-1 
# 80 polygons

#
# object Cylinder045
#

v  -575892.5000 494574.0625 585278.7500
v  -559419.2500 500367.5313 592102.1875
v  -558784.7500 497506.9063 592365.0000
v  -558571.5000 494574.0625 592453.3125
v  -561879.5000 505593.9063 591083.0625
v  -560459.3750 503085.5000 591671.3125
v  -565711.5000 509741.5938 589495.8750
v  -563644.6875 507830.9688 590351.9375
v  -570540.0000 512404.5625 587495.8125
v  -568028.9375 511278.7188 588535.9375
v  -575892.5000 513322.1563 585278.7500
v  -573182.8750 513091.3438 586401.1250
v  -581245.0000 512404.5625 583061.6875
v  -578602.1250 513091.3438 584156.3750
v  -586073.5625 509741.5938 581061.6250
v  -583756.0625 511278.7188 582021.5625
v  -589905.5000 505593.9063 579474.4375
v  -588140.3125 507830.9688 580205.5625
v  -592365.7500 500367.5313 578455.3125
v  -591325.6250 503085.5000 578886.1875
v  -593213.5000 494574.0625 578104.1875
v  -593000.2500 497506.9063 578192.5000
v  -592365.7500 488780.5625 578455.3125
v  -593000.2500 491641.2188 578192.5000
v  -589905.4375 483554.1875 579474.4375
v  -591325.6250 486062.5938 578886.1875
v  -586073.5000 479406.5313 581061.6250
v  -588140.2500 481317.1563 580205.5625
v  -581244.9375 476743.5625 583061.6875
v  -583756.0625 477869.3750 582021.5625
v  -575892.5000 475825.9688 585278.7500
v  -578602.0625 476056.7813 584156.4375
v  -570540.0000 476743.5625 587495.8125
v  -573182.8750 476056.8125 586401.1250
v  -565711.4375 479406.5625 589495.8750
v  -568028.8750 477869.4063 588535.9375
v  -561879.5000 483554.2500 591083.1250
v  -563644.6875 481317.1875 590351.9375
v  -559419.2500 488780.6250 592102.1875
v  -560459.3750 486062.6250 591671.3125
v  -558784.7500 491641.2500 592365.0000
v  -561465.1250 497506.9063 598835.9375
v  -561251.8750 494574.0625 598924.2500
v  -562099.6250 500367.5313 598573.1250
v  -563139.7500 503085.5000 598142.2500
v  -564559.8750 505593.9063 597554.0625
v  -566325.0625 507830.9688 596822.8750
v  -568391.8125 509741.5938 595966.8125
v  -570709.2500 511278.7188 595006.8750
v  -573220.3750 512404.5625 593966.7500
v  -575863.2500 513091.3438 592872.0625
v  -578572.8750 513322.1563 591749.6875
v  -581282.4375 513091.3438 590627.3125
v  -583925.3125 512404.5625 589532.6250
v  -586436.4375 511278.7188 588492.5000
v  -588753.8750 509741.5938 587532.5625
v  -590820.6250 507830.9688 586676.5000
v  -592585.8125 505593.9063 585945.3750
v  -594006.0000 503085.5000 585357.1250
v  -595046.1250 500367.5313 584926.2500
v  -595680.5625 497506.9063 584663.4375
v  -595893.8125 494574.0625 584575.1250
v  -595680.5625 491641.2188 584663.4375
v  -595046.0625 488780.5625 584926.3125
v  -594005.9375 486062.5938 585357.1250
v  -592585.8125 483554.1875 585945.3750
v  -590820.6250 481317.1563 586676.5000
v  -588753.8750 479406.5313 587532.6250
v  -586436.3750 477869.3750 588492.5000
v  -583925.3125 476743.5625 589532.6250
v  -581282.4375 476056.7813 590627.3750
v  -578572.8125 475825.9688 591749.6875
v  -575863.1875 476056.8125 592872.0625
v  -573220.3125 476743.5625 593966.7500
v  -570709.2500 477869.4063 595006.8750
v  -568391.8125 479406.5625 595966.8125
v  -566325.0000 481317.1875 596822.8750
v  -564559.8125 483554.2500 597554.0625
v  -563139.6875 486062.6250 598142.2500
v  -562099.5625 488780.6250 598573.1250
v  -561465.0625 491641.2500 598835.9375
v  -578572.8125 494574.0625 591749.6875
# 82 vertices

vn 0.3827 0.0000 -0.9239
vn 0.9239 0.0000 0.3827
vn 0.9125 0.1564 0.3780
vn 0.8787 0.3090 0.3640
vn 0.8232 0.4540 0.3410
vn 0.7474 0.5878 0.3096
vn 0.6533 0.7071 0.2706
vn 0.5430 0.8090 0.2249
vn 0.4194 0.8910 0.1737
vn 0.2855 0.9511 0.1183
vn 0.1445 0.9877 0.0599
vn -0.0000 1.0000 -0.0000
vn -0.1445 0.9877 -0.0599
vn -0.2855 0.9511 -0.1183
vn -0.4194 0.8910 -0.1737
vn -0.5430 0.8090 -0.2249
vn -0.6533 0.7071 -0.2706
vn -0.7474 0.5878 -0.3096
vn -0.8232 0.4540 -0.3410
vn -0.8787 0.3090 -0.3640
vn -0.9125 0.1564 -0.3780
vn -0.9239 -0.0000 -0.3827
vn -0.9125 -0.1564 -0.3780
vn -0.8787 -0.3090 -0.3640
vn -0.8232 -0.4540 -0.3410
vn -0.7474 -0.5878 -0.3096
vn -0.6533 -0.7071 -0.2706
vn -0.5430 -0.8090 -0.2249
vn -0.4194 -0.8910 -0.1737
vn -0.2855 -0.9511 -0.1183
vn -0.1445 -0.9877 -0.0599
vn 0.0000 -1.0000 0.0000
vn 0.1445 -0.9877 0.0599
vn 0.2855 -0.9511 0.1183
vn 0.4194 -0.8910 0.1737
vn 0.5430 -0.8090 0.2249
vn 0.6533 -0.7071 0.2706
vn 0.7474 -0.5878 0.3096
vn 0.8232 -0.4540 0.3410
vn 0.8787 -0.3090 0.3640
vn 0.9125 -0.1564 0.3780
vn -0.3827 -0.0000 0.9239
# 42 vertex normals

vt 0.5000 0.0000 0.0000
vt 0.8000 0.0000 1.0000
vt 0.7750 0.0000 1.0000
vt 0.7500 0.0000 1.0000
vt 0.8500 0.0000 1.0000
vt 0.8250 0.0000 1.0000
vt 0.9000 0.0000 1.0000
vt 0.8750 0.0000 1.0000
vt 0.9500 0.0000 1.0000
vt 0.9250 0.0000 1.0000
vt 0.9883 0.0000 0.9754
vt 0.9750 0.0000 1.0000
vt 0.0500 0.0000 1.0000
vt 0.0250 0.0000 1.0000
vt 0.0000 0.0000 1.0000
vt 0.1000 0.0000 1.0000
vt 0.0750 0.0000 1.0000
vt 0.1500 0.0000 1.0000
vt 0.1250 0.0000 1.0000
vt 0.2000 0.0000 1.0000
vt 0.1750 0.0000 1.0000
vt 0.2500 0.0000 1.0000
vt 0.2250 0.0000 1.0000
vt 0.3000 0.0000 1.0000
vt 0.2750 0.0000 1.0000
vt 0.3500 0.0000 1.0000
vt 0.3250 0.0000 1.0000
vt 0.4000 0.0000 1.0000
vt 0.3750 0.0000 1.0000
vt 0.4500 0.0000 1.0000
vt 0.4250 0.0000 1.0000
vt 0.5000 0.0000 1.0000
vt 0.4750 0.0000 1.0000
vt 0.5500 0.0000 1.0000
vt 0.5250 0.0000 1.0000
vt 0.6000 0.0000 1.0000
vt 0.5750 0.0000 1.0000
vt 0.6500 0.0000 1.0000
vt 0.6250 0.0000 1.0000
vt 0.7000 0.0000 1.0000
vt 0.6750 0.0000 1.0000
vt 0.7250 0.0000 1.0000
vt 0.7750 1.0000 1.0000
vt 0.7500 1.0000 1.0000
vt 0.8000 1.0000 1.0000
vt 0.8250 1.0000 1.0000
vt 0.8500 1.0000 1.0000
vt 0.8750 1.0000 1.0000
vt 0.9000 1.0000 1.0000
vt 0.9250 1.0000 1.0000
vt 0.9500 1.0000 1.0000
vt 0.9750 1.0000 1.0000
vt -0.0250 0.0000 1.0000
vt 0.0000 1.0000 1.0000
vt -0.0250 1.0000 1.0000
vt 0.0250 1.0000 1.0000
vt 0.0500 1.0000 1.0000
vt 0.0750 1.0000 1.0000
vt 0.1000 1.0000 1.0000
vt 0.1250 1.0000 1.0000
vt 0.1500 1.0000 1.0000
vt 0.1750 1.0000 1.0000
vt 0.2000 1.0000 1.0000
vt 0.2250 1.0000 1.0000
vt 0.2500 1.0000 1.0000
vt 0.2750 1.0000 1.0000
vt 0.3000 1.0000 1.0000
vt 0.3250 1.0000 1.0000
vt 0.3500 1.0000 1.0000
vt 0.3750 1.0000 1.0000
vt 0.4000 1.0000 1.0000
vt 0.4250 1.0000 1.0000
vt 0.4500 1.0000 1.0000
vt 0.4750 1.0000 1.0000
vt 0.5000 1.0000 1.0000
vt 0.5250 1.0000 1.0000
vt 0.5500 1.0000 1.0000
vt 0.5750 1.0000 1.0000
vt 0.6000 1.0000 1.0000
vt 0.6250 1.0000 1.0000
vt 0.6500 1.0000 1.0000
vt 0.6750 1.0000 1.0000
vt 0.7000 1.0000 1.0000
vt 0.7250 1.0000 1.0000
vt 0.5000 1.0000 0.0000
# 85 texture coords

g Cylinder045
usemtl 02___Default
s 1
f -82/-85/-42 -81/-84/-42 -80/-83/-42 -79/-82/-42 
f -82/-85/-42 -78/-81/-42 -77/-80/-42 -81/-84/-42 
f -82/-85/-42 -76/-79/-42 -75/-78/-42 -78/-81/-42 
f -82/-85/-42 -74/-77/-42 -73/-76/-42 -76/-79/-42 
f -82/-85/-42 -72/-75/-42 -71/-74/-42 -74/-77/-42 
f -82/-85/-42 -70/-73/-42 -69/-72/-42 -72/-71/-42 
f -82/-85/-42 -68/-70/-42 -67/-69/-42 -70/-73/-42 
f -82/-85/-42 -66/-68/-42 -65/-67/-42 -68/-70/-42 
f -82/-85/-42 -64/-66/-42 -63/-65/-42 -66/-68/-42 
f -82/-85/-42 -62/-64/-42 -61/-63/-42 -64/-66/-42 
f -82/-85/-42 -60/-62/-42 -59/-61/-42 -62/-64/-42 
f -82/-85/-42 -58/-60/-42 -57/-59/-42 -60/-62/-42 
f -82/-85/-42 -56/-58/-42 -55/-57/-42 -58/-60/-42 
f -82/-85/-42 -54/-56/-42 -53/-55/-42 -56/-58/-42 
f -82/-85/-42 -52/-54/-42 -51/-53/-42 -54/-56/-42 
f -82/-85/-42 -50/-52/-42 -49/-51/-42 -52/-54/-42 
f -82/-85/-42 -48/-50/-42 -47/-49/-42 -50/-52/-42 
f -82/-85/-42 -46/-48/-42 -45/-47/-42 -48/-50/-42 
f -82/-85/-42 -44/-46/-42 -43/-45/-42 -46/-48/-42 
f -82/-85/-42 -79/-82/-42 -42/-44/-42 -44/-46/-42 
s 8
f -79/-82/-41 -80/-83/-40 -41/-43/-40 -40/-42/-41 
f -80/-83/-40 -81/-84/-39 -39/-41/-39 -41/-43/-40 
f -81/-84/-39 -77/-80/-38 -38/-40/-38 -39/-41/-39 
f -77/-80/-38 -78/-81/-37 -37/-39/-37 -38/-40/-38 
f -78/-81/-37 -75/-78/-36 -36/-38/-36 -37/-39/-37 
f -75/-78/-36 -76/-79/-35 -35/-37/-35 -36/-38/-36 
f -76/-79/-35 -73/-76/-34 -34/-36/-34 -35/-37/-35 
f -73/-76/-34 -74/-77/-33 -33/-35/-33 -34/-36/-34 
f -74/-77/-33 -71/-74/-32 -32/-34/-32 -33/-35/-33 
f -71/-33/-32 -72/-71/-31 -31/-32/-31 -32/-31/-32 
f -72/-71/-31 -69/-72/-30 -30/-30/-30 -31/-32/-31 
f -69/-72/-30 -70/-73/-29 -29/-29/-29 -30/-30/-30 
f -70/-73/-29 -67/-69/-28 -28/-28/-28 -29/-29/-29 
f -67/-69/-28 -68/-70/-27 -27/-27/-27 -28/-28/-28 
f -68/-70/-27 -65/-67/-26 -26/-26/-26 -27/-27/-27 
f -65/-67/-26 -66/-68/-25 -25/-25/-25 -26/-26/-26 
f -66/-68/-25 -63/-65/-24 -24/-24/-24 -25/-25/-25 
f -63/-65/-24 -64/-66/-23 -23/-23/-23 -24/-24/-24 
f -64/-66/-23 -61/-63/-22 -22/-22/-22 -23/-23/-23 
f -61/-63/-22 -62/-64/-21 -21/-21/-21 -22/-22/-22 
f -62/-64/-21 -59/-61/-20 -20/-20/-20 -21/-21/-21 
f -59/-61/-20 -60/-62/-19 -19/-19/-19 -20/-20/-20 
f -60/-62/-19 -57/-59/-18 -18/-18/-18 -19/-19/-19 
f -57/-59/-18 -58/-60/-17 -17/-17/-17 -18/-18/-18 
f -58/-60/-17 -55/-57/-16 -16/-16/-16 -17/-17/-17 
f -55/-57/-16 -56/-58/-15 -15/-15/-15 -16/-16/-16 
f -56/-58/-15 -53/-55/-14 -14/-14/-14 -15/-15/-15 
f -53/-55/-14 -54/-56/-13 -13/-13/-13 -14/-14/-14 
f -54/-56/-13 -51/-53/-12 -12/-12/-12 -13/-13/-13 
f -51/-53/-12 -52/-54/-11 -11/-11/-11 -12/-12/-12 
f -52/-54/-11 -49/-51/-10 -10/-10/-10 -11/-11/-11 
f -49/-51/-10 -50/-52/-9 -9/-9/-9 -10/-10/-10 
f -50/-52/-9 -47/-49/-8 -8/-8/-8 -9/-9/-9 
f -47/-49/-8 -48/-50/-7 -7/-7/-7 -8/-8/-8 
f -48/-50/-7 -45/-47/-6 -6/-6/-6 -7/-7/-7 
f -45/-47/-6 -46/-48/-5 -5/-5/-5 -6/-6/-6 
f -46/-48/-5 -43/-45/-4 -4/-4/-4 -5/-5/-5 
f -43/-45/-4 -44/-46/-3 -3/-3/-3 -4/-4/-4 
f -44/-46/-3 -42/-44/-2 -2/-2/-2 -3/-3/-3 
f -42/-44/-2 -79/-82/-41 -40/-42/-41 -2/-2/-2 
s 1
f -1/-1/-1 -2/-2/-1 -40/-42/-1 -41/-43/-1 
f -1/-1/-1 -41/-43/-1 -39/-41/-1 -38/-40/-1 
f -1/-1/-1 -38/-40/-1 -37/-39/-1 -36/-38/-1 
f -1/-1/-1 -36/-38/-1 -35/-37/-1 -34/-36/-1 
f -1/-1/-1 -34/-36/-1 -33/-35/-1 -32/-34/-1 
f -1/-1/-1 -32/-31/-1 -31/-32/-1 -30/-30/-1 
f -1/-1/-1 -30/-30/-1 -29/-29/-1 -28/-28/-1 
f -1/-1/-1 -28/-28/-1 -27/-27/-1 -26/-26/-1 
f -1/-1/-1 -26/-26/-1 -25/-25/-1 -24/-24/-1 
f -1/-1/-1 -24/-24/-1 -23/-23/-1 -22/-22/-1 
f -1/-1/-1 -22/-22/-1 -21/-21/-1 -20/-20/-1 
f -1/-1/-1 -20/-20/-1 -19/-19/-1 -18/-18/-1 
f -1/-1/-1 -18/-18/-1 -17/-17/-1 -16/-16/-1 
f -1/-1/-1 -16/-16/-1 -15/-15/-1 -14/-14/-1 
f -1/-1/-1 -14/-14/-1 -13/-13/-1 -12/-12/-1 
f -1/-1/-1 -12/-12/-1 -11/-11/-1 -10/-10/-1 
f -1/-1/-1 -10/-10/-1 -9/-9/-1 -8/-8/-1 
f -1/-1/-1 -8/-8/-1 -7/-7/-1 -6/-6/-1 
f -1/-1/-1 -6/-6/-1 -5/-5/-1 -4/-4/-1 
f -1/-1/-1 -4/-4/-1 -3/-3/-1 -2/-2/-1 
# 80 polygons

#
# object Cylinder046
#

v  -620992.6250 419999.7813 553234.2500
v  -659550.2500 419999.7813 493311.5000
v  -649701.5625 419999.7813 488017.5000
v  -639145.9375 419999.7813 484329.3438
v  -676180.2500 419999.7813 508159.2813
v  -668449.5000 419999.7813 500080.9688
v  -687408.1250 419999.7813 527419.3125
v  -682552.0625 419999.7813 517347.4688
v  -692134.7500 419999.7813 549206.3125
v  -690628.7500 419999.7813 538126.8125
v  -689897.5000 419999.7813 571387.5625
v  -691889.0000 419999.7813 560385.0000
v  -680915.3750 419999.7813 591791.8750
v  -686209.3750 419999.7813 581943.1875
v  -666067.5625 419999.7813 608421.8750
v  -674145.8750 419999.7813 600691.1875
v  -646807.5000 419999.7813 619649.7500
v  -656879.3750 419999.7813 614793.7500
v  -625020.5000 419999.7813 624376.3750
v  -636100.0000 419999.7813 622870.4375
v  -602839.2500 419999.7813 622139.1250
v  -613841.8125 419999.7813 624130.6250
v  -582434.9375 419999.7813 613157.0000
v  -592283.6250 419999.7813 618451.0000
v  -565804.9375 419999.7813 598309.1875
v  -573535.6875 419999.7813 606387.5000
v  -554577.1250 419999.7813 579049.1250
v  -559433.1250 419999.7813 589120.9375
v  -549850.5000 419999.7813 557262.1250
v  -551356.4375 419999.7813 568341.6250
v  -552087.7500 419999.7813 535080.8125
v  -550096.2500 419999.7813 546083.4375
v  -561069.9375 419999.7813 514676.5313
v  -555775.9375 419999.7813 524525.2500
v  -575917.7500 419999.7813 498046.5313
v  -567839.4375 419999.7813 505777.2500
v  -595177.8125 419999.7813 486818.7188
v  -585105.9375 419999.7813 491674.7188
v  -616964.8125 419999.7813 482092.0938
v  -605885.3125 419999.7813 483598.0625
v  -628143.5000 419999.7813 482337.8750
v  -649701.5625 439805.8438 488017.5000
v  -639145.9375 439805.8438 484329.3438
v  -659550.2500 439805.8438 493311.5000
v  -668449.5000 439805.8438 500080.9688
v  -676180.2500 439805.8438 508159.2813
v  -682552.0625 439805.8438 517347.4688
v  -687408.1250 439805.8438 527419.3125
v  -690628.7500 439805.8438 538126.8125
v  -692134.7500 439805.8438 549206.3125
v  -691889.0000 439805.8438 560385.0000
v  -689897.5000 439805.8438 571387.5625
v  -686209.3750 439805.8438 581943.1875
v  -680915.3750 439805.8438 591791.8750
v  -674145.8750 439805.8438 600691.1875
v  -666067.5625 439805.8438 608421.8750
v  -656879.3750 439805.8438 614793.7500
v  -646807.5000 439805.8438 619649.7500
v  -636100.0000 439805.8438 622870.4375
v  -625020.5000 439805.8438 624376.3750
v  -613841.8125 439805.8438 624130.6250
v  -602839.2500 439805.8438 622139.1250
v  -592283.6250 439805.8438 618451.0000
v  -582434.9375 439805.8438 613157.0000
v  -573535.6875 439805.8438 606387.5000
v  -565804.9375 439805.8438 598309.1875
v  -559433.1250 439805.8438 589120.9375
v  -554577.1250 439805.8438 579049.1250
v  -551356.4375 439805.8438 568341.6250
v  -549850.5000 439805.8438 557262.1250
v  -550096.2500 439805.8438 546083.4375
v  -552087.7500 439805.8438 535080.8125
v  -555775.9375 439805.8438 524525.2500
v  -561069.9375 439805.8438 514676.5313
v  -567839.4375 439805.8438 505777.2500
v  -575917.7500 439805.8438 498046.5313
v  -585105.9375 439805.8438 491674.7188
v  -595177.8125 439805.8438 486818.7188
v  -605885.3125 439805.8438 483598.0625
v  -616964.8125 439805.8438 482092.0938
v  -628143.5000 439805.8438 482337.8750
v  -620992.6250 439805.8438 553234.2500
# 82 vertices

vn 0.0000 -1.0000 -0.0000
vn -0.2548 0.0000 -0.9670
vn -0.4029 0.0000 -0.9152
vn -0.5411 0.0000 -0.8409
vn -0.6660 0.0000 -0.7459
vn -0.7745 0.0000 -0.6326
vn -0.8639 0.0000 -0.5036
vn -0.9321 0.0000 -0.3623
vn -0.9773 0.0000 -0.2120
vn -0.9984 0.0000 -0.0565
vn -0.9950 0.0000 0.1004
vn -0.9670 0.0000 0.2548
vn -0.9152 0.0000 0.4029
vn -0.8409 0.0000 0.5411
vn -0.7459 0.0000 0.6660
vn -0.6326 0.0000 0.7745
vn -0.5036 0.0000 0.8639
vn -0.3623 0.0000 0.9321
vn -0.2120 0.0000 0.9773
vn -0.0565 0.0000 0.9984
vn 0.1004 0.0000 0.9950
vn 0.2548 0.0000 0.9670
vn 0.4029 0.0000 0.9152
vn 0.5411 0.0000 0.8409
vn 0.6660 0.0000 0.7459
vn 0.7745 0.0000 0.6326
vn 0.8639 0.0000 0.5036
vn 0.9321 0.0000 0.3623
vn 0.9773 0.0000 0.2120
vn 0.9984 0.0000 0.0565
vn 0.9950 0.0000 -0.1004
vn 0.9670 0.0000 -0.2548
vn 0.9152 0.0000 -0.4029
vn 0.8409 0.0000 -0.5411
vn 0.7459 0.0000 -0.6660
vn 0.6326 0.0000 -0.7745
vn 0.5036 0.0000 -0.8639
vn 0.3623 0.0000 -0.9321
vn 0.2120 0.0000 -0.9773
vn 0.0565 0.0000 -0.9984
vn -0.1004 0.0000 -0.9950
vn 0.0000 1.0000 -0.0000
# 42 vertex normals

vt 0.5000 0.0000 0.0000
vt 0.8000 0.0000 1.0000
vt 0.7750 0.0000 1.0000
vt 0.7500 0.0000 1.0000
vt 0.8500 0.0000 1.0000
vt 0.8250 0.0000 1.0000
vt 0.9000 0.0000 1.0000
vt 0.8750 0.0000 1.0000
vt 0.9500 0.0000 1.0000
vt 0.9250 0.0000 1.0000
vt 0.0000 0.0000 1.0000
vt -0.0250 0.0000 1.0000
vt -0.0371 0.0000 0.9754
vt 0.0500 0.0000 1.0000
vt 0.0250 0.0000 1.0000
vt 0.1000 0.0000 1.0000
vt 0.0750 0.0000 1.0000
vt 0.1500 0.0000 1.0000
vt 0.1250 0.0000 1.0000
vt 0.2000 0.0000 1.0000
vt 0.1750 0.0000 1.0000
vt 0.2500 0.0000 1.0000
vt 0.2250 0.0000 1.0000
vt 0.3000 0.0000 1.0000
vt 0.2750 0.0000 1.0000
vt 0.3500 0.0000 1.0000
vt 0.3250 0.0000 1.0000
vt 0.4000 0.0000 1.0000
vt 0.3750 0.0000 1.0000
vt 0.4500 0.0000 1.0000
vt 0.4250 0.0000 1.0000
vt 0.5000 0.0000 1.0000
vt 0.4750 0.0000 1.0000
vt 0.5500 0.0000 1.0000
vt 0.5250 0.0000 1.0000
vt 0.6000 0.0000 1.0000
vt 0.5750 0.0000 1.0000
vt 0.6500 0.0000 1.0000
vt 0.6250 0.0000 1.0000
vt 0.7000 0.0000 1.0000
vt 0.6750 0.0000 1.0000
vt 0.7250 0.0000 1.0000
vt 0.7750 1.0000 1.0000
vt 0.7500 1.0000 1.0000
vt 0.8000 1.0000 1.0000
vt 0.8250 1.0000 1.0000
vt 0.8500 1.0000 1.0000
vt 0.8750 1.0000 1.0000
vt 0.9000 1.0000 1.0000
vt 0.9250 1.0000 1.0000
vt 0.9500 1.0000 1.0000
vt 0.9750 0.0000 1.0000
vt 0.9750 1.0000 1.0000
vt 0.0000 1.0000 1.0000
vt -0.0250 1.0000 1.0000
vt 0.0250 1.0000 1.0000
vt 0.0500 1.0000 1.0000
vt 0.0750 1.0000 1.0000
vt 0.1000 1.0000 1.0000
vt 0.1250 1.0000 1.0000
vt 0.1500 1.0000 1.0000
vt 0.1750 1.0000 1.0000
vt 0.2000 1.0000 1.0000
vt 0.2250 1.0000 1.0000
vt 0.2500 1.0000 1.0000
vt 0.2750 1.0000 1.0000
vt 0.3000 1.0000 1.0000
vt 0.3250 1.0000 1.0000
vt 0.3500 1.0000 1.0000
vt 0.3750 1.0000 1.0000
vt 0.4000 1.0000 1.0000
vt 0.4250 1.0000 1.0000
vt 0.4500 1.0000 1.0000
vt 0.4750 1.0000 1.0000
vt 0.5000 1.0000 1.0000
vt 0.5250 1.0000 1.0000
vt 0.5500 1.0000 1.0000
vt 0.5750 1.0000 1.0000
vt 0.6000 1.0000 1.0000
vt 0.6250 1.0000 1.0000
vt 0.6500 1.0000 1.0000
vt 0.6750 1.0000 1.0000
vt 0.7000 1.0000 1.0000
vt 0.7250 1.0000 1.0000
vt 0.5000 1.0000 0.0000
# 85 texture coords

g Cylinder046
usemtl 02___Default
s 1
f -82/-85/-42 -81/-84/-42 -80/-83/-42 -79/-82/-42 
f -82/-85/-42 -78/-81/-42 -77/-80/-42 -81/-84/-42 
f -82/-85/-42 -76/-79/-42 -75/-78/-42 -78/-81/-42 
f -82/-85/-42 -74/-77/-42 -73/-76/-42 -76/-79/-42 
f -82/-85/-42 -72/-75/-42 -71/-74/-42 -74/-73/-42 
f -82/-85/-42 -70/-72/-42 -69/-71/-42 -72/-75/-42 
f -82/-85/-42 -68/-70/-42 -67/-69/-42 -70/-72/-42 
f -82/-85/-42 -66/-68/-42 -65/-67/-42 -68/-70/-42 
f -82/-85/-42 -64/-66/-42 -63/-65/-42 -66/-68/-42 
f -82/-85/-42 -62/-64/-42 -61/-63/-42 -64/-66/-42 
f -82/-85/-42 -60/-62/-42 -59/-61/-42 -62/-64/-42 
f -82/-85/-42 -58/-60/-42 -57/-59/-42 -60/-62/-42 
f -82/-85/-42 -56/-58/-42 -55/-57/-42 -58/-60/-42 
f -82/-85/-42 -54/-56/-42 -53/-55/-42 -56/-58/-42 
f -82/-85/-42 -52/-54/-42 -51/-53/-42 -54/-56/-42 
f -82/-85/-42 -50/-52/-42 -49/-51/-42 -52/-54/-42 
f -82/-85/-42 -48/-50/-42 -47/-49/-42 -50/-52/-42 
f -82/-85/-42 -46/-48/-42 -45/-47/-42 -48/-50/-42 
f -82/-85/-42 -44/-46/-42 -43/-45/-42 -46/-48/-42 
f -82/-85/-42 -79/-82/-42 -42/-44/-42 -44/-46/-42 
s 8
f -79/-82/-41 -80/-83/-40 -41/-43/-40 -40/-42/-41 
f -80/-83/-40 -81/-84/-39 -39/-41/-39 -41/-43/-40 
f -81/-84/-39 -77/-80/-38 -38/-40/-38 -39/-41/-39 
f -77/-80/-38 -78/-81/-37 -37/-39/-37 -38/-40/-38 
f -78/-81/-37 -75/-78/-36 -36/-38/-36 -37/-39/-37 
f -75/-78/-36 -76/-79/-35 -35/-37/-35 -36/-38/-36 
f -76/-79/-35 -73/-76/-34 -34/-36/-34 -35/-37/-35 
f -73/-76/-34 -74/-77/-33 -33/-35/-33 -34/-36/-34 
f -74/-77/-33 -71/-34/-32 -32/-33/-32 -33/-35/-33 
f -71/-74/-32 -72/-75/-31 -31/-32/-31 -32/-31/-32 
f -72/-75/-31 -69/-71/-30 -30/-30/-30 -31/-32/-31 
f -69/-71/-30 -70/-72/-29 -29/-29/-29 -30/-30/-30 
f -70/-72/-29 -67/-69/-28 -28/-28/-28 -29/-29/-29 
f -67/-69/-28 -68/-70/-27 -27/-27/-27 -28/-28/-28 
f -68/-70/-27 -65/-67/-26 -26/-26/-26 -27/-27/-27 
f -65/-67/-26 -66/-68/-25 -25/-25/-25 -26/-26/-26 
f -66/-68/-25 -63/-65/-24 -24/-24/-24 -25/-25/-25 
f -63/-65/-24 -64/-66/-23 -23/-23/-23 -24/-24/-24 
f -64/-66/-23 -61/-63/-22 -22/-22/-22 -23/-23/-23 
f -61/-63/-22 -62/-64/-21 -21/-21/-21 -22/-22/-22 
f -62/-64/-21 -59/-61/-20 -20/-20/-20 -21/-21/-21 
f -59/-61/-20 -60/-62/-19 -19/-19/-19 -20/-20/-20 
f -60/-62/-19 -57/-59/-18 -18/-18/-18 -19/-19/-19 
f -57/-59/-18 -58/-60/-17 -17/-17/-17 -18/-18/-18 
f -58/-60/-17 -55/-57/-16 -16/-16/-16 -17/-17/-17 
f -55/-57/-16 -56/-58/-15 -15/-15/-15 -16/-16/-16 
f -56/-58/-15 -53/-55/-14 -14/-14/-14 -15/-15/-15 
f -53/-55/-14 -54/-56/-13 -13/-13/-13 -14/-14/-14 
f -54/-56/-13 -51/-53/-12 -12/-12/-12 -13/-13/-13 
f -51/-53/-12 -52/-54/-11 -11/-11/-11 -12/-12/-12 
f -52/-54/-11 -49/-51/-10 -10/-10/-10 -11/-11/-11 
f -49/-51/-10 -50/-52/-9 -9/-9/-9 -10/-10/-10 
f -50/-52/-9 -47/-49/-8 -8/-8/-8 -9/-9/-9 
f -47/-49/-8 -48/-50/-7 -7/-7/-7 -8/-8/-8 
f -48/-50/-7 -45/-47/-6 -6/-6/-6 -7/-7/-7 
f -45/-47/-6 -46/-48/-5 -5/-5/-5 -6/-6/-6 
f -46/-48/-5 -43/-45/-4 -4/-4/-4 -5/-5/-5 
f -43/-45/-4 -44/-46/-3 -3/-3/-3 -4/-4/-4 
f -44/-46/-3 -42/-44/-2 -2/-2/-2 -3/-3/-3 
f -42/-44/-2 -79/-82/-41 -40/-42/-41 -2/-2/-2 
s 1
f -1/-1/-1 -2/-2/-1 -40/-42/-1 -41/-43/-1 
f -1/-1/-1 -41/-43/-1 -39/-41/-1 -38/-40/-1 
f -1/-1/-1 -38/-40/-1 -37/-39/-1 -36/-38/-1 
f -1/-1/-1 -36/-38/-1 -35/-37/-1 -34/-36/-1 
f -1/-1/-1 -34/-36/-1 -33/-35/-1 -32/-33/-1 
f -1/-1/-1 -32/-31/-1 -31/-32/-1 -30/-30/-1 
f -1/-1/-1 -30/-30/-1 -29/-29/-1 -28/-28/-1 
f -1/-1/-1 -28/-28/-1 -27/-27/-1 -26/-26/-1 
f -1/-1/-1 -26/-26/-1 -25/-25/-1 -24/-24/-1 
f -1/-1/-1 -24/-24/-1 -23/-23/-1 -22/-22/-1 
f -1/-1/-1 -22/-22/-1 -21/-21/-1 -20/-20/-1 
f -1/-1/-1 -20/-20/-1 -19/-19/-1 -18/-18/-1 
f -1/-1/-1 -18/-18/-1 -17/-17/-1 -16/-16/-1 
f -1/-1/-1 -16/-16/-1 -15/-15/-1 -14/-14/-1 
f -1/-1/-1 -14/-14/-1 -13/-13/-1 -12/-12/-1 
f -1/-1/-1 -12/-12/-1 -11/-11/-1 -10/-10/-1 
f -1/-1/-1 -10/-10/-1 -9/-9/-1 -8/-8/-1 
f -1/-1/-1 -8/-8/-1 -7/-7/-1 -6/-6/-1 
f -1/-1/-1 -6/-6/-1 -5/-5/-1 -4/-4/-1 
f -1/-1/-1 -4/-4/-1 -3/-3/-1 -2/-2/-1 
# 80 polygons

#
# object Cylinder047
#

v  -519639.7500 495333.5938 -101732.7500
v  -536977.5625 501127.0625 -97570.2969
v  -537645.3750 498266.4375 -97409.9766
v  -537869.8125 495333.5938 -97356.0938
v  -534388.1875 506353.4375 -98191.9609
v  -535882.8750 503845.0625 -97833.1172
v  -530355.1250 510501.1250 -99160.2188
v  -532530.3750 508590.5000 -98637.9844
v  -525273.1250 513164.0938 -100380.2891
v  -527916.0000 512038.2500 -99745.7891
v  -519639.7500 514081.6875 -101732.7578
v  -522491.5625 513850.8750 -101048.0938
v  -514006.3438 513164.0938 -103085.2188
v  -516787.9375 513850.8750 -102417.4141
v  -508924.3750 510501.1250 -104305.2891
v  -511363.4688 512038.2500 -103719.7188
v  -504891.3125 506353.4375 -105273.5469
v  -506749.1250 508590.5000 -104827.5156
v  -502301.9063 501127.0625 -105895.2031
v  -503396.6250 503845.0313 -105632.3828
v  -501409.6563 495333.5938 -106109.4063
v  -501634.1250 498266.4375 -106055.5234
v  -502301.9063 489540.0938 -105895.1953
v  -501634.1250 492400.7188 -106055.5234
v  -504891.3125 484313.7188 -105273.5391
v  -503396.6250 486822.1250 -105632.3750
v  -508924.4063 480166.0625 -104305.2813
v  -506749.1563 482076.6875 -104827.5078
v  -514006.3750 477503.0938 -103085.2031
v  -511363.5000 478628.9063 -103719.7031
v  -519639.7813 476585.5000 -101732.7422
v  -516787.9688 476816.3125 -102417.3984
v  -525273.1875 477503.1250 -100380.2813
v  -522491.5938 476816.3438 -101048.0781
v  -530355.1250 480166.0938 -99160.2031
v  -527916.0625 478628.9375 -99745.7813
v  -534388.1875 484313.7813 -98191.9531
v  -532530.3750 482076.7188 -98637.9766
v  -536977.6250 489540.1563 -97570.2969
v  -535882.8750 486822.1563 -97833.1094
v  -537645.3750 492400.7813 -97409.9688
v  -539280.4375 498266.4375 -104220.5391
v  -539504.8750 495333.5938 -104166.6563
v  -538612.6875 501127.0625 -104380.8672
v  -537517.9375 503845.0313 -104643.6875
v  -536023.2500 506353.4375 -105002.5313
v  -534165.4375 508590.5000 -105448.5547
v  -531990.1875 510501.1250 -105970.7813
v  -529551.1250 512038.2500 -106556.3594
v  -526908.2500 513164.0938 -107190.8594
v  -524126.6250 513850.8750 -107858.6641
v  -521274.8125 514081.6875 -108543.3203
v  -518423.0000 513850.8750 -109227.9844
v  -515641.4063 513164.0938 -109895.7813
v  -512998.5313 512038.2500 -110530.2813
v  -510559.4375 510501.1250 -111115.8594
v  -508384.1875 508590.5000 -111638.0859
v  -506526.3750 506353.4375 -112084.1094
v  -505031.6875 503845.0313 -112442.9531
v  -503937.0000 501127.0625 -112705.7656
v  -503269.1875 498266.4375 -112866.0938
v  -503044.7500 495333.5938 -112919.9766
v  -503269.1875 492400.7188 -112866.0938
v  -503937.0000 489540.0938 -112705.7656
v  -505031.7188 486822.1250 -112442.9453
v  -506526.4063 484313.7188 -112084.1016
v  -508384.2188 482076.6875 -111638.0781
v  -510559.4688 480166.0625 -111115.8438
v  -512998.5625 478628.9063 -110530.2734
v  -515641.4375 477503.0938 -109895.7734
v  -518423.0313 476816.3125 -109227.9688
v  -521274.8438 476585.5000 -108543.3047
v  -524126.6563 476816.3125 -107858.6484
v  -526908.2500 477503.1250 -107190.8438
v  -529551.1250 478628.9375 -106556.3438
v  -531990.2500 480166.0938 -105970.7734
v  -534165.4375 482076.7188 -105448.5469
v  -536023.3125 484313.7813 -105002.5156
v  -537517.9375 486822.1563 -104643.6797
v  -538612.6875 489540.1563 -104380.8594
v  -539280.4375 492400.7813 -104220.5391
v  -521274.8125 495333.5938 -108543.3203
# 82 vertices

vn 0.2334 0.0000 0.9724
vn -0.9724 0.0000 0.2334
vn -0.9604 0.1564 0.2306
vn -0.9248 0.3090 0.2220
vn -0.8664 0.4540 0.2080
vn -0.7867 0.5878 0.1889
vn -0.6876 0.7071 0.1651
vn -0.5715 0.8090 0.1372
vn -0.4414 0.8910 0.1060
vn -0.3005 0.9511 0.0721
vn -0.1521 0.9877 0.0365
vn 0.0000 1.0000 -0.0000
vn 0.1521 0.9877 -0.0365
vn 0.3005 0.9511 -0.0721
vn 0.4414 0.8910 -0.1060
vn 0.5715 0.8090 -0.1372
vn 0.6876 0.7071 -0.1651
vn 0.7867 0.5878 -0.1889
vn 0.8664 0.4540 -0.2080
vn 0.9248 0.3090 -0.2220
vn 0.9604 0.1564 -0.2306
vn 0.9724 -0.0000 -0.2334
vn 0.9604 -0.1564 -0.2306
vn 0.9248 -0.3090 -0.2220
vn 0.8664 -0.4540 -0.2080
vn 0.7867 -0.5878 -0.1889
vn 0.6876 -0.7071 -0.1651
vn 0.5715 -0.8090 -0.1372
vn 0.4414 -0.8910 -0.1060
vn 0.3005 -0.9511 -0.0721
vn 0.1521 -0.9877 -0.0365
vn -0.0000 -1.0000 0.0000
vn -0.1521 -0.9877 0.0365
vn -0.3005 -0.9511 0.0721
vn -0.4414 -0.8910 0.1060
vn -0.5715 -0.8090 0.1372
vn -0.6876 -0.7071 0.1651
vn -0.7867 -0.5878 0.1889
vn -0.8664 -0.4540 0.2080
vn -0.9248 -0.3090 0.2220
vn -0.9604 -0.1564 0.2306
vn -0.2334 -0.0000 -0.9724
# 42 vertex normals

vt 0.5000 0.0000 0.0000
vt 0.8000 0.0000 1.0000
vt 0.7750 0.0000 1.0000
vt 0.7500 0.0000 1.0000
vt 0.8500 0.0000 1.0000
vt 0.8250 0.0000 1.0000
vt 0.9000 0.0000 1.0000
vt 0.8750 0.0000 1.0000
vt 0.9500 0.0000 1.0000
vt 0.9250 0.0000 1.0000
vt 0.9883 0.0000 0.9754
vt 0.9750 0.0000 1.0000
vt 0.0500 0.0000 1.0000
vt 0.0250 0.0000 1.0000
vt 0.0000 0.0000 1.0000
vt 0.1000 0.0000 1.0000
vt 0.0750 0.0000 1.0000
vt 0.1500 0.0000 1.0000
vt 0.1250 0.0000 1.0000
vt 0.2000 0.0000 1.0000
vt 0.1750 0.0000 1.0000
vt 0.2500 0.0000 1.0000
vt 0.2250 0.0000 1.0000
vt 0.3000 0.0000 1.0000
vt 0.2750 0.0000 1.0000
vt 0.3500 0.0000 1.0000
vt 0.3250 0.0000 1.0000
vt 0.4000 0.0000 1.0000
vt 0.3750 0.0000 1.0000
vt 0.4500 0.0000 1.0000
vt 0.4250 0.0000 1.0000
vt 0.5000 0.0000 1.0000
vt 0.4750 0.0000 1.0000
vt 0.5500 0.0000 1.0000
vt 0.5250 0.0000 1.0000
vt 0.6000 0.0000 1.0000
vt 0.5750 0.0000 1.0000
vt 0.6500 0.0000 1.0000
vt 0.6250 0.0000 1.0000
vt 0.7000 0.0000 1.0000
vt 0.6750 0.0000 1.0000
vt 0.7250 0.0000 1.0000
vt 0.7750 1.0000 1.0000
vt 0.7500 1.0000 1.0000
vt 0.8000 1.0000 1.0000
vt 0.8250 1.0000 1.0000
vt 0.8500 1.0000 1.0000
vt 0.8750 1.0000 1.0000
vt 0.9000 1.0000 1.0000
vt 0.9250 1.0000 1.0000
vt 0.9500 1.0000 1.0000
vt 0.9750 1.0000 1.0000
vt -0.0250 0.0000 1.0000
vt 0.0000 1.0000 1.0000
vt -0.0250 1.0000 1.0000
vt 0.0250 1.0000 1.0000
vt 0.0500 1.0000 1.0000
vt 0.0750 1.0000 1.0000
vt 0.1000 1.0000 1.0000
vt 0.1250 1.0000 1.0000
vt 0.1500 1.0000 1.0000
vt 0.1750 1.0000 1.0000
vt 0.2000 1.0000 1.0000
vt 0.2250 1.0000 1.0000
vt 0.2500 1.0000 1.0000
vt 0.2750 1.0000 1.0000
vt 0.3000 1.0000 1.0000
vt 0.3250 1.0000 1.0000
vt 0.3500 1.0000 1.0000
vt 0.3750 1.0000 1.0000
vt 0.4000 1.0000 1.0000
vt 0.4250 1.0000 1.0000
vt 0.4500 1.0000 1.0000
vt 0.4750 1.0000 1.0000
vt 0.5000 1.0000 1.0000
vt 0.5250 1.0000 1.0000
vt 0.5500 1.0000 1.0000
vt 0.5750 1.0000 1.0000
vt 0.6000 1.0000 1.0000
vt 0.6250 1.0000 1.0000
vt 0.6500 1.0000 1.0000
vt 0.6750 1.0000 1.0000
vt 0.7000 1.0000 1.0000
vt 0.7250 1.0000 1.0000
vt 0.5000 1.0000 0.0000
# 85 texture coords

g Cylinder047
usemtl 02___Default
s 1
f -82/-85/-42 -81/-84/-42 -80/-83/-42 -79/-82/-42 
f -82/-85/-42 -78/-81/-42 -77/-80/-42 -81/-84/-42 
f -82/-85/-42 -76/-79/-42 -75/-78/-42 -78/-81/-42 
f -82/-85/-42 -74/-77/-42 -73/-76/-42 -76/-79/-42 
f -82/-85/-42 -72/-75/-42 -71/-74/-42 -74/-77/-42 
f -82/-85/-42 -70/-73/-42 -69/-72/-42 -72/-71/-42 
f -82/-85/-42 -68/-70/-42 -67/-69/-42 -70/-73/-42 
f -82/-85/-42 -66/-68/-42 -65/-67/-42 -68/-70/-42 
f -82/-85/-42 -64/-66/-42 -63/-65/-42 -66/-68/-42 
f -82/-85/-42 -62/-64/-42 -61/-63/-42 -64/-66/-42 
f -82/-85/-42 -60/-62/-42 -59/-61/-42 -62/-64/-42 
f -82/-85/-42 -58/-60/-42 -57/-59/-42 -60/-62/-42 
f -82/-85/-42 -56/-58/-42 -55/-57/-42 -58/-60/-42 
f -82/-85/-42 -54/-56/-42 -53/-55/-42 -56/-58/-42 
f -82/-85/-42 -52/-54/-42 -51/-53/-42 -54/-56/-42 
f -82/-85/-42 -50/-52/-42 -49/-51/-42 -52/-54/-42 
f -82/-85/-42 -48/-50/-42 -47/-49/-42 -50/-52/-42 
f -82/-85/-42 -46/-48/-42 -45/-47/-42 -48/-50/-42 
f -82/-85/-42 -44/-46/-42 -43/-45/-42 -46/-48/-42 
f -82/-85/-42 -79/-82/-42 -42/-44/-42 -44/-46/-42 
s 8
f -79/-82/-41 -80/-83/-40 -41/-43/-40 -40/-42/-41 
f -80/-83/-40 -81/-84/-39 -39/-41/-39 -41/-43/-40 
f -81/-84/-39 -77/-80/-38 -38/-40/-38 -39/-41/-39 
f -77/-80/-38 -78/-81/-37 -37/-39/-37 -38/-40/-38 
f -78/-81/-37 -75/-78/-36 -36/-38/-36 -37/-39/-37 
f -75/-78/-36 -76/-79/-35 -35/-37/-35 -36/-38/-36 
f -76/-79/-35 -73/-76/-34 -34/-36/-34 -35/-37/-35 
f -73/-76/-34 -74/-77/-33 -33/-35/-33 -34/-36/-34 
f -74/-77/-33 -71/-74/-32 -32/-34/-32 -33/-35/-33 
f -71/-33/-32 -72/-71/-31 -31/-32/-31 -32/-31/-32 
f -72/-71/-31 -69/-72/-30 -30/-30/-30 -31/-32/-31 
f -69/-72/-30 -70/-73/-29 -29/-29/-29 -30/-30/-30 
f -70/-73/-29 -67/-69/-28 -28/-28/-28 -29/-29/-29 
f -67/-69/-28 -68/-70/-27 -27/-27/-27 -28/-28/-28 
f -68/-70/-27 -65/-67/-26 -26/-26/-26 -27/-27/-27 
f -65/-67/-26 -66/-68/-25 -25/-25/-25 -26/-26/-26 
f -66/-68/-25 -63/-65/-24 -24/-24/-24 -25/-25/-25 
f -63/-65/-24 -64/-66/-23 -23/-23/-23 -24/-24/-24 
f -64/-66/-23 -61/-63/-22 -22/-22/-22 -23/-23/-23 
f -61/-63/-22 -62/-64/-21 -21/-21/-21 -22/-22/-22 
f -62/-64/-21 -59/-61/-20 -20/-20/-20 -21/-21/-21 
f -59/-61/-20 -60/-62/-19 -19/-19/-19 -20/-20/-20 
f -60/-62/-19 -57/-59/-18 -18/-18/-18 -19/-19/-19 
f -57/-59/-18 -58/-60/-17 -17/-17/-17 -18/-18/-18 
f -58/-60/-17 -55/-57/-16 -16/-16/-16 -17/-17/-17 
f -55/-57/-16 -56/-58/-15 -15/-15/-15 -16/-16/-16 
f -56/-58/-15 -53/-55/-14 -14/-14/-14 -15/-15/-15 
f -53/-55/-14 -54/-56/-13 -13/-13/-13 -14/-14/-14 
f -54/-56/-13 -51/-53/-12 -12/-12/-12 -13/-13/-13 
f -51/-53/-12 -52/-54/-11 -11/-11/-11 -12/-12/-12 
f -52/-54/-11 -49/-51/-10 -10/-10/-10 -11/-11/-11 
f -49/-51/-10 -50/-52/-9 -9/-9/-9 -10/-10/-10 
f -50/-52/-9 -47/-49/-8 -8/-8/-8 -9/-9/-9 
f -47/-49/-8 -48/-50/-7 -7/-7/-7 -8/-8/-8 
f -48/-50/-7 -45/-47/-6 -6/-6/-6 -7/-7/-7 
f -45/-47/-6 -46/-48/-5 -5/-5/-5 -6/-6/-6 
f -46/-48/-5 -43/-45/-4 -4/-4/-4 -5/-5/-5 
f -43/-45/-4 -44/-46/-3 -3/-3/-3 -4/-4/-4 
f -44/-46/-3 -42/-44/-2 -2/-2/-2 -3/-3/-3 
f -42/-44/-2 -79/-82/-41 -40/-42/-41 -2/-2/-2 
s 1
f -1/-1/-1 -2/-2/-1 -40/-42/-1 -41/-43/-1 
f -1/-1/-1 -41/-43/-1 -39/-41/-1 -38/-40/-1 
f -1/-1/-1 -38/-40/-1 -37/-39/-1 -36/-38/-1 
f -1/-1/-1 -36/-38/-1 -35/-37/-1 -34/-36/-1 
f -1/-1/-1 -34/-36/-1 -33/-35/-1 -32/-34/-1 
f -1/-1/-1 -32/-31/-1 -31/-32/-1 -30/-30/-1 
f -1/-1/-1 -30/-30/-1 -29/-29/-1 -28/-28/-1 
f -1/-1/-1 -28/-28/-1 -27/-27/-1 -26/-26/-1 
f -1/-1/-1 -26/-26/-1 -25/-25/-1 -24/-24/-1 
f -1/-1/-1 -24/-24/-1 -23/-23/-1 -22/-22/-1 
f -1/-1/-1 -22/-22/-1 -21/-21/-1 -20/-20/-1 
f -1/-1/-1 -20/-20/-1 -19/-19/-1 -18/-18/-1 
f -1/-1/-1 -18/-18/-1 -17/-17/-1 -16/-16/-1 
f -1/-1/-1 -16/-16/-1 -15/-15/-1 -14/-14/-1 
f -1/-1/-1 -14/-14/-1 -13/-13/-1 -12/-12/-1 
f -1/-1/-1 -12/-12/-1 -11/-11/-1 -10/-10/-1 
f -1/-1/-1 -10/-10/-1 -9/-9/-1 -8/-8/-1 
f -1/-1/-1 -8/-8/-1 -7/-7/-1 -6/-6/-1 
f -1/-1/-1 -6/-6/-1 -5/-5/-1 -4/-4/-1 
f -1/-1/-1 -4/-4/-1 -3/-3/-1 -2/-2/-1 
# 80 polygons

#
# object Cylinder048
#

v  -76407.5781 493228.1563 279664.3750
v  -75008.6406 499021.6250 261888.8438
v  -74954.7578 496161.0000 261204.1875
v  -74936.6484 493228.1563 260974.0781
v  -75217.5703 504248.0000 264543.5938
v  -75096.9688 501739.5938 263011.1875
v  -75542.9844 508395.6875 268678.5000
v  -75367.4688 506485.0625 266448.3438
v  -75953.0313 511058.6563 273888.7500
v  -75739.7891 509932.8125 271179.1563
v  -76407.5781 511976.2500 279664.3750
v  -76177.4766 511745.4375 276740.5625
v  -76862.1250 511058.6563 285440.0000
v  -76637.6797 511745.4375 282588.1875
v  -77272.1719 508395.6875 290650.2813
v  -77075.3672 509932.8125 288149.5938
v  -77597.5859 504248.0000 294785.1563
v  -77447.6875 506485.0625 292880.4375
v  -77806.5156 499021.6250 297439.9063
v  -77718.1875 501739.5938 296317.5625
v  -77878.5078 493228.1563 298354.6875
v  -77860.3984 496161.0000 298124.5625
v  -77806.5156 487434.6563 297439.9063
v  -77860.3984 490295.3125 298124.5625
v  -77597.5859 482208.2813 294785.1250
v  -77718.1875 484716.6875 296317.5313
v  -77272.1719 478060.6250 290650.2500
v  -77447.6875 479971.2500 292880.4063
v  -76862.1172 475397.6563 285439.9688
v  -77075.3672 476523.4688 288149.5625
v  -76407.5781 474480.0625 279664.3438
v  -76637.6797 474710.8750 282588.1563
v  -75953.0313 475397.6875 273888.7188
v  -76177.4688 474710.9063 276740.5313
v  -75542.9844 478060.6563 268678.4688
v  -75739.7891 476523.5000 271179.1250
v  -75217.5625 482208.3438 264543.5938
v  -75367.4688 479971.2813 266448.3125
v  -75008.6328 487434.7188 261888.8281
v  -75096.9688 484716.7188 263011.1875
v  -74954.7500 490295.3438 261204.1719
v  -67972.2500 496161.0000 261753.7031
v  -67954.1406 493228.1563 261523.5938
v  -68026.1328 499021.6250 262438.3750
v  -68114.4609 501739.5938 263560.7188
v  -68235.0625 504248.0000 265093.1250
v  -68384.9688 506485.0625 266997.8750
v  -68560.4844 508395.6875 269228.0313
v  -68757.2891 509932.8125 271728.6875
v  -68970.5313 511058.6563 274438.2813
v  -69194.9688 511745.4375 277290.0938
v  -69425.0781 511976.2500 280213.9063
v  -69655.1797 511745.4375 283137.7188
v  -69879.6172 511058.6563 285989.5313
v  -70092.8672 509932.8125 288699.1250
v  -70289.6719 508395.6875 291199.7813
v  -70465.1797 506485.0625 293429.9375
v  -70615.0859 504248.0000 295334.6875
v  -70735.6875 501739.5938 296867.0938
v  -70824.0156 499021.6250 297989.4375
v  -70877.8984 496161.0000 298674.0938
v  -70896.0078 493228.1563 298904.1875
v  -70877.8984 490295.3125 298674.0938
v  -70824.0156 487434.6563 297989.4375
v  -70735.6875 484716.6875 296867.0625
v  -70615.0859 482208.2813 295334.6563
v  -70465.1797 479971.2500 293429.9375
v  -70289.6641 478060.6250 291199.7500
v  -70092.8594 476523.4688 288699.0938
v  -69879.6172 475397.6563 285989.5000
v  -69655.1797 474710.8750 283137.6875
v  -69425.0703 474480.0625 280213.8750
v  -69194.9688 474710.9063 277290.0625
v  -68970.5313 475397.6875 274438.2500
v  -68757.2813 476523.5000 271728.6563
v  -68560.4766 478060.6563 269228.0000
v  -68384.9688 479971.2813 266997.8438
v  -68235.0625 482208.3438 265093.0938
v  -68114.4609 484716.7188 263560.6875
v  -68026.1328 487434.7188 262438.3438
v  -67972.2500 490295.3438 261753.7031
v  -69425.0781 493228.1563 280213.9063
# 82 vertices

vn -0.9969 -0.0000 -0.0785
vn 0.0785 0.0000 -0.9969
vn 0.0775 0.1564 -0.9846
vn 0.0746 0.3090 -0.9481
vn 0.0699 0.4540 -0.8883
vn 0.0635 0.5878 -0.8065
vn 0.0555 0.7071 -0.7049
vn 0.0461 0.8090 -0.5860
vn 0.0356 0.8910 -0.4526
vn 0.0242 0.9511 -0.3081
vn 0.0123 0.9877 -0.1560
vn -0.0000 1.0000 0.0000
vn -0.0123 0.9877 0.1560
vn -0.0242 0.9511 0.3081
vn -0.0356 0.8910 0.4526
vn -0.0461 0.8090 0.5860
vn -0.0555 0.7071 0.7049
vn -0.0635 0.5878 0.8065
vn -0.0699 0.4540 0.8883
vn -0.0746 0.3090 0.9481
vn -0.0775 0.1564 0.9846
vn -0.0785 -0.0000 0.9969
vn -0.0775 -0.1564 0.9846
vn -0.0746 -0.3090 0.9481
vn -0.0699 -0.4540 0.8883
vn -0.0635 -0.5878 0.8065
vn -0.0555 -0.7071 0.7049
vn -0.0461 -0.8090 0.5860
vn -0.0356 -0.8910 0.4526
vn -0.0242 -0.9511 0.3081
vn -0.0123 -0.9877 0.1560
vn 0.0000 -1.0000 -0.0000
vn 0.0123 -0.9877 -0.1560
vn 0.0242 -0.9511 -0.3081
vn 0.0356 -0.8910 -0.4526
vn 0.0461 -0.8090 -0.5860
vn 0.0555 -0.7071 -0.7049
vn 0.0635 -0.5878 -0.8065
vn 0.0699 -0.4540 -0.8883
vn 0.0746 -0.3090 -0.9481
vn 0.0775 -0.1564 -0.9846
vn 0.9969 0.0000 0.0785
# 42 vertex normals

vt 0.5000 0.0000 0.0000
vt 0.8000 0.0000 1.0000
vt 0.7750 0.0000 1.0000
vt 0.7500 0.0000 1.0000
vt 0.8500 0.0000 1.0000
vt 0.8250 0.0000 1.0000
vt 0.9000 0.0000 1.0000
vt 0.8750 0.0000 1.0000
vt 0.9500 0.0000 1.0000
vt 0.9250 0.0000 1.0000
vt 0.9883 0.0000 0.9754
vt 0.9750 0.0000 1.0000
vt 0.0500 0.0000 1.0000
vt 0.0250 0.0000 1.0000
vt 0.0000 0.0000 1.0000
vt 0.1000 0.0000 1.0000
vt 0.0750 0.0000 1.0000
vt 0.1500 0.0000 1.0000
vt 0.1250 0.0000 1.0000
vt 0.2000 0.0000 1.0000
vt 0.1750 0.0000 1.0000
vt 0.2500 0.0000 1.0000
vt 0.2250 0.0000 1.0000
vt 0.3000 0.0000 1.0000
vt 0.2750 0.0000 1.0000
vt 0.3500 0.0000 1.0000
vt 0.3250 0.0000 1.0000
vt 0.4000 0.0000 1.0000
vt 0.3750 0.0000 1.0000
vt 0.4500 0.0000 1.0000
vt 0.4250 0.0000 1.0000
vt 0.5000 0.0000 1.0000
vt 0.4750 0.0000 1.0000
vt 0.5500 0.0000 1.0000
vt 0.5250 0.0000 1.0000
vt 0.6000 0.0000 1.0000
vt 0.5750 0.0000 1.0000
vt 0.6500 0.0000 1.0000
vt 0.6250 0.0000 1.0000
vt 0.7000 0.0000 1.0000
vt 0.6750 0.0000 1.0000
vt 0.7250 0.0000 1.0000
vt 0.7750 1.0000 1.0000
vt 0.7500 1.0000 1.0000
vt 0.8000 1.0000 1.0000
vt 0.8250 1.0000 1.0000
vt 0.8500 1.0000 1.0000
vt 0.8750 1.0000 1.0000
vt 0.9000 1.0000 1.0000
vt 0.9250 1.0000 1.0000
vt 0.9500 1.0000 1.0000
vt 0.9750 1.0000 1.0000
vt -0.0250 0.0000 1.0000
vt 0.0000 1.0000 1.0000
vt -0.0250 1.0000 1.0000
vt 0.0250 1.0000 1.0000
vt 0.0500 1.0000 1.0000
vt 0.0750 1.0000 1.0000
vt 0.1000 1.0000 1.0000
vt 0.1250 1.0000 1.0000
vt 0.1500 1.0000 1.0000
vt 0.1750 1.0000 1.0000
vt 0.2000 1.0000 1.0000
vt 0.2250 1.0000 1.0000
vt 0.2500 1.0000 1.0000
vt 0.2750 1.0000 1.0000
vt 0.3000 1.0000 1.0000
vt 0.3250 1.0000 1.0000
vt 0.3500 1.0000 1.0000
vt 0.3750 1.0000 1.0000
vt 0.4000 1.0000 1.0000
vt 0.4250 1.0000 1.0000
vt 0.4500 1.0000 1.0000
vt 0.4750 1.0000 1.0000
vt 0.5000 1.0000 1.0000
vt 0.5250 1.0000 1.0000
vt 0.5500 1.0000 1.0000
vt 0.5750 1.0000 1.0000
vt 0.6000 1.0000 1.0000
vt 0.6250 1.0000 1.0000
vt 0.6500 1.0000 1.0000
vt 0.6750 1.0000 1.0000
vt 0.7000 1.0000 1.0000
vt 0.7250 1.0000 1.0000
vt 0.5000 1.0000 0.0000
# 85 texture coords

g Cylinder048
usemtl 02___Default
s 1
f -82/-85/-42 -81/-84/-42 -80/-83/-42 -79/-82/-42 
f -82/-85/-42 -78/-81/-42 -77/-80/-42 -81/-84/-42 
f -82/-85/-42 -76/-79/-42 -75/-78/-42 -78/-81/-42 
f -82/-85/-42 -74/-77/-42 -73/-76/-42 -76/-79/-42 
f -82/-85/-42 -72/-75/-42 -71/-74/-42 -74/-77/-42 
f -82/-85/-42 -70/-73/-42 -69/-72/-42 -72/-71/-42 
f -82/-85/-42 -68/-70/-42 -67/-69/-42 -70/-73/-42 
f -82/-85/-42 -66/-68/-42 -65/-67/-42 -68/-70/-42 
f -82/-85/-42 -64/-66/-42 -63/-65/-42 -66/-68/-42 
f -82/-85/-42 -62/-64/-42 -61/-63/-42 -64/-66/-42 
f -82/-85/-42 -60/-62/-42 -59/-61/-42 -62/-64/-42 
f -82/-85/-42 -58/-60/-42 -57/-59/-42 -60/-62/-42 
f -82/-85/-42 -56/-58/-42 -55/-57/-42 -58/-60/-42 
f -82/-85/-42 -54/-56/-42 -53/-55/-42 -56/-58/-42 
f -82/-85/-42 -52/-54/-42 -51/-53/-42 -54/-56/-42 
f -82/-85/-42 -50/-52/-42 -49/-51/-42 -52/-54/-42 
f -82/-85/-42 -48/-50/-42 -47/-49/-42 -50/-52/-42 
f -82/-85/-42 -46/-48/-42 -45/-47/-42 -48/-50/-42 
f -82/-85/-42 -44/-46/-42 -43/-45/-42 -46/-48/-42 
f -82/-85/-42 -79/-82/-42 -42/-44/-42 -44/-46/-42 
s 8
f -79/-82/-41 -80/-83/-40 -41/-43/-40 -40/-42/-41 
f -80/-83/-40 -81/-84/-39 -39/-41/-39 -41/-43/-40 
f -81/-84/-39 -77/-80/-38 -38/-40/-38 -39/-41/-39 
f -77/-80/-38 -78/-81/-37 -37/-39/-37 -38/-40/-38 
f -78/-81/-37 -75/-78/-36 -36/-38/-36 -37/-39/-37 
f -75/-78/-36 -76/-79/-35 -35/-37/-35 -36/-38/-36 
f -76/-79/-35 -73/-76/-34 -34/-36/-34 -35/-37/-35 
f -73/-76/-34 -74/-77/-33 -33/-35/-33 -34/-36/-34 
f -74/-77/-33 -71/-74/-32 -32/-34/-32 -33/-35/-33 
f -71/-33/-32 -72/-71/-31 -31/-32/-31 -32/-31/-32 
f -72/-71/-31 -69/-72/-30 -30/-30/-30 -31/-32/-31 
f -69/-72/-30 -70/-73/-29 -29/-29/-29 -30/-30/-30 
f -70/-73/-29 -67/-69/-28 -28/-28/-28 -29/-29/-29 
f -67/-69/-28 -68/-70/-27 -27/-27/-27 -28/-28/-28 
f -68/-70/-27 -65/-67/-26 -26/-26/-26 -27/-27/-27 
f -65/-67/-26 -66/-68/-25 -25/-25/-25 -26/-26/-26 
f -66/-68/-25 -63/-65/-24 -24/-24/-24 -25/-25/-25 
f -63/-65/-24 -64/-66/-23 -23/-23/-23 -24/-24/-24 
f -64/-66/-23 -61/-63/-22 -22/-22/-22 -23/-23/-23 
f -61/-63/-22 -62/-64/-21 -21/-21/-21 -22/-22/-22 
f -62/-64/-21 -59/-61/-20 -20/-20/-20 -21/-21/-21 
f -59/-61/-20 -60/-62/-19 -19/-19/-19 -20/-20/-20 
f -60/-62/-19 -57/-59/-18 -18/-18/-18 -19/-19/-19 
f -57/-59/-18 -58/-60/-17 -17/-17/-17 -18/-18/-18 
f -58/-60/-17 -55/-57/-16 -16/-16/-16 -17/-17/-17 
f -55/-57/-16 -56/-58/-15 -15/-15/-15 -16/-16/-16 
f -56/-58/-15 -53/-55/-14 -14/-14/-14 -15/-15/-15 
f -53/-55/-14 -54/-56/-13 -13/-13/-13 -14/-14/-14 
f -54/-56/-13 -51/-53/-12 -12/-12/-12 -13/-13/-13 
f -51/-53/-12 -52/-54/-11 -11/-11/-11 -12/-12/-12 
f -52/-54/-11 -49/-51/-10 -10/-10/-10 -11/-11/-11 
f -49/-51/-10 -50/-52/-9 -9/-9/-9 -10/-10/-10 
f -50/-52/-9 -47/-49/-8 -8/-8/-8 -9/-9/-9 
f -47/-49/-8 -48/-50/-7 -7/-7/-7 -8/-8/-8 
f -48/-50/-7 -45/-47/-6 -6/-6/-6 -7/-7/-7 
f -45/-47/-6 -46/-48/-5 -5/-5/-5 -6/-6/-6 
f -46/-48/-5 -43/-45/-4 -4/-4/-4 -5/-5/-5 
f -43/-45/-4 -44/-46/-3 -3/-3/-3 -4/-4/-4 
f -44/-46/-3 -42/-44/-2 -2/-2/-2 -3/-3/-3 
f -42/-44/-2 -79/-82/-41 -40/-42/-41 -2/-2/-2 
s 1
f -1/-1/-1 -2/-2/-1 -40/-42/-1 -41/-43/-1 
f -1/-1/-1 -41/-43/-1 -39/-41/-1 -38/-40/-1 
f -1/-1/-1 -38/-40/-1 -37/-39/-1 -36/-38/-1 
f -1/-1/-1 -36/-38/-1 -35/-37/-1 -34/-36/-1 
f -1/-1/-1 -34/-36/-1 -33/-35/-1 -32/-34/-1 
f -1/-1/-1 -32/-31/-1 -31/-32/-1 -30/-30/-1 
f -1/-1/-1 -30/-30/-1 -29/-29/-1 -28/-28/-1 
f -1/-1/-1 -28/-28/-1 -27/-27/-1 -26/-26/-1 
f -1/-1/-1 -26/-26/-1 -25/-25/-1 -24/-24/-1 
f -1/-1/-1 -24/-24/-1 -23/-23/-1 -22/-22/-1 
f -1/-1/-1 -22/-22/-1 -21/-21/-1 -20/-20/-1 
f -1/-1/-1 -20/-20/-1 -19/-19/-1 -18/-18/-1 
f -1/-1/-1 -18/-18/-1 -17/-17/-1 -16/-16/-1 
f -1/-1/-1 -16/-16/-1 -15/-15/-1 -14/-14/-1 
f -1/-1/-1 -14/-14/-1 -13/-13/-1 -12/-12/-1 
f -1/-1/-1 -12/-12/-1 -11/-11/-1 -10/-10/-1 
f -1/-1/-1 -10/-10/-1 -9/-9/-1 -8/-8/-1 
f -1/-1/-1 -8/-8/-1 -7/-7/-1 -6/-6/-1 
f -1/-1/-1 -6/-6/-1 -5/-5/-1 -4/-4/-1 
f -1/-1/-1 -4/-4/-1 -3/-3/-1 -2/-2/-1 
# 80 polygons

#
# object Cylinder049
#

v  -299800.5000 419999.7813 588385.0000
v  -340808.4688 419999.7813 646658.2500
v  -349419.5625 419999.7813 639525.7500
v  -356808.8438 419999.7813 631134.0000
v  -320793.9688 419999.7813 656478.3125
v  -331187.6563 419999.7813 652355.8750
v  -298724.4688 419999.7813 659632.9375
v  -309883.3750 419999.7813 658924.1250
v  -276760.3125 419999.7813 655813.3125
v  -287592.0938 419999.7813 658587.4375
v  -257051.4844 419999.7813 645393.3125
v  -266495.8750 419999.7813 651378.8750
v  -241527.2188 419999.7813 629392.9375
v  -248659.7188 419999.7813 638004.0000
v  -231707.1563 419999.7813 609378.4375
v  -235829.5938 419999.7813 619772.1250
v  -228552.5469 419999.7813 587308.9375
v  -229261.4063 419999.7813 598467.8125
v  -232372.2031 419999.7813 565344.7500
v  -229598.0625 419999.7813 576176.5625
v  -242792.2031 419999.7813 545635.9375
v  -236806.6406 419999.7813 555080.3125
v  -258792.5781 419999.7813 530111.6875
v  -250181.5000 419999.7813 537244.1875
v  -278807.0938 419999.7813 520291.6250
v  -268413.4063 419999.7813 524414.0625
v  -300876.5938 419999.7813 517137.0625
v  -289717.7188 419999.7813 517845.8750
v  -322840.7813 419999.7813 520956.7188
v  -312009.0000 419999.7813 518182.5625
v  -342549.5938 419999.7813 531376.7500
v  -333105.2188 419999.7813 525391.1875
v  -358073.8438 419999.7813 547377.1250
v  -350941.3438 419999.7813 538766.0000
v  -367893.8750 419999.7813 567391.6250
v  -363771.4375 419999.7813 556997.9375
v  -371048.4375 419999.7813 589461.1250
v  -370339.6250 419999.7813 578302.2500
v  -367228.7500 419999.7813 611425.3125
v  -370002.9063 419999.7813 600593.5625
v  -362794.3125 419999.7813 621689.7500
v  -349419.5625 439805.8438 639525.7500
v  -356808.8438 439805.8438 631134.0000
v  -340808.4688 439805.8438 646658.2500
v  -331187.6563 439805.8438 652355.8750
v  -320793.9688 439805.8438 656478.3125
v  -309883.3750 439805.8438 658924.1250
v  -298724.4688 439805.8438 659632.9375
v  -287592.0938 439805.8438 658587.4375
v  -276760.3125 439805.8438 655813.3125
v  -266495.8750 439805.8438 651378.8750
v  -257051.4844 439805.8438 645393.3125
v  -248659.7188 439805.8438 638004.0000
v  -241527.2188 439805.8438 629392.9375
v  -235829.5938 439805.8438 619772.1250
v  -231707.1563 439805.8438 609378.4375
v  -229261.4063 439805.8438 598467.8125
v  -228552.5469 439805.8438 587308.9375
v  -229598.0625 439805.8438 576176.5625
v  -232372.2031 439805.8438 565344.7500
v  -236806.6406 439805.8438 555080.3125
v  -242792.2031 439805.8438 545635.9375
v  -250181.5000 439805.8438 537244.1875
v  -258792.5781 439805.8438 530111.6875
v  -268413.4063 439805.8438 524414.0625
v  -278807.0938 439805.8438 520291.6250
v  -289717.7188 439805.8438 517845.8750
v  -300876.5938 439805.8438 517137.0625
v  -312009.0000 439805.8438 518182.5625
v  -322840.7813 439805.8438 520956.7188
v  -333105.2188 439805.8438 525391.1875
v  -342549.5938 439805.8438 531376.7500
v  -350941.3438 439805.8438 538766.0000
v  -358073.8438 439805.8438 547377.1250
v  -363771.4375 439805.8438 556997.9375
v  -367893.8750 439805.8438 567391.6250
v  -370339.6250 439805.8438 578302.2500
v  -371048.4375 439805.8438 589461.1250
v  -370002.9063 439805.8438 600593.5625
v  -367228.7500 439805.8438 611425.3125
v  -362794.3125 439805.8438 621689.7500
v  -299800.5000 439805.8438 588385.0000
# 82 vertices

vn 0.0000 -1.0000 -0.0000
vn -0.8000 0.0000 0.5999
vn -0.6963 0.0000 0.7177
vn -0.5755 0.0000 0.8178
vn -0.4405 0.0000 0.8978
vn -0.2946 0.0000 0.9556
vn -0.1415 0.0000 0.9899
vn 0.0151 0.0000 0.9999
vn 0.1713 0.0000 0.9852
vn 0.3233 0.0000 0.9463
vn 0.4674 0.0000 0.8840
vn 0.5999 0.0000 0.8000
vn 0.7177 0.0000 0.6963
vn 0.8178 0.0000 0.5755
vn 0.8978 0.0000 0.4405
vn 0.9556 0.0000 0.2946
vn 0.9899 0.0000 0.1415
vn 0.9999 0.0000 -0.0151
vn 0.9852 0.0000 -0.1713
vn 0.9463 0.0000 -0.3233
vn 0.8840 0.0000 -0.4674
vn 0.8000 0.0000 -0.5999
vn 0.6963 0.0000 -0.7177
vn 0.5755 0.0000 -0.8178
vn 0.4405 0.0000 -0.8978
vn 0.2946 0.0000 -0.9556
vn 0.1415 0.0000 -0.9899
vn -0.0151 0.0000 -0.9999
vn -0.1713 0.0000 -0.9852
vn -0.3233 0.0000 -0.9463
vn -0.4674 0.0000 -0.8840
vn -0.5999 0.0000 -0.8000
vn -0.7177 0.0000 -0.6963
vn -0.8178 0.0000 -0.5755
vn -0.8978 0.0000 -0.4405
vn -0.9556 0.0000 -0.2946
vn -0.9899 0.0000 -0.1415
vn -0.9999 0.0000 0.0151
vn -0.9852 0.0000 0.1713
vn -0.9463 0.0000 0.3233
vn -0.8840 0.0000 0.4674
vn 0.0000 1.0000 -0.0000
# 42 vertex normals

vt 0.5000 0.0000 0.0000
vt 0.8000 0.0000 1.0000
vt 0.7750 0.0000 1.0000
vt 0.7500 0.0000 1.0000
vt 0.8500 0.0000 1.0000
vt 0.8250 0.0000 1.0000
vt 0.9000 0.0000 1.0000
vt 0.8750 0.0000 1.0000
vt 0.9500 0.0000 1.0000
vt 0.9250 0.0000 1.0000
vt 0.0000 0.0000 1.0000
vt -0.0250 0.0000 1.0000
vt -0.0371 0.0000 0.9754
vt 0.0500 0.0000 1.0000
vt 0.0250 0.0000 1.0000
vt 0.1000 0.0000 1.0000
vt 0.0750 0.0000 1.0000
vt 0.1500 0.0000 1.0000
vt 0.1250 0.0000 1.0000
vt 0.2000 0.0000 1.0000
vt 0.1750 0.0000 1.0000
vt 0.2500 0.0000 1.0000
vt 0.2250 0.0000 1.0000
vt 0.3000 0.0000 1.0000
vt 0.2750 0.0000 1.0000
vt 0.3500 0.0000 1.0000
vt 0.3250 0.0000 1.0000
vt 0.4000 0.0000 1.0000
vt 0.3750 0.0000 1.0000
vt 0.4500 0.0000 1.0000
vt 0.4250 0.0000 1.0000
vt 0.5000 0.0000 1.0000
vt 0.4750 0.0000 1.0000
vt 0.5500 0.0000 1.0000
vt 0.5250 0.0000 1.0000
vt 0.6000 0.0000 1.0000
vt 0.5750 0.0000 1.0000
vt 0.6500 0.0000 1.0000
vt 0.6250 0.0000 1.0000
vt 0.7000 0.0000 1.0000
vt 0.6750 0.0000 1.0000
vt 0.7250 0.0000 1.0000
vt 0.7750 1.0000 1.0000
vt 0.7500 1.0000 1.0000
vt 0.8000 1.0000 1.0000
vt 0.8250 1.0000 1.0000
vt 0.8500 1.0000 1.0000
vt 0.8750 1.0000 1.0000
vt 0.9000 1.0000 1.0000
vt 0.9250 1.0000 1.0000
vt 0.9500 1.0000 1.0000
vt 0.9750 0.0000 1.0000
vt 0.9750 1.0000 1.0000
vt 0.0000 1.0000 1.0000
vt -0.0250 1.0000 1.0000
vt 0.0250 1.0000 1.0000
vt 0.0500 1.0000 1.0000
vt 0.0750 1.0000 1.0000
vt 0.1000 1.0000 1.0000
vt 0.1250 1.0000 1.0000
vt 0.1500 1.0000 1.0000
vt 0.1750 1.0000 1.0000
vt 0.2000 1.0000 1.0000
vt 0.2250 1.0000 1.0000
vt 0.2500 1.0000 1.0000
vt 0.2750 1.0000 1.0000
vt 0.3000 1.0000 1.0000
vt 0.3250 1.0000 1.0000
vt 0.3500 1.0000 1.0000
vt 0.3750 1.0000 1.0000
vt 0.4000 1.0000 1.0000
vt 0.4250 1.0000 1.0000
vt 0.4500 1.0000 1.0000
vt 0.4750 1.0000 1.0000
vt 0.5000 1.0000 1.0000
vt 0.5250 1.0000 1.0000
vt 0.5500 1.0000 1.0000
vt 0.5750 1.0000 1.0000
vt 0.6000 1.0000 1.0000
vt 0.6250 1.0000 1.0000
vt 0.6500 1.0000 1.0000
vt 0.6750 1.0000 1.0000
vt 0.7000 1.0000 1.0000
vt 0.7250 1.0000 1.0000
vt 0.5000 1.0000 0.0000
# 85 texture coords

g Cylinder049
usemtl 02___Default
s 1
f -82/-85/-42 -81/-84/-42 -80/-83/-42 -79/-82/-42 
f -82/-85/-42 -78/-81/-42 -77/-80/-42 -81/-84/-42 
f -82/-85/-42 -76/-79/-42 -75/-78/-42 -78/-81/-42 
f -82/-85/-42 -74/-77/-42 -73/-76/-42 -76/-79/-42 
f -82/-85/-42 -72/-75/-42 -71/-74/-42 -74/-73/-42 
f -82/-85/-42 -70/-72/-42 -69/-71/-42 -72/-75/-42 
f -82/-85/-42 -68/-70/-42 -67/-69/-42 -70/-72/-42 
f -82/-85/-42 -66/-68/-42 -65/-67/-42 -68/-70/-42 
f -82/-85/-42 -64/-66/-42 -63/-65/-42 -66/-68/-42 
f -82/-85/-42 -62/-64/-42 -61/-63/-42 -64/-66/-42 
f -82/-85/-42 -60/-62/-42 -59/-61/-42 -62/-64/-42 
f -82/-85/-42 -58/-60/-42 -57/-59/-42 -60/-62/-42 
f -82/-85/-42 -56/-58/-42 -55/-57/-42 -58/-60/-42 
f -82/-85/-42 -54/-56/-42 -53/-55/-42 -56/-58/-42 
f -82/-85/-42 -52/-54/-42 -51/-53/-42 -54/-56/-42 
f -82/-85/-42 -50/-52/-42 -49/-51/-42 -52/-54/-42 
f -82/-85/-42 -48/-50/-42 -47/-49/-42 -50/-52/-42 
f -82/-85/-42 -46/-48/-42 -45/-47/-42 -48/-50/-42 
f -82/-85/-42 -44/-46/-42 -43/-45/-42 -46/-48/-42 
f -82/-85/-42 -79/-82/-42 -42/-44/-42 -44/-46/-42 
s 8
f -79/-82/-41 -80/-83/-40 -41/-43/-40 -40/-42/-41 
f -80/-83/-40 -81/-84/-39 -39/-41/-39 -41/-43/-40 
f -81/-84/-39 -77/-80/-38 -38/-40/-38 -39/-41/-39 
f -77/-80/-38 -78/-81/-37 -37/-39/-37 -38/-40/-38 
f -78/-81/-37 -75/-78/-36 -36/-38/-36 -37/-39/-37 
f -75/-78/-36 -76/-79/-35 -35/-37/-35 -36/-38/-36 
f -76/-79/-35 -73/-76/-34 -34/-36/-34 -35/-37/-35 
f -73/-76/-34 -74/-77/-33 -33/-35/-33 -34/-36/-34 
f -74/-77/-33 -71/-34/-32 -32/-33/-32 -33/-35/-33 
f -71/-74/-32 -72/-75/-31 -31/-32/-31 -32/-31/-32 
f -72/-75/-31 -69/-71/-30 -30/-30/-30 -31/-32/-31 
f -69/-71/-30 -70/-72/-29 -29/-29/-29 -30/-30/-30 
f -70/-72/-29 -67/-69/-28 -28/-28/-28 -29/-29/-29 
f -67/-69/-28 -68/-70/-27 -27/-27/-27 -28/-28/-28 
f -68/-70/-27 -65/-67/-26 -26/-26/-26 -27/-27/-27 
f -65/-67/-26 -66/-68/-25 -25/-25/-25 -26/-26/-26 
f -66/-68/-25 -63/-65/-24 -24/-24/-24 -25/-25/-25 
f -63/-65/-24 -64/-66/-23 -23/-23/-23 -24/-24/-24 
f -64/-66/-23 -61/-63/-22 -22/-22/-22 -23/-23/-23 
f -61/-63/-22 -62/-64/-21 -21/-21/-21 -22/-22/-22 
f -62/-64/-21 -59/-61/-20 -20/-20/-20 -21/-21/-21 
f -59/-61/-20 -60/-62/-19 -19/-19/-19 -20/-20/-20 
f -60/-62/-19 -57/-59/-18 -18/-18/-18 -19/-19/-19 
f -57/-59/-18 -58/-60/-17 -17/-17/-17 -18/-18/-18 
f -58/-60/-17 -55/-57/-16 -16/-16/-16 -17/-17/-17 
f -55/-57/-16 -56/-58/-15 -15/-15/-15 -16/-16/-16 
f -56/-58/-15 -53/-55/-14 -14/-14/-14 -15/-15/-15 
f -53/-55/-14 -54/-56/-13 -13/-13/-13 -14/-14/-14 
f -54/-56/-13 -51/-53/-12 -12/-12/-12 -13/-13/-13 
f -51/-53/-12 -52/-54/-11 -11/-11/-11 -12/-12/-12 
f -52/-54/-11 -49/-51/-10 -10/-10/-10 -11/-11/-11 
f -49/-51/-10 -50/-52/-9 -9/-9/-9 -10/-10/-10 
f -50/-52/-9 -47/-49/-8 -8/-8/-8 -9/-9/-9 
f -47/-49/-8 -48/-50/-7 -7/-7/-7 -8/-8/-8 
f -48/-50/-7 -45/-47/-6 -6/-6/-6 -7/-7/-7 
f -45/-47/-6 -46/-48/-5 -5/-5/-5 -6/-6/-6 
f -46/-48/-5 -43/-45/-4 -4/-4/-4 -5/-5/-5 
f -43/-45/-4 -44/-46/-3 -3/-3/-3 -4/-4/-4 
f -44/-46/-3 -42/-44/-2 -2/-2/-2 -3/-3/-3 
f -42/-44/-2 -79/-82/-41 -40/-42/-41 -2/-2/-2 
s 1
f -1/-1/-1 -2/-2/-1 -40/-42/-1 -41/-43/-1 
f -1/-1/-1 -41/-43/-1 -39/-41/-1 -38/-40/-1 
f -1/-1/-1 -38/-40/-1 -37/-39/-1 -36/-38/-1 
f -1/-1/-1 -36/-38/-1 -35/-37/-1 -34/-36/-1 
f -1/-1/-1 -34/-36/-1 -33/-35/-1 -32/-33/-1 
f -1/-1/-1 -32/-31/-1 -31/-32/-1 -30/-30/-1 
f -1/-1/-1 -30/-30/-1 -29/-29/-1 -28/-28/-1 
f -1/-1/-1 -28/-28/-1 -27/-27/-1 -26/-26/-1 
f -1/-1/-1 -26/-26/-1 -25/-25/-1 -24/-24/-1 
f -1/-1/-1 -24/-24/-1 -23/-23/-1 -22/-22/-1 
f -1/-1/-1 -22/-22/-1 -21/-21/-1 -20/-20/-1 
f -1/-1/-1 -20/-20/-1 -19/-19/-1 -18/-18/-1 
f -1/-1/-1 -18/-18/-1 -17/-17/-1 -16/-16/-1 
f -1/-1/-1 -16/-16/-1 -15/-15/-1 -14/-14/-1 
f -1/-1/-1 -14/-14/-1 -13/-13/-1 -12/-12/-1 
f -1/-1/-1 -12/-12/-1 -11/-11/-1 -10/-10/-1 
f -1/-1/-1 -10/-10/-1 -9/-9/-1 -8/-8/-1 
f -1/-1/-1 -8/-8/-1 -7/-7/-1 -6/-6/-1 
f -1/-1/-1 -6/-6/-1 -5/-5/-1 -4/-4/-1 
f -1/-1/-1 -4/-4/-1 -3/-3/-1 -2/-2/-1 
# 80 polygons

#
# object Cylinder050
#

v  -712771.4375 494315.8438 15917.1250
v  -724351.4375 500109.3125 29475.5469
v  -724797.4375 497248.6875 29997.7773
v  -724947.3125 494315.8438 30173.2969
v  -722621.9375 505335.6875 27450.6055
v  -723620.2500 502827.2813 28619.4648
v  -719928.2500 509483.3750 24296.6875
v  -721381.1250 507572.7500 25997.7559
v  -716534.0000 512146.3438 20322.5195
v  -718299.1875 511020.5000 22389.2871
v  -712771.4375 513063.9375 15917.1182
v  -714676.1875 512833.1250 18147.2754
v  -709008.8750 512146.3438 11511.7178
v  -710866.6875 512833.1250 13686.9609
v  -705614.6250 509483.3750 7537.5488
v  -707243.6875 511020.5000 9444.9502
v  -702920.9375 505335.6875 4383.6338
v  -704161.7500 507572.7500 5836.4814
v  -701191.4375 500109.3125 2358.6963
v  -701922.6250 502827.2813 3214.7783
v  -700595.5625 494315.8438 1660.9541
v  -700745.4375 497248.6875 1836.4688
v  -701191.5000 488522.3438 2358.7070
v  -700745.4375 491382.9688 1836.4746
v  -702920.9375 483295.9688 4383.6523
v  -701922.6250 485804.3750 3214.7930
v  -705614.6250 479148.3125 7537.5762
v  -704161.8125 481058.9375 5836.5049
v  -709008.8750 476485.3438 11511.7480
v  -707243.6875 477611.1563 9444.9795
v  -712771.4375 475567.7500 15917.1504
v  -710866.7500 475798.5625 13686.9932
v  -716534.0000 476485.3750 20322.5508
v  -714676.1875 475798.5938 18147.3066
v  -719928.2500 479148.3438 24296.7148
v  -718299.1875 477611.1875 22389.3164
v  -722621.9375 483296.0313 27450.6270
v  -721381.1250 481058.9688 25997.7813
v  -724351.4375 488522.4063 29475.5586
v  -723620.2500 485804.4063 28619.4805
v  -724797.4375 491383.0313 29997.7832
v  -730123.3750 497248.6875 25448.9883
v  -730273.3125 494315.8438 25624.5059
v  -729677.3750 500109.3125 24926.7578
v  -728946.1875 502827.2813 24070.6758
v  -727947.8750 505335.6875 22901.8164
v  -726707.0625 507572.7500 21448.9648
v  -725254.1875 509483.3750 19747.8984
v  -723625.1250 511020.5000 17840.4961
v  -721859.9375 512146.3438 15773.7285
v  -720002.1250 512833.1250 13598.4854
v  -718097.3750 513063.9375 11368.3281
v  -716192.6875 512833.1250 9138.1709
v  -714334.8125 512146.3438 6962.9277
v  -712569.6250 511020.5000 4896.1602
v  -710940.5625 509483.3750 2988.7588
v  -709487.7500 507572.7500 1287.6914
v  -708246.8750 505335.6875 -165.1563
v  -707248.5625 502827.2813 -1334.0117
v  -706517.4375 500109.3125 -2190.0938
v  -706071.3750 497248.6875 -2712.3203
v  -705921.5000 494315.8438 -2887.8359
v  -706071.3750 491382.9688 -2712.3164
v  -706517.4375 488522.3438 -2190.0820
v  -707248.5625 485804.3750 -1333.9961
v  -708246.8750 483295.9688 -165.1377
v  -709487.7500 481058.9375 1287.7148
v  -710940.5625 479148.3125 2988.7861
v  -712569.6875 477611.1563 4896.1895
v  -714334.8750 476485.3438 6962.9580
v  -716192.6875 475798.5625 9138.2031
v  -718097.4375 475567.7500 11368.3604
v  -720002.1250 475798.5625 13598.5176
v  -721860.0000 476485.3438 15773.7598
v  -723625.1250 477611.1875 17840.5254
v  -725254.2500 479148.3438 19747.9258
v  -726707.0625 481058.9688 21448.9922
v  -727947.9375 483296.0313 22901.8359
v  -728946.1875 485804.4063 24070.6914
v  -729677.3750 488522.4063 24926.7695
v  -730123.3750 491383.0313 25448.9922
v  -718097.3750 494315.8438 11368.3350
# 82 vertices

vn 0.7604 0.0000 0.6494
vn -0.6494 0.0000 0.7604
vn -0.6415 0.1564 0.7510
vn -0.6177 0.3090 0.7232
vn -0.5787 0.4540 0.6775
vn -0.5254 0.5878 0.6152
vn -0.4592 0.7071 0.5377
vn -0.3817 0.8090 0.4470
vn -0.2948 0.8910 0.3452
vn -0.2007 0.9511 0.2350
vn -0.1016 0.9877 0.1190
vn -0.0000 1.0000 -0.0000
vn 0.1016 0.9877 -0.1190
vn 0.2007 0.9511 -0.2350
vn 0.2948 0.8910 -0.3452
vn 0.3817 0.8090 -0.4470
vn 0.4592 0.7071 -0.5377
vn 0.5254 0.5878 -0.6152
vn 0.5787 0.4540 -0.6775
vn 0.6177 0.3090 -0.7232
vn 0.6415 0.1564 -0.7510
vn 0.6494 -0.0000 -0.7604
vn 0.6415 -0.1564 -0.7510
vn 0.6177 -0.3090 -0.7232
vn 0.5787 -0.4540 -0.6775
vn 0.5254 -0.5878 -0.6152
vn 0.4592 -0.7071 -0.5377
vn 0.3817 -0.8090 -0.4470
vn 0.2948 -0.8910 -0.3452
vn 0.2007 -0.9511 -0.2350
vn 0.1016 -0.9877 -0.1190
vn -0.0000 -1.0000 0.0000
vn -0.1016 -0.9877 0.1190
vn -0.2007 -0.9511 0.2350
vn -0.2948 -0.8910 0.3452
vn -0.3817 -0.8090 0.4470
vn -0.4592 -0.7071 0.5377
vn -0.5254 -0.5878 0.6152
vn -0.5787 -0.4540 0.6775
vn -0.6177 -0.3090 0.7232
vn -0.6415 -0.1564 0.7510
vn -0.7604 -0.0000 -0.6494
# 42 vertex normals

vt 0.5000 0.0000 0.0000
vt 0.8000 0.0000 1.0000
vt 0.7750 0.0000 1.0000
vt 0.7500 0.0000 1.0000
vt 0.8500 0.0000 1.0000
vt 0.8250 0.0000 1.0000
vt 0.9000 0.0000 1.0000
vt 0.8750 0.0000 1.0000
vt 0.9500 0.0000 1.0000
vt 0.9250 0.0000 1.0000
vt 0.9883 0.0000 0.9754
vt 0.9750 0.0000 1.0000
vt 0.0500 0.0000 1.0000
vt 0.0250 0.0000 1.0000
vt 0.0000 0.0000 1.0000
vt 0.1000 0.0000 1.0000
vt 0.0750 0.0000 1.0000
vt 0.1500 0.0000 1.0000
vt 0.1250 0.0000 1.0000
vt 0.2000 0.0000 1.0000
vt 0.1750 0.0000 1.0000
vt 0.2500 0.0000 1.0000
vt 0.2250 0.0000 1.0000
vt 0.3000 0.0000 1.0000
vt 0.2750 0.0000 1.0000
vt 0.3500 0.0000 1.0000
vt 0.3250 0.0000 1.0000
vt 0.4000 0.0000 1.0000
vt 0.3750 0.0000 1.0000
vt 0.4500 0.0000 1.0000
vt 0.4250 0.0000 1.0000
vt 0.5000 0.0000 1.0000
vt 0.4750 0.0000 1.0000
vt 0.5500 0.0000 1.0000
vt 0.5250 0.0000 1.0000
vt 0.6000 0.0000 1.0000
vt 0.5750 0.0000 1.0000
vt 0.6500 0.0000 1.0000
vt 0.6250 0.0000 1.0000
vt 0.7000 0.0000 1.0000
vt 0.6750 0.0000 1.0000
vt 0.7250 0.0000 1.0000
vt 0.7750 1.0000 1.0000
vt 0.7500 1.0000 1.0000
vt 0.8000 1.0000 1.0000
vt 0.8250 1.0000 1.0000
vt 0.8500 1.0000 1.0000
vt 0.8750 1.0000 1.0000
vt 0.9000 1.0000 1.0000
vt 0.9250 1.0000 1.0000
vt 0.9500 1.0000 1.0000
vt 0.9750 1.0000 1.0000
vt -0.0250 0.0000 1.0000
vt 0.0000 1.0000 1.0000
vt -0.0250 1.0000 1.0000
vt 0.0250 1.0000 1.0000
vt 0.0500 1.0000 1.0000
vt 0.0750 1.0000 1.0000
vt 0.1000 1.0000 1.0000
vt 0.1250 1.0000 1.0000
vt 0.1500 1.0000 1.0000
vt 0.1750 1.0000 1.0000
vt 0.2000 1.0000 1.0000
vt 0.2250 1.0000 1.0000
vt 0.2500 1.0000 1.0000
vt 0.2750 1.0000 1.0000
vt 0.3000 1.0000 1.0000
vt 0.3250 1.0000 1.0000
vt 0.3500 1.0000 1.0000
vt 0.3750 1.0000 1.0000
vt 0.4000 1.0000 1.0000
vt 0.4250 1.0000 1.0000
vt 0.4500 1.0000 1.0000
vt 0.4750 1.0000 1.0000
vt 0.5000 1.0000 1.0000
vt 0.5250 1.0000 1.0000
vt 0.5500 1.0000 1.0000
vt 0.5750 1.0000 1.0000
vt 0.6000 1.0000 1.0000
vt 0.6250 1.0000 1.0000
vt 0.6500 1.0000 1.0000
vt 0.6750 1.0000 1.0000
vt 0.7000 1.0000 1.0000
vt 0.7250 1.0000 1.0000
vt 0.5000 1.0000 0.0000
# 85 texture coords

g Cylinder050
usemtl 02___Default
s 1
f -82/-85/-42 -81/-84/-42 -80/-83/-42 -79/-82/-42 
f -82/-85/-42 -78/-81/-42 -77/-80/-42 -81/-84/-42 
f -82/-85/-42 -76/-79/-42 -75/-78/-42 -78/-81/-42 
f -82/-85/-42 -74/-77/-42 -73/-76/-42 -76/-79/-42 
f -82/-85/-42 -72/-75/-42 -71/-74/-42 -74/-77/-42 
f -82/-85/-42 -70/-73/-42 -69/-72/-42 -72/-71/-42 
f -82/-85/-42 -68/-70/-42 -67/-69/-42 -70/-73/-42 
f -82/-85/-42 -66/-68/-42 -65/-67/-42 -68/-70/-42 
f -82/-85/-42 -64/-66/-42 -63/-65/-42 -66/-68/-42 
f -82/-85/-42 -62/-64/-42 -61/-63/-42 -64/-66/-42 
f -82/-85/-42 -60/-62/-42 -59/-61/-42 -62/-64/-42 
f -82/-85/-42 -58/-60/-42 -57/-59/-42 -60/-62/-42 
f -82/-85/-42 -56/-58/-42 -55/-57/-42 -58/-60/-42 
f -82/-85/-42 -54/-56/-42 -53/-55/-42 -56/-58/-42 
f -82/-85/-42 -52/-54/-42 -51/-53/-42 -54/-56/-42 
f -82/-85/-42 -50/-52/-42 -49/-51/-42 -52/-54/-42 
f -82/-85/-42 -48/-50/-42 -47/-49/-42 -50/-52/-42 
f -82/-85/-42 -46/-48/-42 -45/-47/-42 -48/-50/-42 
f -82/-85/-42 -44/-46/-42 -43/-45/-42 -46/-48/-42 
f -82/-85/-42 -79/-82/-42 -42/-44/-42 -44/-46/-42 
s 8
f -79/-82/-41 -80/-83/-40 -41/-43/-40 -40/-42/-41 
f -80/-83/-40 -81/-84/-39 -39/-41/-39 -41/-43/-40 
f -81/-84/-39 -77/-80/-38 -38/-40/-38 -39/-41/-39 
f -77/-80/-38 -78/-81/-37 -37/-39/-37 -38/-40/-38 
f -78/-81/-37 -75/-78/-36 -36/-38/-36 -37/-39/-37 
f -75/-78/-36 -76/-79/-35 -35/-37/-35 -36/-38/-36 
f -76/-79/-35 -73/-76/-34 -34/-36/-34 -35/-37/-35 
f -73/-76/-34 -74/-77/-33 -33/-35/-33 -34/-36/-34 
f -74/-77/-33 -71/-74/-32 -32/-34/-32 -33/-35/-33 
f -71/-33/-32 -72/-71/-31 -31/-32/-31 -32/-31/-32 
f -72/-71/-31 -69/-72/-30 -30/-30/-30 -31/-32/-31 
f -69/-72/-30 -70/-73/-29 -29/-29/-29 -30/-30/-30 
f -70/-73/-29 -67/-69/-28 -28/-28/-28 -29/-29/-29 
f -67/-69/-28 -68/-70/-27 -27/-27/-27 -28/-28/-28 
f -68/-70/-27 -65/-67/-26 -26/-26/-26 -27/-27/-27 
f -65/-67/-26 -66/-68/-25 -25/-25/-25 -26/-26/-26 
f -66/-68/-25 -63/-65/-24 -24/-24/-24 -25/-25/-25 
f -63/-65/-24 -64/-66/-23 -23/-23/-23 -24/-24/-24 
f -64/-66/-23 -61/-63/-22 -22/-22/-22 -23/-23/-23 
f -61/-63/-22 -62/-64/-21 -21/-21/-21 -22/-22/-22 
f -62/-64/-21 -59/-61/-20 -20/-20/-20 -21/-21/-21 
f -59/-61/-20 -60/-62/-19 -19/-19/-19 -20/-20/-20 
f -60/-62/-19 -57/-59/-18 -18/-18/-18 -19/-19/-19 
f -57/-59/-18 -58/-60/-17 -17/-17/-17 -18/-18/-18 
f -58/-60/-17 -55/-57/-16 -16/-16/-16 -17/-17/-17 
f -55/-57/-16 -56/-58/-15 -15/-15/-15 -16/-16/-16 
f -56/-58/-15 -53/-55/-14 -14/-14/-14 -15/-15/-15 
f -53/-55/-14 -54/-56/-13 -13/-13/-13 -14/-14/-14 
f -54/-56/-13 -51/-53/-12 -12/-12/-12 -13/-13/-13 
f -51/-53/-12 -52/-54/-11 -11/-11/-11 -12/-12/-12 
f -52/-54/-11 -49/-51/-10 -10/-10/-10 -11/-11/-11 
f -49/-51/-10 -50/-52/-9 -9/-9/-9 -10/-10/-10 
f -50/-52/-9 -47/-49/-8 -8/-8/-8 -9/-9/-9 
f -47/-49/-8 -48/-50/-7 -7/-7/-7 -8/-8/-8 
f -48/-50/-7 -45/-47/-6 -6/-6/-6 -7/-7/-7 
f -45/-47/-6 -46/-48/-5 -5/-5/-5 -6/-6/-6 
f -46/-48/-5 -43/-45/-4 -4/-4/-4 -5/-5/-5 
f -43/-45/-4 -44/-46/-3 -3/-3/-3 -4/-4/-4 
f -44/-46/-3 -42/-44/-2 -2/-2/-2 -3/-3/-3 
f -42/-44/-2 -79/-82/-41 -40/-42/-41 -2/-2/-2 
s 1
f -1/-1/-1 -2/-2/-1 -40/-42/-1 -41/-43/-1 
f -1/-1/-1 -41/-43/-1 -39/-41/-1 -38/-40/-1 
f -1/-1/-1 -38/-40/-1 -37/-39/-1 -36/-38/-1 
f -1/-1/-1 -36/-38/-1 -35/-37/-1 -34/-36/-1 
f -1/-1/-1 -34/-36/-1 -33/-35/-1 -32/-34/-1 
f -1/-1/-1 -32/-31/-1 -31/-32/-1 -30/-30/-1 
f -1/-1/-1 -30/-30/-1 -29/-29/-1 -28/-28/-1 
f -1/-1/-1 -28/-28/-1 -27/-27/-1 -26/-26/-1 
f -1/-1/-1 -26/-26/-1 -25/-25/-1 -24/-24/-1 
f -1/-1/-1 -24/-24/-1 -23/-23/-1 -22/-22/-1 
f -1/-1/-1 -22/-22/-1 -21/-21/-1 -20/-20/-1 
f -1/-1/-1 -20/-20/-1 -19/-19/-1 -18/-18/-1 
f -1/-1/-1 -18/-18/-1 -17/-17/-1 -16/-16/-1 
f -1/-1/-1 -16/-16/-1 -15/-15/-1 -14/-14/-1 
f -1/-1/-1 -14/-14/-1 -13/-13/-1 -12/-12/-1 
f -1/-1/-1 -12/-12/-1 -11/-11/-1 -10/-10/-1 
f -1/-1/-1 -10/-10/-1 -9/-9/-1 -8/-8/-1 
f -1/-1/-1 -8/-8/-1 -7/-7/-1 -6/-6/-1 
f -1/-1/-1 -6/-6/-1 -5/-5/-1 -4/-4/-1 
f -1/-1/-1 -4/-4/-1 -3/-3/-1 -2/-2/-1 
# 80 polygons

#
# object Cylinder051
#

v  -682496.8750 419999.7813 -5663.3750
v  -614728.3125 419999.7813 -27682.7129
v  -612118.0625 419999.7813 -16810.2813
v  -611240.8125 419999.7813 -5663.3750
v  -624849.5000 419999.7813 -47546.6406
v  -619007.2500 419999.7813 -38012.9531
v  -640613.6250 419999.7813 -63310.7461
v  -632111.2500 419999.7813 -56049.0234
v  -660477.5625 419999.7813 -73431.9297
v  -650147.3125 419999.7813 -69153.0000
v  -682496.8750 419999.7813 -76919.4453
v  -671350.0000 419999.7813 -76042.1641
v  -704516.2500 419999.7813 -73431.9141
v  -693643.8125 419999.7813 -76042.1641
v  -724380.1875 419999.7813 -63310.7305
v  -714846.5000 419999.7813 -69152.9844
v  -740144.2500 419999.7813 -47546.6133
v  -732882.5625 419999.7813 -56049.0039
v  -750265.4375 419999.7813 -27682.6660
v  -745986.5000 419999.7813 -38012.9141
v  -753752.9375 419999.7813 -5663.3179
v  -752875.6875 419999.7813 -16810.2285
v  -750265.3750 419999.7813 16356.0254
v  -752875.6250 419999.7813 5483.5918
v  -740144.1875 419999.7813 36219.9570
v  -745986.5000 419999.7813 26686.2676
v  -724380.0625 419999.7813 51984.0508
v  -732882.5000 419999.7813 44722.3320
v  -704516.1250 419999.7813 62105.2031
v  -714846.3750 419999.7813 57826.2891
v  -682496.7500 419999.7813 65592.6953
v  -693643.6875 419999.7813 64715.4297
v  -660477.4375 419999.7813 62105.1406
v  -671349.8750 419999.7813 64715.3984
v  -640613.5000 419999.7813 51983.9219
v  -650147.1875 419999.7813 57826.1953
v  -624849.4375 419999.7813 36219.7852
v  -632111.1250 419999.7813 44722.1836
v  -614728.2500 419999.7813 16355.8281
v  -619007.1875 419999.7813 26686.0840
v  -612118.0625 419999.7813 5483.3877
v  -612118.0625 439805.8438 -16810.2813
v  -611240.8125 439805.8438 -5663.3750
v  -614728.3125 439805.8438 -27682.7129
v  -619007.2500 439805.8438 -38012.9531
v  -624849.5000 439805.8438 -47546.6406
v  -632111.2500 439805.8438 -56049.0234
v  -640613.6250 439805.8438 -63310.7461
v  -650147.3125 439805.8438 -69153.0000
v  -660477.5625 439805.8438 -73431.9297
v  -671350.0000 439805.8438 -76042.1641
v  -682496.8750 439805.8438 -76919.4453
v  -693643.8125 439805.8438 -76042.1641
v  -704516.2500 439805.8438 -73431.9141
v  -714846.5000 439805.8438 -69152.9844
v  -724380.1875 439805.8438 -63310.7305
v  -732882.5625 439805.8438 -56049.0039
v  -740144.2500 439805.8438 -47546.6133
v  -745986.5000 439805.8438 -38012.9141
v  -750265.4375 439805.8438 -27682.6660
v  -752875.6875 439805.8438 -16810.2285
v  -753752.9375 439805.8438 -5663.3179
v  -752875.6250 439805.8438 5483.5918
v  -750265.3750 439805.8438 16356.0254
v  -745986.5000 439805.8438 26686.2676
v  -740144.1875 439805.8438 36219.9570
v  -732882.5000 439805.8438 44722.3320
v  -724380.0625 439805.8438 51984.0508
v  -714846.3750 439805.8438 57826.2891
v  -704516.1250 439805.8438 62105.2031
v  -693643.6875 439805.8438 64715.4297
v  -682496.7500 439805.8438 65592.6953
v  -671349.8750 439805.8438 64715.3984
v  -660477.4375 439805.8438 62105.1406
v  -650147.1875 439805.8438 57826.1953
v  -640613.5000 439805.8438 51983.9219
v  -632111.1250 439805.8438 44722.1836
v  -624849.4375 439805.8438 36219.7852
v  -619007.1875 439805.8438 26686.0840
v  -614728.2500 439805.8438 16355.8281
v  -612118.0625 439805.8438 5483.3877
v  -682496.8750 439805.8438 -5663.3750
# 82 vertices

vn 0.0000 -1.0000 -0.0000
vn 1.0000 0.0000 -0.0000
vn 0.9877 0.0000 -0.1564
vn 0.9511 0.0000 -0.3090
vn 0.8910 0.0000 -0.4540
vn 0.8090 0.0000 -0.5878
vn 0.7071 0.0000 -0.7071
vn 0.5878 0.0000 -0.8090
vn 0.4540 0.0000 -0.8910
vn 0.3090 0.0000 -0.9511
vn 0.1564 0.0000 -0.9877
vn -0.0000 0.0000 -1.0000
vn -0.1564 0.0000 -0.9877
vn -0.3090 0.0000 -0.9511
vn -0.4540 0.0000 -0.8910
vn -0.5878 0.0000 -0.8090
vn -0.7071 0.0000 -0.7071
vn -0.8090 0.0000 -0.5878
vn -0.8910 0.0000 -0.4540
vn -0.9511 0.0000 -0.3090
vn -0.9877 0.0000 -0.1564
vn -1.0000 0.0000 0.0000
vn -0.9877 0.0000 0.1564
vn -0.9511 0.0000 0.3090
vn -0.8910 0.0000 0.4540
vn -0.8090 0.0000 0.5878
vn -0.7071 0.0000 0.7071
vn -0.5878 0.0000 0.8090
vn -0.4540 0.0000 0.8910
vn -0.3090 0.0000 0.9511
vn -0.1564 0.0000 0.9877
vn 0.0000 0.0000 1.0000
vn 0.1564 0.0000 0.9877
vn 0.3090 0.0000 0.9511
vn 0.4540 0.0000 0.8910
vn 0.5878 0.0000 0.8090
vn 0.7071 0.0000 0.7071
vn 0.8090 0.0000 0.5878
vn 0.8910 0.0000 0.4540
vn 0.9511 0.0000 0.3090
vn 0.9877 0.0000 0.1564
vn 0.0000 1.0000 -0.0000
# 42 vertex normals

vt 0.5000 0.0000 0.0000
vt 0.8000 0.0000 1.0000
vt 0.7750 0.0000 1.0000
vt 0.7500 0.0000 1.0000
vt 0.8500 0.0000 1.0000
vt 0.8250 0.0000 1.0000
vt 0.9000 0.0000 1.0000
vt 0.8750 0.0000 1.0000
vt 0.9500 0.0000 1.0000
vt 0.9250 0.0000 1.0000
vt 0.0000 0.0000 1.0000
vt -0.0250 0.0000 1.0000
vt -0.0371 0.0000 0.9754
vt 0.0500 0.0000 1.0000
vt 0.0250 0.0000 1.0000
vt 0.1000 0.0000 1.0000
vt 0.0750 0.0000 1.0000
vt 0.1500 0.0000 1.0000
vt 0.1250 0.0000 1.0000
vt 0.2000 0.0000 1.0000
vt 0.1750 0.0000 1.0000
vt 0.2500 0.0000 1.0000
vt 0.2250 0.0000 1.0000
vt 0.3000 0.0000 1.0000
vt 0.2750 0.0000 1.0000
vt 0.3500 0.0000 1.0000
vt 0.3250 0.0000 1.0000
vt 0.4000 0.0000 1.0000
vt 0.3750 0.0000 1.0000
vt 0.4500 0.0000 1.0000
vt 0.4250 0.0000 1.0000
vt 0.5000 0.0000 1.0000
vt 0.4750 0.0000 1.0000
vt 0.5500 0.0000 1.0000
vt 0.5250 0.0000 1.0000
vt 0.6000 0.0000 1.0000
vt 0.5750 0.0000 1.0000
vt 0.6500 0.0000 1.0000
vt 0.6250 0.0000 1.0000
vt 0.7000 0.0000 1.0000
vt 0.6750 0.0000 1.0000
vt 0.7250 0.0000 1.0000
vt 0.7750 1.0000 1.0000
vt 0.7500 1.0000 1.0000
vt 0.8000 1.0000 1.0000
vt 0.8250 1.0000 1.0000
vt 0.8500 1.0000 1.0000
vt 0.8750 1.0000 1.0000
vt 0.9000 1.0000 1.0000
vt 0.9250 1.0000 1.0000
vt 0.9500 1.0000 1.0000
vt 0.9750 0.0000 1.0000
vt 0.9750 1.0000 1.0000
vt 0.0000 1.0000 1.0000
vt -0.0250 1.0000 1.0000
vt 0.0250 1.0000 1.0000
vt 0.0500 1.0000 1.0000
vt 0.0750 1.0000 1.0000
vt 0.1000 1.0000 1.0000
vt 0.1250 1.0000 1.0000
vt 0.1500 1.0000 1.0000
vt 0.1750 1.0000 1.0000
vt 0.2000 1.0000 1.0000
vt 0.2250 1.0000 1.0000
vt 0.2500 1.0000 1.0000
vt 0.2750 1.0000 1.0000
vt 0.3000 1.0000 1.0000
vt 0.3250 1.0000 1.0000
vt 0.3500 1.0000 1.0000
vt 0.3750 1.0000 1.0000
vt 0.4000 1.0000 1.0000
vt 0.4250 1.0000 1.0000
vt 0.4500 1.0000 1.0000
vt 0.4750 1.0000 1.0000
vt 0.5000 1.0000 1.0000
vt 0.5250 1.0000 1.0000
vt 0.5500 1.0000 1.0000
vt 0.5750 1.0000 1.0000
vt 0.6000 1.0000 1.0000
vt 0.6250 1.0000 1.0000
vt 0.6500 1.0000 1.0000
vt 0.6750 1.0000 1.0000
vt 0.7000 1.0000 1.0000
vt 0.7250 1.0000 1.0000
vt 0.5000 1.0000 0.0000
# 85 texture coords

g Cylinder051
usemtl 02___Default
s 1
f -82/-85/-42 -81/-84/-42 -80/-83/-42 -79/-82/-42 
f -82/-85/-42 -78/-81/-42 -77/-80/-42 -81/-84/-42 
f -82/-85/-42 -76/-79/-42 -75/-78/-42 -78/-81/-42 
f -82/-85/-42 -74/-77/-42 -73/-76/-42 -76/-79/-42 
f -82/-85/-42 -72/-75/-42 -71/-74/-42 -74/-73/-42 
f -82/-85/-42 -70/-72/-42 -69/-71/-42 -72/-75/-42 
f -82/-85/-42 -68/-70/-42 -67/-69/-42 -70/-72/-42 
f -82/-85/-42 -66/-68/-42 -65/-67/-42 -68/-70/-42 
f -82/-85/-42 -64/-66/-42 -63/-65/-42 -66/-68/-42 
f -82/-85/-42 -62/-64/-42 -61/-63/-42 -64/-66/-42 
f -82/-85/-42 -60/-62/-42 -59/-61/-42 -62/-64/-42 
f -82/-85/-42 -58/-60/-42 -57/-59/-42 -60/-62/-42 
f -82/-85/-42 -56/-58/-42 -55/-57/-42 -58/-60/-42 
f -82/-85/-42 -54/-56/-42 -53/-55/-42 -56/-58/-42 
f -82/-85/-42 -52/-54/-42 -51/-53/-42 -54/-56/-42 
f -82/-85/-42 -50/-52/-42 -49/-51/-42 -52/-54/-42 
f -82/-85/-42 -48/-50/-42 -47/-49/-42 -50/-52/-42 
f -82/-85/-42 -46/-48/-42 -45/-47/-42 -48/-50/-42 
f -82/-85/-42 -44/-46/-42 -43/-45/-42 -46/-48/-42 
f -82/-85/-42 -79/-82/-42 -42/-44/-42 -44/-46/-42 
s 8
f -79/-82/-41 -80/-83/-40 -41/-43/-40 -40/-42/-41 
f -80/-83/-40 -81/-84/-39 -39/-41/-39 -41/-43/-40 
f -81/-84/-39 -77/-80/-38 -38/-40/-38 -39/-41/-39 
f -77/-80/-38 -78/-81/-37 -37/-39/-37 -38/-40/-38 
f -78/-81/-37 -75/-78/-36 -36/-38/-36 -37/-39/-37 
f -75/-78/-36 -76/-79/-35 -35/-37/-35 -36/-38/-36 
f -76/-79/-35 -73/-76/-34 -34/-36/-34 -35/-37/-35 
f -73/-76/-34 -74/-77/-33 -33/-35/-33 -34/-36/-34 
f -74/-77/-33 -71/-34/-32 -32/-33/-32 -33/-35/-33 
f -71/-74/-32 -72/-75/-31 -31/-32/-31 -32/-31/-32 
f -72/-75/-31 -69/-71/-30 -30/-30/-30 -31/-32/-31 
f -69/-71/-30 -70/-72/-29 -29/-29/-29 -30/-30/-30 
f -70/-72/-29 -67/-69/-28 -28/-28/-28 -29/-29/-29 
f -67/-69/-28 -68/-70/-27 -27/-27/-27 -28/-28/-28 
f -68/-70/-27 -65/-67/-26 -26/-26/-26 -27/-27/-27 
f -65/-67/-26 -66/-68/-25 -25/-25/-25 -26/-26/-26 
f -66/-68/-25 -63/-65/-24 -24/-24/-24 -25/-25/-25 
f -63/-65/-24 -64/-66/-23 -23/-23/-23 -24/-24/-24 
f -64/-66/-23 -61/-63/-22 -22/-22/-22 -23/-23/-23 
f -61/-63/-22 -62/-64/-21 -21/-21/-21 -22/-22/-22 
f -62/-64/-21 -59/-61/-20 -20/-20/-20 -21/-21/-21 
f -59/-61/-20 -60/-62/-19 -19/-19/-19 -20/-20/-20 
f -60/-62/-19 -57/-59/-18 -18/-18/-18 -19/-19/-19 
f -57/-59/-18 -58/-60/-17 -17/-17/-17 -18/-18/-18 
f -58/-60/-17 -55/-57/-16 -16/-16/-16 -17/-17/-17 
f -55/-57/-16 -56/-58/-15 -15/-15/-15 -16/-16/-16 
f -56/-58/-15 -53/-55/-14 -14/-14/-14 -15/-15/-15 
f -53/-55/-14 -54/-56/-13 -13/-13/-13 -14/-14/-14 
f -54/-56/-13 -51/-53/-12 -12/-12/-12 -13/-13/-13 
f -51/-53/-12 -52/-54/-11 -11/-11/-11 -12/-12/-12 
f -52/-54/-11 -49/-51/-10 -10/-10/-10 -11/-11/-11 
f -49/-51/-10 -50/-52/-9 -9/-9/-9 -10/-10/-10 
f -50/-52/-9 -47/-49/-8 -8/-8/-8 -9/-9/-9 
f -47/-49/-8 -48/-50/-7 -7/-7/-7 -8/-8/-8 
f -48/-50/-7 -45/-47/-6 -6/-6/-6 -7/-7/-7 
f -45/-47/-6 -46/-48/-5 -5/-5/-5 -6/-6/-6 
f -46/-48/-5 -43/-45/-4 -4/-4/-4 -5/-5/-5 
f -43/-45/-4 -44/-46/-3 -3/-3/-3 -4/-4/-4 
f -44/-46/-3 -42/-44/-2 -2/-2/-2 -3/-3/-3 
f -42/-44/-2 -79/-82/-41 -40/-42/-41 -2/-2/-2 
s 1
f -1/-1/-1 -2/-2/-1 -40/-42/-1 -41/-43/-1 
f -1/-1/-1 -41/-43/-1 -39/-41/-1 -38/-40/-1 
f -1/-1/-1 -38/-40/-1 -37/-39/-1 -36/-38/-1 
f -1/-1/-1 -36/-38/-1 -35/-37/-1 -34/-36/-1 
f -1/-1/-1 -34/-36/-1 -33/-35/-1 -32/-33/-1 
f -1/-1/-1 -32/-31/-1 -31/-32/-1 -30/-30/-1 
f -1/-1/-1 -30/-30/-1 -29/-29/-1 -28/-28/-1 
f -1/-1/-1 -28/-28/-1 -27/-27/-1 -26/-26/-1 
f -1/-1/-1 -26/-26/-1 -25/-25/-1 -24/-24/-1 
f -1/-1/-1 -24/-24/-1 -23/-23/-1 -22/-22/-1 
f -1/-1/-1 -22/-22/-1 -21/-21/-1 -20/-20/-1 
f -1/-1/-1 -20/-20/-1 -19/-19/-1 -18/-18/-1 
f -1/-1/-1 -18/-18/-1 -17/-17/-1 -16/-16/-1 
f -1/-1/-1 -16/-16/-1 -15/-15/-1 -14/-14/-1 
f -1/-1/-1 -14/-14/-1 -13/-13/-1 -12/-12/-1 
f -1/-1/-1 -12/-12/-1 -11/-11/-1 -10/-10/-1 
f -1/-1/-1 -10/-10/-1 -9/-9/-1 -8/-8/-1 
f -1/-1/-1 -8/-8/-1 -7/-7/-1 -6/-6/-1 
f -1/-1/-1 -6/-6/-1 -5/-5/-1 -4/-4/-1 
f -1/-1/-1 -4/-4/-1 -3/-3/-1 -2/-2/-1 
# 80 polygons

#
# object Cylinder052
#

v  -409170.3125 419999.7813 -93697.2500
v  -341401.7500 419999.7813 -115716.5859
v  -338791.5313 419999.7813 -104844.1563
v  -337914.2500 419999.7813 -93697.2500
v  -351522.9375 419999.7813 -135580.5156
v  -345680.6875 419999.7813 -126046.8281
v  -367287.0625 419999.7813 -151344.6250
v  -358784.6563 419999.7813 -144082.9063
v  -387150.9688 419999.7813 -161465.8125
v  -376820.7188 419999.7813 -157186.8750
v  -409170.3125 419999.7813 -164953.3125
v  -398023.4063 419999.7813 -164076.0313
v  -431189.6563 419999.7813 -161465.7813
v  -420317.2188 419999.7813 -164076.0313
v  -451053.5938 419999.7813 -151344.6094
v  -441519.9063 419999.7813 -157186.8594
v  -466817.7188 419999.7813 -135580.4844
v  -459556.0000 419999.7813 -144082.8750
v  -476938.8750 419999.7813 -115716.5391
v  -472659.9688 419999.7813 -126046.7891
v  -480426.3750 419999.7813 -93697.1953
v  -479549.1250 419999.7813 -104844.1016
v  -476938.8438 419999.7813 -71677.8516
v  -479549.0938 419999.7813 -82550.2813
v  -466817.6250 419999.7813 -51813.9180
v  -472659.9063 419999.7813 -61347.6094
v  -451053.5000 419999.7813 -36049.8242
v  -459555.9063 419999.7813 -43311.5430
v  -431189.5625 419999.7813 -25928.6719
v  -441519.8125 419999.7813 -30207.5859
v  -409170.2188 419999.7813 -22441.1797
v  -420317.1250 419999.7813 -23318.4453
v  -387150.8750 419999.7813 -25928.7344
v  -398023.3125 419999.7813 -23318.4766
v  -367286.9375 419999.7813 -36049.9531
v  -376820.6250 419999.7813 -30207.6797
v  -351522.8750 419999.7813 -51814.0898
v  -358784.5625 419999.7813 -43311.6914
v  -341401.7188 419999.7813 -71678.0469
v  -345680.6250 419999.7813 -61347.7891
v  -338791.5000 419999.7813 -82550.4844
v  -338791.5313 439805.8438 -104844.1563
v  -337914.2500 439805.8438 -93697.2500
v  -341401.7500 439805.8438 -115716.5859
v  -345680.6875 439805.8438 -126046.8281
v  -351522.9375 439805.8438 -135580.5156
v  -358784.6563 439805.8438 -144082.9063
v  -367287.0625 439805.8438 -151344.6250
v  -376820.7188 439805.8438 -157186.8750
v  -387150.9688 439805.8438 -161465.8125
v  -398023.4063 439805.8438 -164076.0313
v  -409170.3125 439805.8438 -164953.3125
v  -420317.2188 439805.8438 -164076.0313
v  -431189.6563 439805.8438 -161465.7813
v  -441519.9063 439805.8438 -157186.8594
v  -451053.5938 439805.8438 -151344.6094
v  -459556.0000 439805.8438 -144082.8750
v  -466817.7188 439805.8438 -135580.4844
v  -472659.9688 439805.8438 -126046.7891
v  -476938.8750 439805.8438 -115716.5391
v  -479549.1250 439805.8438 -104844.1016
v  -480426.3750 439805.8438 -93697.1953
v  -479549.0938 439805.8438 -82550.2813
v  -476938.8438 439805.8438 -71677.8516
v  -472659.9063 439805.8438 -61347.6094
v  -466817.6250 439805.8438 -51813.9180
v  -459555.9063 439805.8438 -43311.5430
v  -451053.5000 439805.8438 -36049.8242
v  -441519.8125 439805.8438 -30207.5859
v  -431189.5625 439805.8438 -25928.6719
v  -420317.1250 439805.8438 -23318.4453
v  -409170.2188 439805.8438 -22441.1797
v  -398023.3125 439805.8438 -23318.4766
v  -387150.8750 439805.8438 -25928.7344
v  -376820.6250 439805.8438 -30207.6797
v  -367286.9375 439805.8438 -36049.9531
v  -358784.5625 439805.8438 -43311.6914
v  -351522.8750 439805.8438 -51814.0898
v  -345680.6250 439805.8438 -61347.7891
v  -341401.7188 439805.8438 -71678.0469
v  -338791.5000 439805.8438 -82550.4844
v  -409170.3125 439805.8438 -93697.2500
# 82 vertices

vn 0.0000 -1.0000 -0.0000
vn 1.0000 0.0000 -0.0000
vn 0.9877 0.0000 -0.1564
vn 0.9511 0.0000 -0.3090
vn 0.8910 0.0000 -0.4540
vn 0.8090 0.0000 -0.5878
vn 0.7071 0.0000 -0.7071
vn 0.5878 0.0000 -0.8090
vn 0.4540 0.0000 -0.8910
vn 0.3090 0.0000 -0.9511
vn 0.1564 0.0000 -0.9877
vn -0.0000 0.0000 -1.0000
vn -0.1564 0.0000 -0.9877
vn -0.3090 0.0000 -0.9511
vn -0.4540 0.0000 -0.8910
vn -0.5878 0.0000 -0.8090
vn -0.7071 0.0000 -0.7071
vn -0.8090 0.0000 -0.5878
vn -0.8910 0.0000 -0.4540
vn -0.9511 0.0000 -0.3090
vn -0.9877 0.0000 -0.1564
vn -1.0000 0.0000 0.0000
vn -0.9877 0.0000 0.1564
vn -0.9511 0.0000 0.3090
vn -0.8910 0.0000 0.4540
vn -0.8090 0.0000 0.5878
vn -0.7071 0.0000 0.7071
vn -0.5878 0.0000 0.8090
vn -0.4540 0.0000 0.8910
vn -0.3090 0.0000 0.9511
vn -0.1564 0.0000 0.9877
vn 0.0000 0.0000 1.0000
vn 0.1564 0.0000 0.9877
vn 0.3090 0.0000 0.9511
vn 0.4540 0.0000 0.8910
vn 0.5878 0.0000 0.8090
vn 0.7071 0.0000 0.7071
vn 0.8090 0.0000 0.5878
vn 0.8910 0.0000 0.4540
vn 0.9511 0.0000 0.3090
vn 0.9877 0.0000 0.1564
vn 0.0000 1.0000 -0.0000
# 42 vertex normals

vt 0.5000 0.0000 0.0000
vt 0.8000 0.0000 1.0000
vt 0.7750 0.0000 1.0000
vt 0.7500 0.0000 1.0000
vt 0.8500 0.0000 1.0000
vt 0.8250 0.0000 1.0000
vt 0.9000 0.0000 1.0000
vt 0.8750 0.0000 1.0000
vt 0.9500 0.0000 1.0000
vt 0.9250 0.0000 1.0000
vt 0.0000 0.0000 1.0000
vt -0.0250 0.0000 1.0000
vt -0.0371 0.0000 0.9754
vt 0.0500 0.0000 1.0000
vt 0.0250 0.0000 1.0000
vt 0.1000 0.0000 1.0000
vt 0.0750 0.0000 1.0000
vt 0.1500 0.0000 1.0000
vt 0.1250 0.0000 1.0000
vt 0.2000 0.0000 1.0000
vt 0.1750 0.0000 1.0000
vt 0.2500 0.0000 1.0000
vt 0.2250 0.0000 1.0000
vt 0.3000 0.0000 1.0000
vt 0.2750 0.0000 1.0000
vt 0.3500 0.0000 1.0000
vt 0.3250 0.0000 1.0000
vt 0.4000 0.0000 1.0000
vt 0.3750 0.0000 1.0000
vt 0.4500 0.0000 1.0000
vt 0.4250 0.0000 1.0000
vt 0.5000 0.0000 1.0000
vt 0.4750 0.0000 1.0000
vt 0.5500 0.0000 1.0000
vt 0.5250 0.0000 1.0000
vt 0.6000 0.0000 1.0000
vt 0.5750 0.0000 1.0000
vt 0.6500 0.0000 1.0000
vt 0.6250 0.0000 1.0000
vt 0.7000 0.0000 1.0000
vt 0.6750 0.0000 1.0000
vt 0.7250 0.0000 1.0000
vt 0.7750 1.0000 1.0000
vt 0.7500 1.0000 1.0000
vt 0.8000 1.0000 1.0000
vt 0.8250 1.0000 1.0000
vt 0.8500 1.0000 1.0000
vt 0.8750 1.0000 1.0000
vt 0.9000 1.0000 1.0000
vt 0.9250 1.0000 1.0000
vt 0.9500 1.0000 1.0000
vt 0.9750 0.0000 1.0000
vt 0.9750 1.0000 1.0000
vt 0.0000 1.0000 1.0000
vt -0.0250 1.0000 1.0000
vt 0.0250 1.0000 1.0000
vt 0.0500 1.0000 1.0000
vt 0.0750 1.0000 1.0000
vt 0.1000 1.0000 1.0000
vt 0.1250 1.0000 1.0000
vt 0.1500 1.0000 1.0000
vt 0.1750 1.0000 1.0000
vt 0.2000 1.0000 1.0000
vt 0.2250 1.0000 1.0000
vt 0.2500 1.0000 1.0000
vt 0.2750 1.0000 1.0000
vt 0.3000 1.0000 1.0000
vt 0.3250 1.0000 1.0000
vt 0.3500 1.0000 1.0000
vt 0.3750 1.0000 1.0000
vt 0.4000 1.0000 1.0000
vt 0.4250 1.0000 1.0000
vt 0.4500 1.0000 1.0000
vt 0.4750 1.0000 1.0000
vt 0.5000 1.0000 1.0000
vt 0.5250 1.0000 1.0000
vt 0.5500 1.0000 1.0000
vt 0.5750 1.0000 1.0000
vt 0.6000 1.0000 1.0000
vt 0.6250 1.0000 1.0000
vt 0.6500 1.0000 1.0000
vt 0.6750 1.0000 1.0000
vt 0.7000 1.0000 1.0000
vt 0.7250 1.0000 1.0000
vt 0.5000 1.0000 0.0000
# 85 texture coords

g Cylinder052
usemtl 02___Default
s 1
f -82/-85/-42 -81/-84/-42 -80/-83/-42 -79/-82/-42 
f -82/-85/-42 -78/-81/-42 -77/-80/-42 -81/-84/-42 
f -82/-85/-42 -76/-79/-42 -75/-78/-42 -78/-81/-42 
f -82/-85/-42 -74/-77/-42 -73/-76/-42 -76/-79/-42 
f -82/-85/-42 -72/-75/-42 -71/-74/-42 -74/-73/-42 
f -82/-85/-42 -70/-72/-42 -69/-71/-42 -72/-75/-42 
f -82/-85/-42 -68/-70/-42 -67/-69/-42 -70/-72/-42 
f -82/-85/-42 -66/-68/-42 -65/-67/-42 -68/-70/-42 
f -82/-85/-42 -64/-66/-42 -63/-65/-42 -66/-68/-42 
f -82/-85/-42 -62/-64/-42 -61/-63/-42 -64/-66/-42 
f -82/-85/-42 -60/-62/-42 -59/-61/-42 -62/-64/-42 
f -82/-85/-42 -58/-60/-42 -57/-59/-42 -60/-62/-42 
f -82/-85/-42 -56/-58/-42 -55/-57/-42 -58/-60/-42 
f -82/-85/-42 -54/-56/-42 -53/-55/-42 -56/-58/-42 
f -82/-85/-42 -52/-54/-42 -51/-53/-42 -54/-56/-42 
f -82/-85/-42 -50/-52/-42 -49/-51/-42 -52/-54/-42 
f -82/-85/-42 -48/-50/-42 -47/-49/-42 -50/-52/-42 
f -82/-85/-42 -46/-48/-42 -45/-47/-42 -48/-50/-42 
f -82/-85/-42 -44/-46/-42 -43/-45/-42 -46/-48/-42 
f -82/-85/-42 -79/-82/-42 -42/-44/-42 -44/-46/-42 
s 8
f -79/-82/-41 -80/-83/-40 -41/-43/-40 -40/-42/-41 
f -80/-83/-40 -81/-84/-39 -39/-41/-39 -41/-43/-40 
f -81/-84/-39 -77/-80/-38 -38/-40/-38 -39/-41/-39 
f -77/-80/-38 -78/-81/-37 -37/-39/-37 -38/-40/-38 
f -78/-81/-37 -75/-78/-36 -36/-38/-36 -37/-39/-37 
f -75/-78/-36 -76/-79/-35 -35/-37/-35 -36/-38/-36 
f -76/-79/-35 -73/-76/-34 -34/-36/-34 -35/-37/-35 
f -73/-76/-34 -74/-77/-33 -33/-35/-33 -34/-36/-34 
f -74/-77/-33 -71/-34/-32 -32/-33/-32 -33/-35/-33 
f -71/-74/-32 -72/-75/-31 -31/-32/-31 -32/-31/-32 
f -72/-75/-31 -69/-71/-30 -30/-30/-30 -31/-32/-31 
f -69/-71/-30 -70/-72/-29 -29/-29/-29 -30/-30/-30 
f -70/-72/-29 -67/-69/-28 -28/-28/-28 -29/-29/-29 
f -67/-69/-28 -68/-70/-27 -27/-27/-27 -28/-28/-28 
f -68/-70/-27 -65/-67/-26 -26/-26/-26 -27/-27/-27 
f -65/-67/-26 -66/-68/-25 -25/-25/-25 -26/-26/-26 
f -66/-68/-25 -63/-65/-24 -24/-24/-24 -25/-25/-25 
f -63/-65/-24 -64/-66/-23 -23/-23/-23 -24/-24/-24 
f -64/-66/-23 -61/-63/-22 -22/-22/-22 -23/-23/-23 
f -61/-63/-22 -62/-64/-21 -21/-21/-21 -22/-22/-22 
f -62/-64/-21 -59/-61/-20 -20/-20/-20 -21/-21/-21 
f -59/-61/-20 -60/-62/-19 -19/-19/-19 -20/-20/-20 
f -60/-62/-19 -57/-59/-18 -18/-18/-18 -19/-19/-19 
f -57/-59/-18 -58/-60/-17 -17/-17/-17 -18/-18/-18 
f -58/-60/-17 -55/-57/-16 -16/-16/-16 -17/-17/-17 
f -55/-57/-16 -56/-58/-15 -15/-15/-15 -16/-16/-16 
f -56/-58/-15 -53/-55/-14 -14/-14/-14 -15/-15/-15 
f -53/-55/-14 -54/-56/-13 -13/-13/-13 -14/-14/-14 
f -54/-56/-13 -51/-53/-12 -12/-12/-12 -13/-13/-13 
f -51/-53/-12 -52/-54/-11 -11/-11/-11 -12/-12/-12 
f -52/-54/-11 -49/-51/-10 -10/-10/-10 -11/-11/-11 
f -49/-51/-10 -50/-52/-9 -9/-9/-9 -10/-10/-10 
f -50/-52/-9 -47/-49/-8 -8/-8/-8 -9/-9/-9 
f -47/-49/-8 -48/-50/-7 -7/-7/-7 -8/-8/-8 
f -48/-50/-7 -45/-47/-6 -6/-6/-6 -7/-7/-7 
f -45/-47/-6 -46/-48/-5 -5/-5/-5 -6/-6/-6 
f -46/-48/-5 -43/-45/-4 -4/-4/-4 -5/-5/-5 
f -43/-45/-4 -44/-46/-3 -3/-3/-3 -4/-4/-4 
f -44/-46/-3 -42/-44/-2 -2/-2/-2 -3/-3/-3 
f -42/-44/-2 -79/-82/-41 -40/-42/-41 -2/-2/-2 
s 1
f -1/-1/-1 -2/-2/-1 -40/-42/-1 -41/-43/-1 
f -1/-1/-1 -41/-43/-1 -39/-41/-1 -38/-40/-1 
f -1/-1/-1 -38/-40/-1 -37/-39/-1 -36/-38/-1 
f -1/-1/-1 -36/-38/-1 -35/-37/-1 -34/-36/-1 
f -1/-1/-1 -34/-36/-1 -33/-35/-1 -32/-33/-1 
f -1/-1/-1 -32/-31/-1 -31/-32/-1 -30/-30/-1 
f -1/-1/-1 -30/-30/-1 -29/-29/-1 -28/-28/-1 
f -1/-1/-1 -28/-28/-1 -27/-27/-1 -26/-26/-1 
f -1/-1/-1 -26/-26/-1 -25/-25/-1 -24/-24/-1 
f -1/-1/-1 -24/-24/-1 -23/-23/-1 -22/-22/-1 
f -1/-1/-1 -22/-22/-1 -21/-21/-1 -20/-20/-1 
f -1/-1/-1 -20/-20/-1 -19/-19/-1 -18/-18/-1 
f -1/-1/-1 -18/-18/-1 -17/-17/-1 -16/-16/-1 
f -1/-1/-1 -16/-16/-1 -15/-15/-1 -14/-14/-1 
f -1/-1/-1 -14/-14/-1 -13/-13/-1 -12/-12/-1 
f -1/-1/-1 -12/-12/-1 -11/-11/-1 -10/-10/-1 
f -1/-1/-1 -10/-10/-1 -9/-9/-1 -8/-8/-1 
f -1/-1/-1 -8/-8/-1 -7/-7/-1 -6/-6/-1 
f -1/-1/-1 -6/-6/-1 -5/-5/-1 -4/-4/-1 
f -1/-1/-1 -4/-4/-1 -3/-3/-1 -2/-2/-1 
# 80 polygons

#
# object Cylinder053
#

v  -789444.4375 494859.6250 334841.5000
v  -785282.0000 500653.0938 352179.3438
v  -785121.6250 497792.4688 352847.1563
v  -785067.7500 494859.6250 353071.5938
v  -785903.6250 505879.4688 349589.9375
v  -785544.8125 503371.0625 351084.6250
v  -786871.8750 510027.1563 345556.8750
v  -786349.6875 508116.5313 347732.1250
v  -788092.0000 512690.1250 340474.9063
v  -787457.5000 511564.2813 343117.7813
v  -789444.4375 513607.7188 334841.5000
v  -788759.7500 513376.9063 337693.3125
v  -790796.9375 512690.1250 329208.0938
v  -790129.1250 513376.9063 331989.6875
v  -792017.0000 510027.1563 324126.1250
v  -791431.4375 511564.2813 326565.1875
v  -792985.2500 505879.4688 320093.0313
v  -792539.1875 508116.5313 321950.8750
v  -793606.8750 500653.0938 317503.6563
v  -793344.0625 503371.0625 318598.3750
v  -793821.1250 494859.6250 316611.4063
v  -793767.2500 497792.4688 316835.8438
v  -793606.8750 489066.1250 317503.6563
v  -793767.2500 491926.7813 316835.8438
v  -792985.2500 483839.7500 320093.0625
v  -793344.0625 486348.1563 318598.3750
v  -792017.0000 479692.0938 324126.1563
v  -792539.1875 481602.7188 321950.9063
v  -790796.8750 477029.1250 329208.1250
v  -791431.3750 478154.9375 326565.2500
v  -789444.4375 476111.5313 334841.5313
v  -790129.0625 476342.3438 331989.7188
v  -788091.9375 477029.1563 340474.9375
v  -788759.7500 476342.3750 337693.3438
v  -786871.8750 479692.1250 345556.9063
v  -787457.4375 478154.9688 343117.8125
v  -785903.6250 483839.8125 349589.9688
v  -786349.6875 481602.7500 347732.1563
v  -785282.0000 489066.1875 352179.3438
v  -785544.8125 486348.1875 351084.6563
v  -785121.6250 491926.8125 352847.1563
v  -791932.2500 497792.4688 354482.2188
v  -791878.3125 494859.6250 354706.6563
v  -792092.5625 500653.0938 353814.4063
v  -792355.3750 503371.0625 352719.6875
v  -792714.1875 505879.4688 351225.0313
v  -793160.2500 508116.5313 349367.1875
v  -793682.5000 510027.1563 347191.9375
v  -794268.0625 511564.2813 344752.8750
v  -794902.5625 512690.1250 342109.9688
v  -795570.3750 513376.8750 339328.3750
v  -796255.0000 513607.7188 336476.5625
v  -796939.6875 513376.8750 333624.7500
v  -797607.5000 512690.1250 330843.1563
v  -798242.0000 511564.2813 328200.2813
v  -798827.5625 510027.1563 325761.1875
v  -799349.8125 508116.5313 323585.9375
v  -799795.8125 505879.4688 321728.1250
v  -800154.6250 503371.0625 320233.4375
v  -800417.5000 500653.0938 319138.7188
v  -800577.8125 497792.4688 318470.9375
v  -800631.6875 494859.6250 318246.5000
v  -800577.8125 491926.7500 318470.9375
v  -800417.4375 489066.1250 319138.7500
v  -800154.6250 486348.1563 320233.4688
v  -799795.8125 483839.7500 321728.1250
v  -799349.7500 481602.7188 323585.9688
v  -798827.5625 479692.0938 325761.2188
v  -798241.9375 478154.9375 328200.3125
v  -797607.4375 477029.1250 330843.1875
v  -796939.6875 476342.3438 333624.7813
v  -796255.0000 476111.5313 336476.5938
v  -795570.3125 476342.3750 339328.4375
v  -794902.5000 477029.1250 342110.0313
v  -794268.0000 478154.9688 344752.9063
v  -793682.4375 479692.1250 347191.9688
v  -793160.2500 481602.7500 349367.2188
v  -792714.1875 483839.8125 351225.0625
v  -792355.3750 486348.1875 352719.7188
v  -792092.5625 489066.1875 353814.4375
v  -791932.2500 491926.8125 354482.2188
v  -796255.0000 494859.6250 336476.5625
# 82 vertices

vn 0.9724 0.0000 -0.2334
vn 0.2334 0.0000 0.9724
vn 0.2306 0.1564 0.9604
vn 0.2220 0.3090 0.9248
vn 0.2080 0.4540 0.8664
vn 0.1889 0.5878 0.7867
vn 0.1651 0.7071 0.6876
vn 0.1372 0.8090 0.5715
vn 0.1060 0.8910 0.4414
vn 0.0721 0.9511 0.3005
vn 0.0365 0.9877 0.1521
vn -0.0000 1.0000 -0.0000
vn -0.0365 0.9877 -0.1521
vn -0.0721 0.9511 -0.3005
vn -0.1060 0.8910 -0.4414
vn -0.1372 0.8090 -0.5715
vn -0.1651 0.7071 -0.6876
vn -0.1889 0.5878 -0.7867
vn -0.2080 0.4540 -0.8664
vn -0.2220 0.3090 -0.9248
vn -0.2306 0.1564 -0.9604
vn -0.2334 -0.0000 -0.9724
vn -0.2306 -0.1564 -0.9604
vn -0.2220 -0.3090 -0.9248
vn -0.2080 -0.4540 -0.8664
vn -0.1889 -0.5878 -0.7867
vn -0.1651 -0.7071 -0.6876
vn -0.1372 -0.8090 -0.5715
vn -0.1060 -0.8910 -0.4414
vn -0.0721 -0.9511 -0.3005
vn -0.0365 -0.9877 -0.1521
vn 0.0000 -1.0000 0.0000
vn 0.0365 -0.9877 0.1521
vn 0.0721 -0.9511 0.3005
vn 0.1060 -0.8910 0.4414
vn 0.1372 -0.8090 0.5715
vn 0.1651 -0.7071 0.6876
vn 0.1889 -0.5878 0.7867
vn 0.2080 -0.4540 0.8664
vn 0.2220 -0.3090 0.9248
vn 0.2306 -0.1564 0.9604
vn -0.9724 -0.0000 0.2334
# 42 vertex normals

vt 0.5000 0.0000 0.0000
vt 0.8000 0.0000 1.0000
vt 0.7750 0.0000 1.0000
vt 0.7500 0.0000 1.0000
vt 0.8500 0.0000 1.0000
vt 0.8250 0.0000 1.0000
vt 0.9000 0.0000 1.0000
vt 0.8750 0.0000 1.0000
vt 0.9500 0.0000 1.0000
vt 0.9250 0.0000 1.0000
vt 0.9883 0.0000 0.9754
vt 0.9750 0.0000 1.0000
vt 0.0500 0.0000 1.0000
vt 0.0250 0.0000 1.0000
vt 0.0000 0.0000 1.0000
vt 0.1000 0.0000 1.0000
vt 0.0750 0.0000 1.0000
vt 0.1500 0.0000 1.0000
vt 0.1250 0.0000 1.0000
vt 0.2000 0.0000 1.0000
vt 0.1750 0.0000 1.0000
vt 0.2500 0.0000 1.0000
vt 0.2250 0.0000 1.0000
vt 0.3000 0.0000 1.0000
vt 0.2750 0.0000 1.0000
vt 0.3500 0.0000 1.0000
vt 0.3250 0.0000 1.0000
vt 0.4000 0.0000 1.0000
vt 0.3750 0.0000 1.0000
vt 0.4500 0.0000 1.0000
vt 0.4250 0.0000 1.0000
vt 0.5000 0.0000 1.0000
vt 0.4750 0.0000 1.0000
vt 0.5500 0.0000 1.0000
vt 0.5250 0.0000 1.0000
vt 0.6000 0.0000 1.0000
vt 0.5750 0.0000 1.0000
vt 0.6500 0.0000 1.0000
vt 0.6250 0.0000 1.0000
vt 0.7000 0.0000 1.0000
vt 0.6750 0.0000 1.0000
vt 0.7250 0.0000 1.0000
vt 0.7750 1.0000 1.0000
vt 0.7500 1.0000 1.0000
vt 0.8000 1.0000 1.0000
vt 0.8250 1.0000 1.0000
vt 0.8500 1.0000 1.0000
vt 0.8750 1.0000 1.0000
vt 0.9000 1.0000 1.0000
vt 0.9250 1.0000 1.0000
vt 0.9500 1.0000 1.0000
vt 0.9750 1.0000 1.0000
vt -0.0250 0.0000 1.0000
vt 0.0000 1.0000 1.0000
vt -0.0250 1.0000 1.0000
vt 0.0250 1.0000 1.0000
vt 0.0500 1.0000 1.0000
vt 0.0750 1.0000 1.0000
vt 0.1000 1.0000 1.0000
vt 0.1250 1.0000 1.0000
vt 0.1500 1.0000 1.0000
vt 0.1750 1.0000 1.0000
vt 0.2000 1.0000 1.0000
vt 0.2250 1.0000 1.0000
vt 0.2500 1.0000 1.0000
vt 0.2750 1.0000 1.0000
vt 0.3000 1.0000 1.0000
vt 0.3250 1.0000 1.0000
vt 0.3500 1.0000 1.0000
vt 0.3750 1.0000 1.0000
vt 0.4000 1.0000 1.0000
vt 0.4250 1.0000 1.0000
vt 0.4500 1.0000 1.0000
vt 0.4750 1.0000 1.0000
vt 0.5000 1.0000 1.0000
vt 0.5250 1.0000 1.0000
vt 0.5500 1.0000 1.0000
vt 0.5750 1.0000 1.0000
vt 0.6000 1.0000 1.0000
vt 0.6250 1.0000 1.0000
vt 0.6500 1.0000 1.0000
vt 0.6750 1.0000 1.0000
vt 0.7000 1.0000 1.0000
vt 0.7250 1.0000 1.0000
vt 0.5000 1.0000 0.0000
# 85 texture coords

g Cylinder053
usemtl 02___Default
s 1
f -82/-85/-42 -81/-84/-42 -80/-83/-42 -79/-82/-42 
f -82/-85/-42 -78/-81/-42 -77/-80/-42 -81/-84/-42 
f -82/-85/-42 -76/-79/-42 -75/-78/-42 -78/-81/-42 
f -82/-85/-42 -74/-77/-42 -73/-76/-42 -76/-79/-42 
f -82/-85/-42 -72/-75/-42 -71/-74/-42 -74/-77/-42 
f -82/-85/-42 -70/-73/-42 -69/-72/-42 -72/-71/-42 
f -82/-85/-42 -68/-70/-42 -67/-69/-42 -70/-73/-42 
f -82/-85/-42 -66/-68/-42 -65/-67/-42 -68/-70/-42 
f -82/-85/-42 -64/-66/-42 -63/-65/-42 -66/-68/-42 
f -82/-85/-42 -62/-64/-42 -61/-63/-42 -64/-66/-42 
f -82/-85/-42 -60/-62/-42 -59/-61/-42 -62/-64/-42 
f -82/-85/-42 -58/-60/-42 -57/-59/-42 -60/-62/-42 
f -82/-85/-42 -56/-58/-42 -55/-57/-42 -58/-60/-42 
f -82/-85/-42 -54/-56/-42 -53/-55/-42 -56/-58/-42 
f -82/-85/-42 -52/-54/-42 -51/-53/-42 -54/-56/-42 
f -82/-85/-42 -50/-52/-42 -49/-51/-42 -52/-54/-42 
f -82/-85/-42 -48/-50/-42 -47/-49/-42 -50/-52/-42 
f -82/-85/-42 -46/-48/-42 -45/-47/-42 -48/-50/-42 
f -82/-85/-42 -44/-46/-42 -43/-45/-42 -46/-48/-42 
f -82/-85/-42 -79/-82/-42 -42/-44/-42 -44/-46/-42 
s 8
f -79/-82/-41 -80/-83/-40 -41/-43/-40 -40/-42/-41 
f -80/-83/-40 -81/-84/-39 -39/-41/-39 -41/-43/-40 
f -81/-84/-39 -77/-80/-38 -38/-40/-38 -39/-41/-39 
f -77/-80/-38 -78/-81/-37 -37/-39/-37 -38/-40/-38 
f -78/-81/-37 -75/-78/-36 -36/-38/-36 -37/-39/-37 
f -75/-78/-36 -76/-79/-35 -35/-37/-35 -36/-38/-36 
f -76/-79/-35 -73/-76/-34 -34/-36/-34 -35/-37/-35 
f -73/-76/-34 -74/-77/-33 -33/-35/-33 -34/-36/-34 
f -74/-77/-33 -71/-74/-32 -32/-34/-32 -33/-35/-33 
f -71/-33/-32 -72/-71/-31 -31/-32/-31 -32/-31/-32 
f -72/-71/-31 -69/-72/-30 -30/-30/-30 -31/-32/-31 
f -69/-72/-30 -70/-73/-29 -29/-29/-29 -30/-30/-30 
f -70/-73/-29 -67/-69/-28 -28/-28/-28 -29/-29/-29 
f -67/-69/-28 -68/-70/-27 -27/-27/-27 -28/-28/-28 
f -68/-70/-27 -65/-67/-26 -26/-26/-26 -27/-27/-27 
f -65/-67/-26 -66/-68/-25 -25/-25/-25 -26/-26/-26 
f -66/-68/-25 -63/-65/-24 -24/-24/-24 -25/-25/-25 
f -63/-65/-24 -64/-66/-23 -23/-23/-23 -24/-24/-24 
f -64/-66/-23 -61/-63/-22 -22/-22/-22 -23/-23/-23 
f -61/-63/-22 -62/-64/-21 -21/-21/-21 -22/-22/-22 
f -62/-64/-21 -59/-61/-20 -20/-20/-20 -21/-21/-21 
f -59/-61/-20 -60/-62/-19 -19/-19/-19 -20/-20/-20 
f -60/-62/-19 -57/-59/-18 -18/-18/-18 -19/-19/-19 
f -57/-59/-18 -58/-60/-17 -17/-17/-17 -18/-18/-18 
f -58/-60/-17 -55/-57/-16 -16/-16/-16 -17/-17/-17 
f -55/-57/-16 -56/-58/-15 -15/-15/-15 -16/-16/-16 
f -56/-58/-15 -53/-55/-14 -14/-14/-14 -15/-15/-15 
f -53/-55/-14 -54/-56/-13 -13/-13/-13 -14/-14/-14 
f -54/-56/-13 -51/-53/-12 -12/-12/-12 -13/-13/-13 
f -51/-53/-12 -52/-54/-11 -11/-11/-11 -12/-12/-12 
f -52/-54/-11 -49/-51/-10 -10/-10/-10 -11/-11/-11 
f -49/-51/-10 -50/-52/-9 -9/-9/-9 -10/-10/-10 
f -50/-52/-9 -47/-49/-8 -8/-8/-8 -9/-9/-9 
f -47/-49/-8 -48/-50/-7 -7/-7/-7 -8/-8/-8 
f -48/-50/-7 -45/-47/-6 -6/-6/-6 -7/-7/-7 
f -45/-47/-6 -46/-48/-5 -5/-5/-5 -6/-6/-6 
f -46/-48/-5 -43/-45/-4 -4/-4/-4 -5/-5/-5 
f -43/-45/-4 -44/-46/-3 -3/-3/-3 -4/-4/-4 
f -44/-46/-3 -42/-44/-2 -2/-2/-2 -3/-3/-3 
f -42/-44/-2 -79/-82/-41 -40/-42/-41 -2/-2/-2 
s 1
f -1/-1/-1 -2/-2/-1 -40/-42/-1 -41/-43/-1 
f -1/-1/-1 -41/-43/-1 -39/-41/-1 -38/-40/-1 
f -1/-1/-1 -38/-40/-1 -37/-39/-1 -36/-38/-1 
f -1/-1/-1 -36/-38/-1 -35/-37/-1 -34/-36/-1 
f -1/-1/-1 -34/-36/-1 -33/-35/-1 -32/-34/-1 
f -1/-1/-1 -32/-31/-1 -31/-32/-1 -30/-30/-1 
f -1/-1/-1 -30/-30/-1 -29/-29/-1 -28/-28/-1 
f -1/-1/-1 -28/-28/-1 -27/-27/-1 -26/-26/-1 
f -1/-1/-1 -26/-26/-1 -25/-25/-1 -24/-24/-1 
f -1/-1/-1 -24/-24/-1 -23/-23/-1 -22/-22/-1 
f -1/-1/-1 -22/-22/-1 -21/-21/-1 -20/-20/-1 
f -1/-1/-1 -20/-20/-1 -19/-19/-1 -18/-18/-1 
f -1/-1/-1 -18/-18/-1 -17/-17/-1 -16/-16/-1 
f -1/-1/-1 -16/-16/-1 -15/-15/-1 -14/-14/-1 
f -1/-1/-1 -14/-14/-1 -13/-13/-1 -12/-12/-1 
f -1/-1/-1 -12/-12/-1 -11/-11/-1 -10/-10/-1 
f -1/-1/-1 -10/-10/-1 -9/-9/-1 -8/-8/-1 
f -1/-1/-1 -8/-8/-1 -7/-7/-1 -6/-6/-1 
f -1/-1/-1 -6/-6/-1 -5/-5/-1 -4/-4/-1 
f -1/-1/-1 -4/-4/-1 -3/-3/-1 -2/-2/-1 
# 80 polygons

#
# object Cylinder054
#

v  -673106.6875 493993.6563 525528.3750
v  -659548.2500 499787.1250 537108.3125
v  -659026.0000 496926.5000 537554.3750
v  -658850.5000 493993.6563 537704.2500
v  -661573.1875 505013.5000 535378.8750
v  -660404.3125 502505.0938 536377.1875
v  -664727.1250 509161.1875 532685.1875
v  -663026.0625 507250.5625 534138.0625
v  -668701.3125 511824.1563 529290.9375
v  -666634.5000 510698.3125 531056.1250
v  -673106.6875 512741.7500 525528.3750
v  -670876.5625 512510.9375 527433.1250
v  -677512.1250 511824.1563 521765.8125
v  -675336.8750 512510.9375 523623.6563
v  -681486.2500 509161.1875 518371.5625
v  -679578.8750 510698.3125 520000.6250
v  -684640.1875 505013.5000 515677.8750
v  -683187.3125 507250.5625 516918.7188
v  -686665.1250 499787.1250 513948.4063
v  -685809.0625 502505.0938 514679.5625
v  -687362.8750 493993.6563 513352.4688
v  -687187.3750 496926.5000 513502.3750
v  -686665.1250 488200.1563 513948.4063
v  -687187.3750 491060.8125 513502.3750
v  -684640.1875 482973.7813 515677.8750
v  -685809.0000 485482.1875 514679.5625
v  -681486.2500 478826.1250 518371.5625
v  -683187.3125 480736.7500 516918.7188
v  -677512.0625 476163.1563 521765.8438
v  -679578.8125 477288.9688 520000.6563
v  -673106.6875 475245.5625 525528.3750
v  -675336.8125 475476.3750 523623.6563
v  -668701.2500 476163.1875 529290.9375
v  -670876.5000 475476.4063 527433.1250
v  -664727.0625 478826.1563 532685.1875
v  -666634.5000 477289.0000 531056.1250
v  -661573.1875 482973.8438 535378.8750
v  -663026.0000 480736.7813 534138.0625
v  -659548.2500 488200.2188 537108.3750
v  -660404.3125 485482.2188 536377.1875
v  -659026.0000 491060.8438 537554.3750
v  -663574.8125 496926.5000 542880.3125
v  -663399.3125 493993.6563 543030.2500
v  -664097.0625 499787.1250 542434.3125
v  -664953.1250 502505.0938 541703.1250
v  -666122.0000 505013.5000 540704.8125
v  -667574.8125 507250.5625 539464.0000
v  -669275.8750 509161.1875 538011.1250
v  -671183.3125 510698.3125 536382.0625
v  -673250.0625 511824.1563 534616.8750
v  -675425.3125 512510.9375 532759.0625
v  -677655.5000 512741.7500 530854.3125
v  -679885.6250 512510.9375 528949.6250
v  -682060.8750 511824.1563 527091.7500
v  -684127.6250 510698.3125 525326.5625
v  -686035.0625 509161.1875 523697.5313
v  -687736.1250 507250.5625 522244.6563
v  -689189.0000 505013.5000 521003.8125
v  -690357.8125 502505.0938 520005.5313
v  -691213.9375 499787.1250 519274.3750
v  -691736.1250 496926.5000 518828.3438
v  -691911.6875 493993.6563 518678.4375
v  -691736.1250 491060.8125 518828.3438
v  -691213.8750 488200.1563 519274.3750
v  -690357.8125 485482.1875 520005.5313
v  -689188.9375 482973.7813 521003.8438
v  -687736.1250 480736.7500 522244.6875
v  -686035.0625 478826.1250 523697.5313
v  -684127.6250 477288.9688 525326.6250
v  -682060.8750 476163.1563 527091.8125
v  -679885.6250 475476.3750 528949.6250
v  -677655.4375 475245.5625 530854.3750
v  -675425.3125 475476.4063 532759.0625
v  -673250.0625 476163.1875 534616.9375
v  -671183.2500 477289.0000 536382.1250
v  -669275.8750 478826.1563 538011.1875
v  -667574.8125 480736.7813 539464.0000
v  -666121.9375 482973.8438 540704.8750
v  -664953.1250 485482.2188 541703.1250
v  -664097.0000 488200.2188 542434.3125
v  -663574.8125 491060.8438 542880.3125
v  -677655.5000 493993.6563 530854.3125
# 82 vertices

vn 0.6494 0.0000 -0.7604
vn 0.7604 0.0000 0.6494
vn 0.7510 0.1564 0.6415
vn 0.7232 0.3090 0.6177
vn 0.6775 0.4540 0.5787
vn 0.6152 0.5878 0.5254
vn 0.5377 0.7071 0.4592
vn 0.4470 0.8090 0.3817
vn 0.3452 0.8910 0.2948
vn 0.2350 0.9511 0.2007
vn 0.1190 0.9877 0.1016
vn -0.0000 1.0000 -0.0000
vn -0.1190 0.9877 -0.1016
vn -0.2350 0.9511 -0.2007
vn -0.3452 0.8910 -0.2948
vn -0.4470 0.8090 -0.3817
vn -0.5377 0.7071 -0.4592
vn -0.6152 0.5878 -0.5254
vn -0.6775 0.4540 -0.5787
vn -0.7232 0.3090 -0.6177
vn -0.7510 0.1564 -0.6415
vn -0.7604 -0.0000 -0.6494
vn -0.7510 -0.1564 -0.6415
vn -0.7232 -0.3090 -0.6177
vn -0.6775 -0.4540 -0.5787
vn -0.6152 -0.5878 -0.5254
vn -0.5377 -0.7071 -0.4592
vn -0.4470 -0.8090 -0.3817
vn -0.3452 -0.8910 -0.2948
vn -0.2350 -0.9511 -0.2007
vn -0.1190 -0.9877 -0.1016
vn 0.0000 -1.0000 0.0000
vn 0.1190 -0.9877 0.1016
vn 0.2350 -0.9511 0.2007
vn 0.3452 -0.8910 0.2948
vn 0.4470 -0.8090 0.3817
vn 0.5377 -0.7071 0.4592
vn 0.6152 -0.5878 0.5254
vn 0.6775 -0.4540 0.5787
vn 0.7232 -0.3090 0.6177
vn 0.7510 -0.1564 0.6415
vn -0.6494 -0.0000 0.7604
# 42 vertex normals

vt 0.5000 0.0000 0.0000
vt 0.8000 0.0000 1.0000
vt 0.7750 0.0000 1.0000
vt 0.7500 0.0000 1.0000
vt 0.8500 0.0000 1.0000
vt 0.8250 0.0000 1.0000
vt 0.9000 0.0000 1.0000
vt 0.8750 0.0000 1.0000
vt 0.9500 0.0000 1.0000
vt 0.9250 0.0000 1.0000
vt 0.9883 0.0000 0.9754
vt 0.9750 0.0000 1.0000
vt 0.0500 0.0000 1.0000
vt 0.0250 0.0000 1.0000
vt 0.0000 0.0000 1.0000
vt 0.1000 0.0000 1.0000
vt 0.0750 0.0000 1.0000
vt 0.1500 0.0000 1.0000
vt 0.1250 0.0000 1.0000
vt 0.2000 0.0000 1.0000
vt 0.1750 0.0000 1.0000
vt 0.2500 0.0000 1.0000
vt 0.2250 0.0000 1.0000
vt 0.3000 0.0000 1.0000
vt 0.2750 0.0000 1.0000
vt 0.3500 0.0000 1.0000
vt 0.3250 0.0000 1.0000
vt 0.4000 0.0000 1.0000
vt 0.3750 0.0000 1.0000
vt 0.4500 0.0000 1.0000
vt 0.4250 0.0000 1.0000
vt 0.5000 0.0000 1.0000
vt 0.4750 0.0000 1.0000
vt 0.5500 0.0000 1.0000
vt 0.5250 0.0000 1.0000
vt 0.6000 0.0000 1.0000
vt 0.5750 0.0000 1.0000
vt 0.6500 0.0000 1.0000
vt 0.6250 0.0000 1.0000
vt 0.7000 0.0000 1.0000
vt 0.6750 0.0000 1.0000
vt 0.7250 0.0000 1.0000
vt 0.7750 1.0000 1.0000
vt 0.7500 1.0000 1.0000
vt 0.8000 1.0000 1.0000
vt 0.8250 1.0000 1.0000
vt 0.8500 1.0000 1.0000
vt 0.8750 1.0000 1.0000
vt 0.9000 1.0000 1.0000
vt 0.9250 1.0000 1.0000
vt 0.9500 1.0000 1.0000
vt 0.9750 1.0000 1.0000
vt -0.0250 0.0000 1.0000
vt 0.0000 1.0000 1.0000
vt -0.0250 1.0000 1.0000
vt 0.0250 1.0000 1.0000
vt 0.0500 1.0000 1.0000
vt 0.0750 1.0000 1.0000
vt 0.1000 1.0000 1.0000
vt 0.1250 1.0000 1.0000
vt 0.1500 1.0000 1.0000
vt 0.1750 1.0000 1.0000
vt 0.2000 1.0000 1.0000
vt 0.2250 1.0000 1.0000
vt 0.2500 1.0000 1.0000
vt 0.2750 1.0000 1.0000
vt 0.3000 1.0000 1.0000
vt 0.3250 1.0000 1.0000
vt 0.3500 1.0000 1.0000
vt 0.3750 1.0000 1.0000
vt 0.4000 1.0000 1.0000
vt 0.4250 1.0000 1.0000
vt 0.4500 1.0000 1.0000
vt 0.4750 1.0000 1.0000
vt 0.5000 1.0000 1.0000
vt 0.5250 1.0000 1.0000
vt 0.5500 1.0000 1.0000
vt 0.5750 1.0000 1.0000
vt 0.6000 1.0000 1.0000
vt 0.6250 1.0000 1.0000
vt 0.6500 1.0000 1.0000
vt 0.6750 1.0000 1.0000
vt 0.7000 1.0000 1.0000
vt 0.7250 1.0000 1.0000
vt 0.5000 1.0000 0.0000
# 85 texture coords

g Cylinder054
usemtl 02___Default
s 1
f -82/-85/-42 -81/-84/-42 -80/-83/-42 -79/-82/-42 
f -82/-85/-42 -78/-81/-42 -77/-80/-42 -81/-84/-42 
f -82/-85/-42 -76/-79/-42 -75/-78/-42 -78/-81/-42 
f -82/-85/-42 -74/-77/-42 -73/-76/-42 -76/-79/-42 
f -82/-85/-42 -72/-75/-42 -71/-74/-42 -74/-77/-42 
f -82/-85/-42 -70/-73/-42 -69/-72/-42 -72/-71/-42 
f -82/-85/-42 -68/-70/-42 -67/-69/-42 -70/-73/-42 
f -82/-85/-42 -66/-68/-42 -65/-67/-42 -68/-70/-42 
f -82/-85/-42 -64/-66/-42 -63/-65/-42 -66/-68/-42 
f -82/-85/-42 -62/-64/-42 -61/-63/-42 -64/-66/-42 
f -82/-85/-42 -60/-62/-42 -59/-61/-42 -62/-64/-42 
f -82/-85/-42 -58/-60/-42 -57/-59/-42 -60/-62/-42 
f -82/-85/-42 -56/-58/-42 -55/-57/-42 -58/-60/-42 
f -82/-85/-42 -54/-56/-42 -53/-55/-42 -56/-58/-42 
f -82/-85/-42 -52/-54/-42 -51/-53/-42 -54/-56/-42 
f -82/-85/-42 -50/-52/-42 -49/-51/-42 -52/-54/-42 
f -82/-85/-42 -48/-50/-42 -47/-49/-42 -50/-52/-42 
f -82/-85/-42 -46/-48/-42 -45/-47/-42 -48/-50/-42 
f -82/-85/-42 -44/-46/-42 -43/-45/-42 -46/-48/-42 
f -82/-85/-42 -79/-82/-42 -42/-44/-42 -44/-46/-42 
s 8
f -79/-82/-41 -80/-83/-40 -41/-43/-40 -40/-42/-41 
f -80/-83/-40 -81/-84/-39 -39/-41/-39 -41/-43/-40 
f -81/-84/-39 -77/-80/-38 -38/-40/-38 -39/-41/-39 
f -77/-80/-38 -78/-81/-37 -37/-39/-37 -38/-40/-38 
f -78/-81/-37 -75/-78/-36 -36/-38/-36 -37/-39/-37 
f -75/-78/-36 -76/-79/-35 -35/-37/-35 -36/-38/-36 
f -76/-79/-35 -73/-76/-34 -34/-36/-34 -35/-37/-35 
f -73/-76/-34 -74/-77/-33 -33/-35/-33 -34/-36/-34 
f -74/-77/-33 -71/-74/-32 -32/-34/-32 -33/-35/-33 
f -71/-33/-32 -72/-71/-31 -31/-32/-31 -32/-31/-32 
f -72/-71/-31 -69/-72/-30 -30/-30/-30 -31/-32/-31 
f -69/-72/-30 -70/-73/-29 -29/-29/-29 -30/-30/-30 
f -70/-73/-29 -67/-69/-28 -28/-28/-28 -29/-29/-29 
f -67/-69/-28 -68/-70/-27 -27/-27/-27 -28/-28/-28 
f -68/-70/-27 -65/-67/-26 -26/-26/-26 -27/-27/-27 
f -65/-67/-26 -66/-68/-25 -25/-25/-25 -26/-26/-26 
f -66/-68/-25 -63/-65/-24 -24/-24/-24 -25/-25/-25 
f -63/-65/-24 -64/-66/-23 -23/-23/-23 -24/-24/-24 
f -64/-66/-23 -61/-63/-22 -22/-22/-22 -23/-23/-23 
f -61/-63/-22 -62/-64/-21 -21/-21/-21 -22/-22/-22 
f -62/-64/-21 -59/-61/-20 -20/-20/-20 -21/-21/-21 
f -59/-61/-20 -60/-62/-19 -19/-19/-19 -20/-20/-20 
f -60/-62/-19 -57/-59/-18 -18/-18/-18 -19/-19/-19 
f -57/-59/-18 -58/-60/-17 -17/-17/-17 -18/-18/-18 
f -58/-60/-17 -55/-57/-16 -16/-16/-16 -17/-17/-17 
f -55/-57/-16 -56/-58/-15 -15/-15/-15 -16/-16/-16 
f -56/-58/-15 -53/-55/-14 -14/-14/-14 -15/-15/-15 
f -53/-55/-14 -54/-56/-13 -13/-13/-13 -14/-14/-14 
f -54/-56/-13 -51/-53/-12 -12/-12/-12 -13/-13/-13 
f -51/-53/-12 -52/-54/-11 -11/-11/-11 -12/-12/-12 
f -52/-54/-11 -49/-51/-10 -10/-10/-10 -11/-11/-11 
f -49/-51/-10 -50/-52/-9 -9/-9/-9 -10/-10/-10 
f -50/-52/-9 -47/-49/-8 -8/-8/-8 -9/-9/-9 
f -47/-49/-8 -48/-50/-7 -7/-7/-7 -8/-8/-8 
f -48/-50/-7 -45/-47/-6 -6/-6/-6 -7/-7/-7 
f -45/-47/-6 -46/-48/-5 -5/-5/-5 -6/-6/-6 
f -46/-48/-5 -43/-45/-4 -4/-4/-4 -5/-5/-5 
f -43/-45/-4 -44/-46/-3 -3/-3/-3 -4/-4/-4 
f -44/-46/-3 -42/-44/-2 -2/-2/-2 -3/-3/-3 
f -42/-44/-2 -79/-82/-41 -40/-42/-41 -2/-2/-2 
s 1
f -1/-1/-1 -2/-2/-1 -40/-42/-1 -41/-43/-1 
f -1/-1/-1 -41/-43/-1 -39/-41/-1 -38/-40/-1 
f -1/-1/-1 -38/-40/-1 -37/-39/-1 -36/-38/-1 
f -1/-1/-1 -36/-38/-1 -35/-37/-1 -34/-36/-1 
f -1/-1/-1 -34/-36/-1 -33/-35/-1 -32/-34/-1 
f -1/-1/-1 -32/-31/-1 -31/-32/-1 -30/-30/-1 
f -1/-1/-1 -30/-30/-1 -29/-29/-1 -28/-28/-1 
f -1/-1/-1 -28/-28/-1 -27/-27/-1 -26/-26/-1 
f -1/-1/-1 -26/-26/-1 -25/-25/-1 -24/-24/-1 
f -1/-1/-1 -24/-24/-1 -23/-23/-1 -22/-22/-1 
f -1/-1/-1 -22/-22/-1 -21/-21/-1 -20/-20/-1 
f -1/-1/-1 -20/-20/-1 -19/-19/-1 -18/-18/-1 
f -1/-1/-1 -18/-18/-1 -17/-17/-1 -16/-16/-1 
f -1/-1/-1 -16/-16/-1 -15/-15/-1 -14/-14/-1 
f -1/-1/-1 -14/-14/-1 -13/-13/-1 -12/-12/-1 
f -1/-1/-1 -12/-12/-1 -11/-11/-1 -10/-10/-1 
f -1/-1/-1 -10/-10/-1 -9/-9/-1 -8/-8/-1 
f -1/-1/-1 -8/-8/-1 -7/-7/-1 -6/-6/-1 
f -1/-1/-1 -6/-6/-1 -5/-5/-1 -4/-4/-1 
f -1/-1/-1 -4/-4/-1 -3/-3/-1 -2/-2/-1 
# 80 polygons

#
# object Cylinder055
#

v  -200335.3594 494146.9688 -22910.0000
v  -213893.7813 499940.4375 -34489.9688
v  -214416.0156 497079.8125 -34935.9922
v  -214591.5313 494146.9688 -35085.8984
v  -211868.8438 505166.8125 -32760.5078
v  -213037.7031 502658.4063 -33758.8047
v  -208714.9219 509314.5000 -30066.8125
v  -210415.9844 507403.8750 -31519.6602
v  -204740.7500 511977.4688 -26672.5586
v  -206807.5156 510851.6250 -28437.7422
v  -200335.3438 512895.0625 -22909.9980
v  -202565.5000 512664.2188 -24814.7285
v  -195929.9531 511977.4688 -19147.4375
v  -198105.1875 512664.2188 -21005.2676
v  -191955.7813 509314.5000 -15753.1826
v  -193863.1875 510851.6250 -17382.2539
v  -188801.8750 505166.8125 -13059.4883
v  -190254.7188 507403.8750 -14300.3359
v  -186776.9375 499940.4375 -11330.0303
v  -187633.0156 502658.4063 -12061.1924
v  -186079.1875 494146.9688 -10734.1025
v  -186254.7031 497079.8125 -10884.0059
v  -186776.9375 488353.4688 -11330.0371
v  -186254.7188 491214.1250 -10884.0098
v  -188801.8906 483127.0938 -13059.5000
v  -187633.0313 485635.5000 -12061.2021
v  -191955.8125 478979.4375 -15753.1992
v  -190254.7344 480890.0625 -14300.3496
v  -195929.9844 476316.4688 -19147.4551
v  -193863.2188 477442.2813 -17382.2715
v  -200335.3906 475398.8750 -22910.0176
v  -198105.2344 475629.6875 -21005.2871
v  -204740.7813 476316.5000 -26672.5781
v  -202565.5469 475629.7188 -24814.7480
v  -208714.9531 478979.4688 -30066.8301
v  -206807.5469 477442.3125 -28437.7598
v  -211868.8594 483127.1563 -32760.5195
v  -210416.0156 480890.0938 -31519.6758
v  -213893.7969 488353.5313 -34489.9766
v  -213037.7188 485635.5313 -33758.8164
v  -214416.0156 491214.1563 -34935.9961
v  -209867.2188 497079.8125 -40261.9492
v  -210042.7344 494146.9688 -40411.8555
v  -209344.9844 499940.4375 -39815.9219
v  -208488.9063 502658.4063 -39084.7617
v  -207320.0469 505166.8125 -38086.4648
v  -205867.2031 507403.8750 -36845.6172
v  -204166.1250 509314.5000 -35392.7695
v  -202258.7344 510851.6250 -33763.6992
v  -200191.9531 511977.4688 -31998.5156
v  -198016.7188 512664.2188 -30140.6875
v  -195786.5625 512895.0625 -28235.9551
v  -193556.4063 512664.2188 -26331.2246
v  -191381.1563 511977.4688 -24473.3945
v  -189314.3906 510851.6250 -22708.2109
v  -187407.0000 509314.4688 -21079.1406
v  -185705.9219 507403.8750 -19626.2930
v  -184253.0781 505166.8125 -18385.4453
v  -183084.2188 502658.4063 -17387.1504
v  -182228.1406 499940.4375 -16655.9883
v  -181705.9063 497079.8125 -16209.9629
v  -181530.4063 494146.9688 -16060.0605
v  -181705.9219 491214.0938 -16209.9668
v  -182228.1563 488353.4688 -16655.9941
v  -183084.2344 485635.5000 -17387.1602
v  -184253.0938 483127.0938 -18385.4570
v  -185705.9531 480890.0625 -19626.3066
v  -187407.0156 478979.4375 -21079.1563
v  -189314.4219 477442.2813 -22708.2285
v  -191381.1875 476316.4688 -24473.4141
v  -193556.4375 475629.6875 -26331.2441
v  -195786.5938 475398.8750 -28235.9746
v  -198016.7500 475629.7188 -30140.7051
v  -200192.0000 476316.5000 -31998.5352
v  -202258.7656 477442.3125 -33763.7188
v  -204166.1563 478979.4688 -35392.7891
v  -205867.2188 480890.0938 -36845.6328
v  -207320.0625 483127.1563 -38086.4766
v  -208488.9219 485635.5313 -39084.7734
v  -209345.0000 488353.5313 -39815.9297
v  -209867.2188 491214.1563 -40261.9531
v  -195786.5625 494146.9688 -28235.9570
# 82 vertices

vn -0.6494 0.0000 0.7604
vn -0.7604 0.0000 -0.6494
vn -0.7510 0.1564 -0.6415
vn -0.7232 0.3090 -0.6177
vn -0.6775 0.4540 -0.5787
vn -0.6152 0.5878 -0.5254
vn -0.5377 0.7071 -0.4592
vn -0.4470 0.8090 -0.3817
vn -0.3452 0.8910 -0.2948
vn -0.2350 0.9511 -0.2007
vn -0.1190 0.9877 -0.1016
vn 0.0000 1.0000 0.0000
vn 0.0000 1.0000 -0.0000
vn 0.1190 0.9877 0.1016
vn 0.2350 0.9511 0.2007
vn 0.3452 0.8910 0.2948
vn 0.4470 0.8090 0.3817
vn 0.5377 0.7071 0.4592
vn 0.6152 0.5878 0.5254
vn 0.6775 0.4540 0.5787
vn 0.7232 0.3090 0.6177
vn 0.7510 0.1564 0.6415
vn 0.7604 -0.0000 0.6494
vn 0.7510 -0.1564 0.6415
vn 0.7232 -0.3090 0.6177
vn 0.6775 -0.4540 0.5787
vn 0.6152 -0.5878 0.5254
vn 0.5377 -0.7071 0.4592
vn 0.4470 -0.8090 0.3817
vn 0.3452 -0.8910 0.2948
vn 0.2350 -0.9511 0.2007
vn 0.1190 -0.9877 0.1016
vn -0.0000 -1.0000 -0.0000
vn -0.1190 -0.9877 -0.1016
vn -0.2350 -0.9511 -0.2007
vn -0.3452 -0.8910 -0.2948
vn -0.4470 -0.8090 -0.3817
vn -0.5377 -0.7071 -0.4592
vn -0.6152 -0.5878 -0.5254
vn -0.6775 -0.4540 -0.5787
vn -0.7232 -0.3090 -0.6177
vn -0.7510 -0.1564 -0.6415
vn 0.6494 -0.0000 -0.7604
# 43 vertex normals

vt 0.5000 0.0000 0.0000
vt 0.8000 0.0000 1.0000
vt 0.7750 0.0000 1.0000
vt 0.7500 0.0000 1.0000
vt 0.8500 0.0000 1.0000
vt 0.8250 0.0000 1.0000
vt 0.9000 0.0000 1.0000
vt 0.8750 0.0000 1.0000
vt 0.9500 0.0000 1.0000
vt 0.9250 0.0000 1.0000
vt 0.9883 0.0000 0.9754
vt 0.9750 0.0000 1.0000
vt 0.0500 0.0000 1.0000
vt 0.0250 0.0000 1.0000
vt 0.0000 0.0000 1.0000
vt 0.1000 0.0000 1.0000
vt 0.0750 0.0000 1.0000
vt 0.1500 0.0000 1.0000
vt 0.1250 0.0000 1.0000
vt 0.2000 0.0000 1.0000
vt 0.1750 0.0000 1.0000
vt 0.2500 0.0000 1.0000
vt 0.2250 0.0000 1.0000
vt 0.3000 0.0000 1.0000
vt 0.2750 0.0000 1.0000
vt 0.3500 0.0000 1.0000
vt 0.3250 0.0000 1.0000
vt 0.4000 0.0000 1.0000
vt 0.3750 0.0000 1.0000
vt 0.4500 0.0000 1.0000
vt 0.4250 0.0000 1.0000
vt 0.5000 0.0000 1.0000
vt 0.4750 0.0000 1.0000
vt 0.5500 0.0000 1.0000
vt 0.5250 0.0000 1.0000
vt 0.6000 0.0000 1.0000
vt 0.5750 0.0000 1.0000
vt 0.6500 0.0000 1.0000
vt 0.6250 0.0000 1.0000
vt 0.7000 0.0000 1.0000
vt 0.6750 0.0000 1.0000
vt 0.7250 0.0000 1.0000
vt 0.7750 1.0000 1.0000
vt 0.7500 1.0000 1.0000
vt 0.8000 1.0000 1.0000
vt 0.8250 1.0000 1.0000
vt 0.8500 1.0000 1.0000
vt 0.8750 1.0000 1.0000
vt 0.9000 1.0000 1.0000
vt 0.9250 1.0000 1.0000
vt 0.9500 1.0000 1.0000
vt 0.9750 1.0000 1.0000
vt -0.0250 0.0000 1.0000
vt 0.0000 1.0000 1.0000
vt -0.0250 1.0000 1.0000
vt 0.0250 1.0000 1.0000
vt 0.0500 1.0000 1.0000
vt 0.0750 1.0000 1.0000
vt 0.1000 1.0000 1.0000
vt 0.1250 1.0000 1.0000
vt 0.1500 1.0000 1.0000
vt 0.1750 1.0000 1.0000
vt 0.2000 1.0000 1.0000
vt 0.2250 1.0000 1.0000
vt 0.2500 1.0000 1.0000
vt 0.2750 1.0000 1.0000
vt 0.3000 1.0000 1.0000
vt 0.3250 1.0000 1.0000
vt 0.3500 1.0000 1.0000
vt 0.3750 1.0000 1.0000
vt 0.4000 1.0000 1.0000
vt 0.4250 1.0000 1.0000
vt 0.4500 1.0000 1.0000
vt 0.4750 1.0000 1.0000
vt 0.5000 1.0000 1.0000
vt 0.5250 1.0000 1.0000
vt 0.5500 1.0000 1.0000
vt 0.5750 1.0000 1.0000
vt 0.6000 1.0000 1.0000
vt 0.6250 1.0000 1.0000
vt 0.6500 1.0000 1.0000
vt 0.6750 1.0000 1.0000
vt 0.7000 1.0000 1.0000
vt 0.7250 1.0000 1.0000
vt 0.5000 1.0000 0.0000
# 85 texture coords

g Cylinder055
usemtl 02___Default
s 1
f -82/-85/-43 -81/-84/-43 -80/-83/-43 -79/-82/-43 
f -82/-85/-43 -78/-81/-43 -77/-80/-43 -81/-84/-43 
f -82/-85/-43 -76/-79/-43 -75/-78/-43 -78/-81/-43 
f -82/-85/-43 -74/-77/-43 -73/-76/-43 -76/-79/-43 
f -82/-85/-43 -72/-75/-43 -71/-74/-43 -74/-77/-43 
f -82/-85/-43 -70/-73/-43 -69/-72/-43 -72/-71/-43 
f -82/-85/-43 -68/-70/-43 -67/-69/-43 -70/-73/-43 
f -82/-85/-43 -66/-68/-43 -65/-67/-43 -68/-70/-43 
f -82/-85/-43 -64/-66/-43 -63/-65/-43 -66/-68/-43 
f -82/-85/-43 -62/-64/-43 -61/-63/-43 -64/-66/-43 
f -82/-85/-43 -60/-62/-43 -59/-61/-43 -62/-64/-43 
f -82/-85/-43 -58/-60/-43 -57/-59/-43 -60/-62/-43 
f -82/-85/-43 -56/-58/-43 -55/-57/-43 -58/-60/-43 
f -82/-85/-43 -54/-56/-43 -53/-55/-43 -56/-58/-43 
f -82/-85/-43 -52/-54/-43 -51/-53/-43 -54/-56/-43 
f -82/-85/-43 -50/-52/-43 -49/-51/-43 -52/-54/-43 
f -82/-85/-43 -48/-50/-43 -47/-49/-43 -50/-52/-43 
f -82/-85/-43 -46/-48/-43 -45/-47/-43 -48/-50/-43 
f -82/-85/-43 -44/-46/-43 -43/-45/-43 -46/-48/-43 
f -82/-85/-43 -79/-82/-43 -42/-44/-43 -44/-46/-43 
s 8
f -79/-82/-42 -80/-83/-41 -41/-43/-41 -40/-42/-42 
f -80/-83/-41 -81/-84/-40 -39/-41/-40 -41/-43/-41 
f -81/-84/-40 -77/-80/-39 -38/-40/-39 -39/-41/-40 
f -77/-80/-39 -78/-81/-38 -37/-39/-38 -38/-40/-39 
f -78/-81/-38 -75/-78/-37 -36/-38/-37 -37/-39/-38 
f -75/-78/-37 -76/-79/-36 -35/-37/-36 -36/-38/-37 
f -76/-79/-36 -73/-76/-35 -34/-36/-35 -35/-37/-36 
f -73/-76/-35 -74/-77/-34 -33/-35/-34 -34/-36/-35 
f -74/-77/-34 -71/-74/-33 -32/-34/-33 -33/-35/-34 
f -71/-33/-33 -72/-71/-32 -31/-32/-31 -32/-31/-33 
f -72/-71/-32 -69/-72/-30 -30/-30/-30 -31/-32/-31 
f -69/-72/-30 -70/-73/-29 -29/-29/-29 -30/-30/-30 
f -70/-73/-29 -67/-69/-28 -28/-28/-28 -29/-29/-29 
f -67/-69/-28 -68/-70/-27 -27/-27/-27 -28/-28/-28 
f -68/-70/-27 -65/-67/-26 -26/-26/-26 -27/-27/-27 
f -65/-67/-26 -66/-68/-25 -25/-25/-25 -26/-26/-26 
f -66/-68/-25 -63/-65/-24 -24/-24/-24 -25/-25/-25 
f -63/-65/-24 -64/-66/-23 -23/-23/-23 -24/-24/-24 
f -64/-66/-23 -61/-63/-22 -22/-22/-22 -23/-23/-23 
f -61/-63/-22 -62/-64/-21 -21/-21/-21 -22/-22/-22 
f -62/-64/-21 -59/-61/-20 -20/-20/-20 -21/-21/-21 
f -59/-61/-20 -60/-62/-19 -19/-19/-19 -20/-20/-20 
f -60/-62/-19 -57/-59/-18 -18/-18/-18 -19/-19/-19 
f -57/-59/-18 -58/-60/-17 -17/-17/-17 -18/-18/-18 
f -58/-60/-17 -55/-57/-16 -16/-16/-16 -17/-17/-17 
f -55/-57/-16 -56/-58/-15 -15/-15/-15 -16/-16/-16 
f -56/-58/-15 -53/-55/-14 -14/-14/-14 -15/-15/-15 
f -53/-55/-14 -54/-56/-13 -13/-13/-13 -14/-14/-14 
f -54/-56/-13 -51/-53/-12 -12/-12/-12 -13/-13/-13 
f -51/-53/-12 -52/-54/-11 -11/-11/-11 -12/-12/-12 
f -52/-54/-11 -49/-51/-10 -10/-10/-10 -11/-11/-11 
f -49/-51/-10 -50/-52/-9 -9/-9/-9 -10/-10/-10 
f -50/-52/-9 -47/-49/-8 -8/-8/-8 -9/-9/-9 
f -47/-49/-8 -48/-50/-7 -7/-7/-7 -8/-8/-8 
f -48/-50/-7 -45/-47/-6 -6/-6/-6 -7/-7/-7 
f -45/-47/-6 -46/-48/-5 -5/-5/-5 -6/-6/-6 
f -46/-48/-5 -43/-45/-4 -4/-4/-4 -5/-5/-5 
f -43/-45/-4 -44/-46/-3 -3/-3/-3 -4/-4/-4 
f -44/-46/-3 -42/-44/-2 -2/-2/-2 -3/-3/-3 
f -42/-44/-2 -79/-82/-42 -40/-42/-42 -2/-2/-2 
s 1
f -1/-1/-1 -2/-2/-1 -40/-42/-1 -41/-43/-1 
f -1/-1/-1 -41/-43/-1 -39/-41/-1 -38/-40/-1 
f -1/-1/-1 -38/-40/-1 -37/-39/-1 -36/-38/-1 
f -1/-1/-1 -36/-38/-1 -35/-37/-1 -34/-36/-1 
f -1/-1/-1 -34/-36/-1 -33/-35/-1 -32/-34/-1 
f -1/-1/-1 -32/-31/-1 -31/-32/-1 -30/-30/-1 
f -1/-1/-1 -30/-30/-1 -29/-29/-1 -28/-28/-1 
f -1/-1/-1 -28/-28/-1 -27/-27/-1 -26/-26/-1 
f -1/-1/-1 -26/-26/-1 -25/-25/-1 -24/-24/-1 
f -1/-1/-1 -24/-24/-1 -23/-23/-1 -22/-22/-1 
f -1/-1/-1 -22/-22/-1 -21/-21/-1 -20/-20/-1 
f -1/-1/-1 -20/-20/-1 -19/-19/-1 -18/-18/-1 
f -1/-1/-1 -18/-18/-1 -17/-17/-1 -16/-16/-1 
f -1/-1/-1 -16/-16/-1 -15/-15/-1 -14/-14/-1 
f -1/-1/-1 -14/-14/-1 -13/-13/-1 -12/-12/-1 
f -1/-1/-1 -12/-12/-1 -11/-11/-1 -10/-10/-1 
f -1/-1/-1 -10/-10/-1 -9/-9/-1 -8/-8/-1 
f -1/-1/-1 -8/-8/-1 -7/-7/-1 -6/-6/-1 
f -1/-1/-1 -6/-6/-1 -5/-5/-1 -4/-4/-1 
f -1/-1/-1 -4/-4/-1 -3/-3/-1 -2/-2/-1 
# 80 polygons

#
# object Cylinder056
#

v  -78426.1406 419999.7813 315389.7500
v  -119434.1172 419999.7813 373663.0000
v  -128045.1875 419999.7813 366530.5313
v  -135434.4688 419999.7813 358138.7500
v  -99419.6172 419999.7813 383483.0625
v  -109813.2969 419999.7813 379360.6250
v  -77350.1250 419999.7813 386637.6875
v  -88509.0000 419999.7813 385928.8438
v  -55385.9609 419999.7813 382818.0625
v  -66217.7344 419999.7813 385592.1875
v  -35677.1250 419999.7813 372398.0625
v  -45121.5039 419999.7813 378383.6250
v  -20152.8633 419999.7813 356397.7188
v  -27285.3672 419999.7813 365008.7813
v  -10332.7969 419999.7813 336383.1875
v  -14455.2422 419999.7813 346776.8750
v  -7178.1875 419999.7813 314313.6875
v  -7887.0391 419999.7813 325472.5938
v  -10997.8438 419999.7813 292349.5313
v  -8223.7031 419999.7813 303181.3125
v  -21417.8438 419999.7813 272640.6875
v  -15432.2813 419999.7813 282085.0625
v  -37418.2148 419999.7813 257116.4375
v  -28807.1406 419999.7813 264248.9375
v  -57432.7422 419999.7813 247296.3906
v  -47039.0547 419999.7813 251418.8281
v  -79502.2422 419999.7813 244141.8125
v  -68343.3594 419999.7813 244850.6406
v  -101466.4063 419999.7813 247961.4688
v  -90634.6328 419999.7813 245187.3281
v  -121175.2344 419999.7813 258381.4844
v  -111730.8594 419999.7813 252395.9063
v  -136699.4688 419999.7813 274381.8750
v  -129566.9844 419999.7813 265770.7813
v  -146519.5000 419999.7813 294396.4063
v  -142397.0781 419999.7813 284002.6875
v  -149674.0938 419999.7813 316465.9063
v  -148965.2500 419999.7813 305307.0000
v  -145854.4063 419999.7813 338430.0625
v  -148628.5625 419999.7813 327598.2813
v  -141419.9531 419999.7813 348694.5000
v  -128045.1875 439805.8438 366530.5313
v  -135434.4688 439805.8438 358138.7500
v  -119434.1172 439805.8438 373663.0000
v  -109813.2969 439805.8438 379360.6250
v  -99419.6172 439805.8438 383483.0625
v  -88509.0000 439805.8438 385928.8438
v  -77350.1250 439805.8438 386637.6875
v  -66217.7344 439805.8438 385592.1875
v  -55385.9609 439805.8438 382818.0625
v  -45121.5039 439805.8438 378383.6250
v  -35677.1250 439805.8438 372398.0625
v  -27285.3672 439805.8438 365008.7813
v  -20152.8633 439805.8438 356397.7188
v  -14455.2422 439805.8438 346776.8750
v  -10332.7969 439805.8438 336383.1875
v  -7887.0391 439805.8438 325472.5938
v  -7178.1875 439805.8438 314313.6875
v  -8223.7031 439805.8438 303181.3125
v  -10997.8438 439805.8438 292349.5313
v  -15432.2813 439805.8438 282085.0625
v  -21417.8438 439805.8438 272640.6875
v  -28807.1406 439805.8438 264248.9375
v  -37418.2148 439805.8438 257116.4375
v  -47039.0547 439805.8438 251418.8281
v  -57432.7422 439805.8438 247296.3906
v  -68343.3594 439805.8438 244850.6406
v  -79502.2422 439805.8438 244141.8125
v  -90634.6328 439805.8438 245187.3281
v  -101466.4063 439805.8438 247961.4688
v  -111730.8594 439805.8438 252395.9063
v  -121175.2344 439805.8438 258381.4844
v  -129566.9844 439805.8438 265770.7813
v  -136699.4688 439805.8438 274381.8750
v  -142397.0781 439805.8438 284002.6875
v  -146519.5000 439805.8438 294396.4063
v  -148965.2500 439805.8438 305307.0000
v  -149674.0938 439805.8438 316465.9063
v  -148628.5625 439805.8438 327598.2813
v  -145854.4063 439805.8438 338430.0625
v  -141419.9531 439805.8438 348694.5000
v  -78426.1406 439805.8438 315389.7500
# 82 vertices

vn 0.0000 -1.0000 -0.0000
vn -0.8000 0.0000 0.5999
vn -0.6963 0.0000 0.7177
vn -0.5755 0.0000 0.8178
vn -0.4405 0.0000 0.8978
vn -0.2946 0.0000 0.9556
vn -0.1415 0.0000 0.9899
vn 0.0151 0.0000 0.9999
vn 0.1713 0.0000 0.9852
vn 0.3233 0.0000 0.9463
vn 0.4674 0.0000 0.8840
vn 0.5999 0.0000 0.8000
vn 0.7177 0.0000 0.6963
vn 0.8178 0.0000 0.5755
vn 0.8978 0.0000 0.4405
vn 0.9556 0.0000 0.2946
vn 0.9899 0.0000 0.1415
vn 0.9999 0.0000 -0.0151
vn 0.9852 0.0000 -0.1713
vn 0.9463 0.0000 -0.3233
vn 0.8840 0.0000 -0.4674
vn 0.8000 0.0000 -0.5999
vn 0.6963 0.0000 -0.7177
vn 0.5755 0.0000 -0.8178
vn 0.4405 0.0000 -0.8978
vn 0.2946 0.0000 -0.9556
vn 0.1415 0.0000 -0.9899
vn -0.0151 0.0000 -0.9999
vn -0.1713 0.0000 -0.9852
vn -0.3233 0.0000 -0.9463
vn -0.4674 0.0000 -0.8840
vn -0.5999 0.0000 -0.8000
vn -0.7177 0.0000 -0.6963
vn -0.8178 0.0000 -0.5755
vn -0.8978 0.0000 -0.4405
vn -0.9556 0.0000 -0.2946
vn -0.9899 0.0000 -0.1415
vn -0.9999 0.0000 0.0151
vn -0.9852 0.0000 0.1713
vn -0.9463 0.0000 0.3233
vn -0.8840 0.0000 0.4674
vn 0.0000 1.0000 -0.0000
# 42 vertex normals

vt 0.5000 0.0000 0.0000
vt 0.8000 0.0000 1.0000
vt 0.7750 0.0000 1.0000
vt 0.7500 0.0000 1.0000
vt 0.8500 0.0000 1.0000
vt 0.8250 0.0000 1.0000
vt 0.9000 0.0000 1.0000
vt 0.8750 0.0000 1.0000
vt 0.9500 0.0000 1.0000
vt 0.9250 0.0000 1.0000
vt 0.0000 0.0000 1.0000
vt -0.0250 0.0000 1.0000
vt -0.0371 0.0000 0.9754
vt 0.0500 0.0000 1.0000
vt 0.0250 0.0000 1.0000
vt 0.1000 0.0000 1.0000
vt 0.0750 0.0000 1.0000
vt 0.1500 0.0000 1.0000
vt 0.1250 0.0000 1.0000
vt 0.2000 0.0000 1.0000
vt 0.1750 0.0000 1.0000
vt 0.2500 0.0000 1.0000
vt 0.2250 0.0000 1.0000
vt 0.3000 0.0000 1.0000
vt 0.2750 0.0000 1.0000
vt 0.3500 0.0000 1.0000
vt 0.3250 0.0000 1.0000
vt 0.4000 0.0000 1.0000
vt 0.3750 0.0000 1.0000
vt 0.4500 0.0000 1.0000
vt 0.4250 0.0000 1.0000
vt 0.5000 0.0000 1.0000
vt 0.4750 0.0000 1.0000
vt 0.5500 0.0000 1.0000
vt 0.5250 0.0000 1.0000
vt 0.6000 0.0000 1.0000
vt 0.5750 0.0000 1.0000
vt 0.6500 0.0000 1.0000
vt 0.6250 0.0000 1.0000
vt 0.7000 0.0000 1.0000
vt 0.6750 0.0000 1.0000
vt 0.7250 0.0000 1.0000
vt 0.7750 1.0000 1.0000
vt 0.7500 1.0000 1.0000
vt 0.8000 1.0000 1.0000
vt 0.8250 1.0000 1.0000
vt 0.8500 1.0000 1.0000
vt 0.8750 1.0000 1.0000
vt 0.9000 1.0000 1.0000
vt 0.9250 1.0000 1.0000
vt 0.9500 1.0000 1.0000
vt 0.9750 0.0000 1.0000
vt 0.9750 1.0000 1.0000
vt 0.0000 1.0000 1.0000
vt -0.0250 1.0000 1.0000
vt 0.0250 1.0000 1.0000
vt 0.0500 1.0000 1.0000
vt 0.0750 1.0000 1.0000
vt 0.1000 1.0000 1.0000
vt 0.1250 1.0000 1.0000
vt 0.1500 1.0000 1.0000
vt 0.1750 1.0000 1.0000
vt 0.2000 1.0000 1.0000
vt 0.2250 1.0000 1.0000
vt 0.2500 1.0000 1.0000
vt 0.2750 1.0000 1.0000
vt 0.3000 1.0000 1.0000
vt 0.3250 1.0000 1.0000
vt 0.3500 1.0000 1.0000
vt 0.3750 1.0000 1.0000
vt 0.4000 1.0000 1.0000
vt 0.4250 1.0000 1.0000
vt 0.4500 1.0000 1.0000
vt 0.4750 1.0000 1.0000
vt 0.5000 1.0000 1.0000
vt 0.5250 1.0000 1.0000
vt 0.5500 1.0000 1.0000
vt 0.5750 1.0000 1.0000
vt 0.6000 1.0000 1.0000
vt 0.6250 1.0000 1.0000
vt 0.6500 1.0000 1.0000
vt 0.6750 1.0000 1.0000
vt 0.7000 1.0000 1.0000
vt 0.7250 1.0000 1.0000
vt 0.5000 1.0000 0.0000
# 85 texture coords

g Cylinder056
usemtl 02___Default
s 1
f -82/-85/-42 -81/-84/-42 -80/-83/-42 -79/-82/-42 
f -82/-85/-42 -78/-81/-42 -77/-80/-42 -81/-84/-42 
f -82/-85/-42 -76/-79/-42 -75/-78/-42 -78/-81/-42 
f -82/-85/-42 -74/-77/-42 -73/-76/-42 -76/-79/-42 
f -82/-85/-42 -72/-75/-42 -71/-74/-42 -74/-73/-42 
f -82/-85/-42 -70/-72/-42 -69/-71/-42 -72/-75/-42 
f -82/-85/-42 -68/-70/-42 -67/-69/-42 -70/-72/-42 
f -82/-85/-42 -66/-68/-42 -65/-67/-42 -68/-70/-42 
f -82/-85/-42 -64/-66/-42 -63/-65/-42 -66/-68/-42 
f -82/-85/-42 -62/-64/-42 -61/-63/-42 -64/-66/-42 
f -82/-85/-42 -60/-62/-42 -59/-61/-42 -62/-64/-42 
f -82/-85/-42 -58/-60/-42 -57/-59/-42 -60/-62/-42 
f -82/-85/-42 -56/-58/-42 -55/-57/-42 -58/-60/-42 
f -82/-85/-42 -54/-56/-42 -53/-55/-42 -56/-58/-42 
f -82/-85/-42 -52/-54/-42 -51/-53/-42 -54/-56/-42 
f -82/-85/-42 -50/-52/-42 -49/-51/-42 -52/-54/-42 
f -82/-85/-42 -48/-50/-42 -47/-49/-42 -50/-52/-42 
f -82/-85/-42 -46/-48/-42 -45/-47/-42 -48/-50/-42 
f -82/-85/-42 -44/-46/-42 -43/-45/-42 -46/-48/-42 
f -82/-85/-42 -79/-82/-42 -42/-44/-42 -44/-46/-42 
s 8
f -79/-82/-41 -80/-83/-40 -41/-43/-40 -40/-42/-41 
f -80/-83/-40 -81/-84/-39 -39/-41/-39 -41/-43/-40 
f -81/-84/-39 -77/-80/-38 -38/-40/-38 -39/-41/-39 
f -77/-80/-38 -78/-81/-37 -37/-39/-37 -38/-40/-38 
f -78/-81/-37 -75/-78/-36 -36/-38/-36 -37/-39/-37 
f -75/-78/-36 -76/-79/-35 -35/-37/-35 -36/-38/-36 
f -76/-79/-35 -73/-76/-34 -34/-36/-34 -35/-37/-35 
f -73/-76/-34 -74/-77/-33 -33/-35/-33 -34/-36/-34 
f -74/-77/-33 -71/-34/-32 -32/-33/-32 -33/-35/-33 
f -71/-74/-32 -72/-75/-31 -31/-32/-31 -32/-31/-32 
f -72/-75/-31 -69/-71/-30 -30/-30/-30 -31/-32/-31 
f -69/-71/-30 -70/-72/-29 -29/-29/-29 -30/-30/-30 
f -70/-72/-29 -67/-69/-28 -28/-28/-28 -29/-29/-29 
f -67/-69/-28 -68/-70/-27 -27/-27/-27 -28/-28/-28 
f -68/-70/-27 -65/-67/-26 -26/-26/-26 -27/-27/-27 
f -65/-67/-26 -66/-68/-25 -25/-25/-25 -26/-26/-26 
f -66/-68/-25 -63/-65/-24 -24/-24/-24 -25/-25/-25 
f -63/-65/-24 -64/-66/-23 -23/-23/-23 -24/-24/-24 
f -64/-66/-23 -61/-63/-22 -22/-22/-22 -23/-23/-23 
f -61/-63/-22 -62/-64/-21 -21/-21/-21 -22/-22/-22 
f -62/-64/-21 -59/-61/-20 -20/-20/-20 -21/-21/-21 
f -59/-61/-20 -60/-62/-19 -19/-19/-19 -20/-20/-20 
f -60/-62/-19 -57/-59/-18 -18/-18/-18 -19/-19/-19 
f -57/-59/-18 -58/-60/-17 -17/-17/-17 -18/-18/-18 
f -58/-60/-17 -55/-57/-16 -16/-16/-16 -17/-17/-17 
f -55/-57/-16 -56/-58/-15 -15/-15/-15 -16/-16/-16 
f -56/-58/-15 -53/-55/-14 -14/-14/-14 -15/-15/-15 
f -53/-55/-14 -54/-56/-13 -13/-13/-13 -14/-14/-14 
f -54/-56/-13 -51/-53/-12 -12/-12/-12 -13/-13/-13 
f -51/-53/-12 -52/-54/-11 -11/-11/-11 -12/-12/-12 
f -52/-54/-11 -49/-51/-10 -10/-10/-10 -11/-11/-11 
f -49/-51/-10 -50/-52/-9 -9/-9/-9 -10/-10/-10 
f -50/-52/-9 -47/-49/-8 -8/-8/-8 -9/-9/-9 
f -47/-49/-8 -48/-50/-7 -7/-7/-7 -8/-8/-8 
f -48/-50/-7 -45/-47/-6 -6/-6/-6 -7/-7/-7 
f -45/-47/-6 -46/-48/-5 -5/-5/-5 -6/-6/-6 
f -46/-48/-5 -43/-45/-4 -4/-4/-4 -5/-5/-5 
f -43/-45/-4 -44/-46/-3 -3/-3/-3 -4/-4/-4 
f -44/-46/-3 -42/-44/-2 -2/-2/-2 -3/-3/-3 
f -42/-44/-2 -79/-82/-41 -40/-42/-41 -2/-2/-2 
s 1
f -1/-1/-1 -2/-2/-1 -40/-42/-1 -41/-43/-1 
f -1/-1/-1 -41/-43/-1 -39/-41/-1 -38/-40/-1 
f -1/-1/-1 -38/-40/-1 -37/-39/-1 -36/-38/-1 
f -1/-1/-1 -36/-38/-1 -35/-37/-1 -34/-36/-1 
f -1/-1/-1 -34/-36/-1 -33/-35/-1 -32/-33/-1 
f -1/-1/-1 -32/-31/-1 -31/-32/-1 -30/-30/-1 
f -1/-1/-1 -30/-30/-1 -29/-29/-1 -28/-28/-1 
f -1/-1/-1 -28/-28/-1 -27/-27/-1 -26/-26/-1 
f -1/-1/-1 -26/-26/-1 -25/-25/-1 -24/-24/-1 
f -1/-1/-1 -24/-24/-1 -23/-23/-1 -22/-22/-1 
f -1/-1/-1 -22/-22/-1 -21/-21/-1 -20/-20/-1 
f -1/-1/-1 -20/-20/-1 -19/-19/-1 -18/-18/-1 
f -1/-1/-1 -18/-18/-1 -17/-17/-1 -16/-16/-1 
f -1/-1/-1 -16/-16/-1 -15/-15/-1 -14/-14/-1 
f -1/-1/-1 -14/-14/-1 -13/-13/-1 -12/-12/-1 
f -1/-1/-1 -12/-12/-1 -11/-11/-1 -10/-10/-1 
f -1/-1/-1 -10/-10/-1 -9/-9/-1 -8/-8/-1 
f -1/-1/-1 -8/-8/-1 -7/-7/-1 -6/-6/-1 
f -1/-1/-1 -6/-6/-1 -5/-5/-1 -4/-4/-1 
f -1/-1/-1 -4/-4/-1 -3/-3/-1 -2/-2/-1 
# 80 polygons

#
# object Cylinder057
#

v  -408144.4375 494382.4688 -109578.5000
v  -425919.9688 500175.9375 -110977.4609
v  -426604.6250 497315.3125 -111031.3438
v  -426834.7188 494382.4688 -111049.4531
v  -423265.1875 505402.3125 -110768.5313
v  -424797.6250 502893.9375 -110889.1328
v  -419130.3125 509550.0000 -110443.1094
v  -421360.4688 507639.3750 -110618.6250
v  -413920.0625 512212.9688 -110033.0547
v  -416629.6563 511087.1250 -110246.3047
v  -408144.4375 513130.5625 -109578.5000
v  -411068.2500 512899.7500 -109808.6094
v  -402368.8125 512212.9688 -109123.9531
v  -405220.6250 512899.7500 -109348.3906
v  -397158.5625 509550.0000 -108713.8906
v  -399659.2188 511087.1250 -108910.7031
v  -393023.6563 505402.3125 -108388.4688
v  -394928.4063 507639.3750 -108538.3750
v  -390368.9063 500175.9375 -108179.5391
v  -391491.2500 502893.9063 -108267.8672
v  -389454.1563 494382.4688 -108107.5469
v  -389684.2500 497315.3125 -108125.6563
v  -390368.9063 488588.9688 -108179.5391
v  -389684.2500 491449.5938 -108125.6563
v  -393023.6875 483362.5938 -108388.4688
v  -391491.2813 485871.0000 -108267.8672
v  -397158.5625 479214.9375 -108713.8906
v  -394928.4063 481125.5625 -108538.3750
v  -402368.8438 476551.9688 -109123.9531
v  -399659.2500 477677.7813 -108910.7031
v  -408144.4688 475634.3750 -109578.5000
v  -405220.6563 475865.1875 -109348.3906
v  -413920.0938 476552.0000 -110033.0547
v  -411068.2813 475865.2188 -109808.6094
v  -419130.3438 479214.9688 -110443.1094
v  -416629.6875 477677.8125 -110246.3047
v  -423265.2188 483362.6563 -110768.5313
v  -421360.5000 481125.5938 -110618.6250
v  -425919.9688 488589.0313 -110977.4609
v  -424797.6250 485871.0313 -110889.1328
v  -426604.6250 491449.6563 -111031.3438
v  -426055.0938 497315.3125 -118013.8438
v  -426285.1875 494382.4688 -118031.9531
v  -425370.4375 500175.9375 -117959.9609
v  -424248.0938 502893.9375 -117871.6328
v  -422715.6563 505402.3125 -117751.0313
v  -420810.9375 507639.3750 -117601.1250
v  -418580.7813 509550.0000 -117425.6094
v  -416080.1250 511087.1250 -117228.7969
v  -413370.5313 512212.9688 -117015.5469
v  -410518.7188 512899.7500 -116791.1094
v  -407594.9063 513130.5625 -116561.0000
v  -404671.0938 512899.7500 -116330.8906
v  -401819.2813 512212.9688 -116106.4453
v  -399109.6875 511087.1250 -115893.1953
v  -396609.0000 509550.0000 -115696.3906
v  -394378.8750 507639.3750 -115520.8750
v  -392474.1250 505402.3125 -115370.9688
v  -390941.7188 502893.9063 -115250.3672
v  -389819.3750 500175.9375 -115162.0391
v  -389134.7188 497315.3125 -115108.1484
v  -388904.6250 494382.4688 -115090.0391
v  -389134.7188 491449.5938 -115108.1563
v  -389819.3750 488588.9688 -115162.0391
v  -390941.7500 485871.0000 -115250.3672
v  -392474.1563 483362.5938 -115370.9688
v  -394378.8750 481125.5625 -115520.8750
v  -396609.0313 479214.9375 -115696.3906
v  -399109.7188 477677.7813 -115893.2031
v  -401819.3125 476551.9688 -116106.4531
v  -404671.1250 475865.1875 -116330.8906
v  -407594.9375 475634.3750 -116561.0000
v  -410518.7500 475865.2188 -116791.1094
v  -413370.5625 476552.0000 -117015.5547
v  -416080.1563 477677.8125 -117228.8047
v  -418580.8125 479214.9688 -117425.6094
v  -420810.9688 481125.5938 -117601.1250
v  -422715.6875 483362.6563 -117751.0313
v  -424248.0938 485871.0313 -117871.6328
v  -425370.4375 488589.0313 -117959.9609
v  -426055.0938 491449.6563 -118013.8438
v  -407594.9063 494382.4688 -116561.0000
# 82 vertices

vn -0.0785 0.0000 0.9969
vn -0.9969 0.0000 -0.0785
vn -0.9846 0.1564 -0.0775
vn -0.9481 0.3090 -0.0746
vn -0.8883 0.4540 -0.0699
vn -0.8065 0.5878 -0.0635
vn -0.7049 0.7071 -0.0555
vn -0.5860 0.8090 -0.0461
vn -0.4526 0.8910 -0.0356
vn -0.3081 0.9511 -0.0242
vn -0.1560 0.9877 -0.0123
vn 0.0000 1.0000 -0.0000
vn 0.1560 0.9877 0.0123
vn 0.3081 0.9511 0.0242
vn 0.4526 0.8910 0.0356
vn 0.5860 0.8090 0.0461
vn 0.7049 0.7071 0.0555
vn 0.8065 0.5878 0.0635
vn 0.8883 0.4540 0.0699
vn 0.9481 0.3090 0.0746
vn 0.9846 0.1564 0.0775
vn 0.9969 -0.0000 0.0785
vn 0.9846 -0.1564 0.0775
vn 0.9481 -0.3090 0.0746
vn 0.8883 -0.4540 0.0699
vn 0.8065 -0.5878 0.0635
vn 0.7049 -0.7071 0.0555
vn 0.5860 -0.8090 0.0461
vn 0.4526 -0.8910 0.0356
vn 0.3081 -0.9511 0.0242
vn 0.1560 -0.9877 0.0123
vn -0.0000 -1.0000 -0.0000
vn -0.1560 -0.9877 -0.0123
vn -0.3081 -0.9511 -0.0242
vn -0.4526 -0.8910 -0.0356
vn -0.5860 -0.8090 -0.0461
vn -0.7049 -0.7071 -0.0555
vn -0.8065 -0.5878 -0.0635
vn -0.8883 -0.4540 -0.0699
vn -0.9481 -0.3090 -0.0746
vn -0.9846 -0.1564 -0.0775
vn 0.0785 -0.0000 -0.9969
# 42 vertex normals

vt 0.5000 0.0000 0.0000
vt 0.8000 0.0000 1.0000
vt 0.7750 0.0000 1.0000
vt 0.7500 0.0000 1.0000
vt 0.8500 0.0000 1.0000
vt 0.8250 0.0000 1.0000
vt 0.9000 0.0000 1.0000
vt 0.8750 0.0000 1.0000
vt 0.9500 0.0000 1.0000
vt 0.9250 0.0000 1.0000
vt 0.9883 0.0000 0.9754
vt 0.9750 0.0000 1.0000
vt 0.0500 0.0000 1.0000
vt 0.0250 0.0000 1.0000
vt 0.0000 0.0000 1.0000
vt 0.1000 0.0000 1.0000
vt 0.0750 0.0000 1.0000
vt 0.1500 0.0000 1.0000
vt 0.1250 0.0000 1.0000
vt 0.2000 0.0000 1.0000
vt 0.1750 0.0000 1.0000
vt 0.2500 0.0000 1.0000
vt 0.2250 0.0000 1.0000
vt 0.3000 0.0000 1.0000
vt 0.2750 0.0000 1.0000
vt 0.3500 0.0000 1.0000
vt 0.3250 0.0000 1.0000
vt 0.4000 0.0000 1.0000
vt 0.3750 0.0000 1.0000
vt 0.4500 0.0000 1.0000
vt 0.4250 0.0000 1.0000
vt 0.5000 0.0000 1.0000
vt 0.4750 0.0000 1.0000
vt 0.5500 0.0000 1.0000
vt 0.5250 0.0000 1.0000
vt 0.6000 0.0000 1.0000
vt 0.5750 0.0000 1.0000
vt 0.6500 0.0000 1.0000
vt 0.6250 0.0000 1.0000
vt 0.7000 0.0000 1.0000
vt 0.6750 0.0000 1.0000
vt 0.7250 0.0000 1.0000
vt 0.7750 1.0000 1.0000
vt 0.7500 1.0000 1.0000
vt 0.8000 1.0000 1.0000
vt 0.8250 1.0000 1.0000
vt 0.8500 1.0000 1.0000
vt 0.8750 1.0000 1.0000
vt 0.9000 1.0000 1.0000
vt 0.9250 1.0000 1.0000
vt 0.9500 1.0000 1.0000
vt 0.9750 1.0000 1.0000
vt -0.0250 0.0000 1.0000
vt 0.0000 1.0000 1.0000
vt -0.0250 1.0000 1.0000
vt 0.0250 1.0000 1.0000
vt 0.0500 1.0000 1.0000
vt 0.0750 1.0000 1.0000
vt 0.1000 1.0000 1.0000
vt 0.1250 1.0000 1.0000
vt 0.1500 1.0000 1.0000
vt 0.1750 1.0000 1.0000
vt 0.2000 1.0000 1.0000
vt 0.2250 1.0000 1.0000
vt 0.2500 1.0000 1.0000
vt 0.2750 1.0000 1.0000
vt 0.3000 1.0000 1.0000
vt 0.3250 1.0000 1.0000
vt 0.3500 1.0000 1.0000
vt 0.3750 1.0000 1.0000
vt 0.4000 1.0000 1.0000
vt 0.4250 1.0000 1.0000
vt 0.4500 1.0000 1.0000
vt 0.4750 1.0000 1.0000
vt 0.5000 1.0000 1.0000
vt 0.5250 1.0000 1.0000
vt 0.5500 1.0000 1.0000
vt 0.5750 1.0000 1.0000
vt 0.6000 1.0000 1.0000
vt 0.6250 1.0000 1.0000
vt 0.6500 1.0000 1.0000
vt 0.6750 1.0000 1.0000
vt 0.7000 1.0000 1.0000
vt 0.7250 1.0000 1.0000
vt 0.5000 1.0000 0.0000
# 85 texture coords

g Cylinder057
usemtl 02___Default
s 1
f -82/-85/-42 -81/-84/-42 -80/-83/-42 -79/-82/-42 
f -82/-85/-42 -78/-81/-42 -77/-80/-42 -81/-84/-42 
f -82/-85/-42 -76/-79/-42 -75/-78/-42 -78/-81/-42 
f -82/-85/-42 -74/-77/-42 -73/-76/-42 -76/-79/-42 
f -82/-85/-42 -72/-75/-42 -71/-74/-42 -74/-77/-42 
f -82/-85/-42 -70/-73/-42 -69/-72/-42 -72/-71/-42 
f -82/-85/-42 -68/-70/-42 -67/-69/-42 -70/-73/-42 
f -82/-85/-42 -66/-68/-42 -65/-67/-42 -68/-70/-42 
f -82/-85/-42 -64/-66/-42 -63/-65/-42 -66/-68/-42 
f -82/-85/-42 -62/-64/-42 -61/-63/-42 -64/-66/-42 
f -82/-85/-42 -60/-62/-42 -59/-61/-42 -62/-64/-42 
f -82/-85/-42 -58/-60/-42 -57/-59/-42 -60/-62/-42 
f -82/-85/-42 -56/-58/-42 -55/-57/-42 -58/-60/-42 
f -82/-85/-42 -54/-56/-42 -53/-55/-42 -56/-58/-42 
f -82/-85/-42 -52/-54/-42 -51/-53/-42 -54/-56/-42 
f -82/-85/-42 -50/-52/-42 -49/-51/-42 -52/-54/-42 
f -82/-85/-42 -48/-50/-42 -47/-49/-42 -50/-52/-42 
f -82/-85/-42 -46/-48/-42 -45/-47/-42 -48/-50/-42 
f -82/-85/-42 -44/-46/-42 -43/-45/-42 -46/-48/-42 
f -82/-85/-42 -79/-82/-42 -42/-44/-42 -44/-46/-42 
s 8
f -79/-82/-41 -80/-83/-40 -41/-43/-40 -40/-42/-41 
f -80/-83/-40 -81/-84/-39 -39/-41/-39 -41/-43/-40 
f -81/-84/-39 -77/-80/-38 -38/-40/-38 -39/-41/-39 
f -77/-80/-38 -78/-81/-37 -37/-39/-37 -38/-40/-38 
f -78/-81/-37 -75/-78/-36 -36/-38/-36 -37/-39/-37 
f -75/-78/-36 -76/-79/-35 -35/-37/-35 -36/-38/-36 
f -76/-79/-35 -73/-76/-34 -34/-36/-34 -35/-37/-35 
f -73/-76/-34 -74/-77/-33 -33/-35/-33 -34/-36/-34 
f -74/-77/-33 -71/-74/-32 -32/-34/-32 -33/-35/-33 
f -71/-33/-32 -72/-71/-31 -31/-32/-31 -32/-31/-32 
f -72/-71/-31 -69/-72/-30 -30/-30/-30 -31/-32/-31 
f -69/-72/-30 -70/-73/-29 -29/-29/-29 -30/-30/-30 
f -70/-73/-29 -67/-69/-28 -28/-28/-28 -29/-29/-29 
f -67/-69/-28 -68/-70/-27 -27/-27/-27 -28/-28/-28 
f -68/-70/-27 -65/-67/-26 -26/-26/-26 -27/-27/-27 
f -65/-67/-26 -66/-68/-25 -25/-25/-25 -26/-26/-26 
f -66/-68/-25 -63/-65/-24 -24/-24/-24 -25/-25/-25 
f -63/-65/-24 -64/-66/-23 -23/-23/-23 -24/-24/-24 
f -64/-66/-23 -61/-63/-22 -22/-22/-22 -23/-23/-23 
f -61/-63/-22 -62/-64/-21 -21/-21/-21 -22/-22/-22 
f -62/-64/-21 -59/-61/-20 -20/-20/-20 -21/-21/-21 
f -59/-61/-20 -60/-62/-19 -19/-19/-19 -20/-20/-20 
f -60/-62/-19 -57/-59/-18 -18/-18/-18 -19/-19/-19 
f -57/-59/-18 -58/-60/-17 -17/-17/-17 -18/-18/-18 
f -58/-60/-17 -55/-57/-16 -16/-16/-16 -17/-17/-17 
f -55/-57/-16 -56/-58/-15 -15/-15/-15 -16/-16/-16 
f -56/-58/-15 -53/-55/-14 -14/-14/-14 -15/-15/-15 
f -53/-55/-14 -54/-56/-13 -13/-13/-13 -14/-14/-14 
f -54/-56/-13 -51/-53/-12 -12/-12/-12 -13/-13/-13 
f -51/-53/-12 -52/-54/-11 -11/-11/-11 -12/-12/-12 
f -52/-54/-11 -49/-51/-10 -10/-10/-10 -11/-11/-11 
f -49/-51/-10 -50/-52/-9 -9/-9/-9 -10/-10/-10 
f -50/-52/-9 -47/-49/-8 -8/-8/-8 -9/-9/-9 
f -47/-49/-8 -48/-50/-7 -7/-7/-7 -8/-8/-8 
f -48/-50/-7 -45/-47/-6 -6/-6/-6 -7/-7/-7 
f -45/-47/-6 -46/-48/-5 -5/-5/-5 -6/-6/-6 
f -46/-48/-5 -43/-45/-4 -4/-4/-4 -5/-5/-5 
f -43/-45/-4 -44/-46/-3 -3/-3/-3 -4/-4/-4 
f -44/-46/-3 -42/-44/-2 -2/-2/-2 -3/-3/-3 
f -42/-44/-2 -79/-82/-41 -40/-42/-41 -2/-2/-2 
s 1
f -1/-1/-1 -2/-2/-1 -40/-42/-1 -41/-43/-1 
f -1/-1/-1 -41/-43/-1 -39/-41/-1 -38/-40/-1 
f -1/-1/-1 -38/-40/-1 -37/-39/-1 -36/-38/-1 
f -1/-1/-1 -36/-38/-1 -35/-37/-1 -34/-36/-1 
f -1/-1/-1 -34/-36/-1 -33/-35/-1 -32/-34/-1 
f -1/-1/-1 -32/-31/-1 -31/-32/-1 -30/-30/-1 
f -1/-1/-1 -30/-30/-1 -29/-29/-1 -28/-28/-1 
f -1/-1/-1 -28/-28/-1 -27/-27/-1 -26/-26/-1 
f -1/-1/-1 -26/-26/-1 -25/-25/-1 -24/-24/-1 
f -1/-1/-1 -24/-24/-1 -23/-23/-1 -22/-22/-1 
f -1/-1/-1 -22/-22/-1 -21/-21/-1 -20/-20/-1 
f -1/-1/-1 -20/-20/-1 -19/-19/-1 -18/-18/-1 
f -1/-1/-1 -18/-18/-1 -17/-17/-1 -16/-16/-1 
f -1/-1/-1 -16/-16/-1 -15/-15/-1 -14/-14/-1 
f -1/-1/-1 -14/-14/-1 -13/-13/-1 -12/-12/-1 
f -1/-1/-1 -12/-12/-1 -11/-11/-1 -10/-10/-1 
f -1/-1/-1 -10/-10/-1 -9/-9/-1 -8/-8/-1 
f -1/-1/-1 -8/-8/-1 -7/-7/-1 -6/-6/-1 
f -1/-1/-1 -6/-6/-1 -5/-5/-1 -4/-4/-1 
f -1/-1/-1 -4/-4/-1 -3/-3/-1 -2/-2/-1 
# 80 polygons

